eval/mean_ep_length,time/total_timesteps,eval/mean_reward,time/time_elapsed,rollout/ep_rew_mean,rollout/ep_len_mean,time/iterations,time/fps,train/explained_variance,train/policy_gradient_loss,train/loss,train/learning_rate,train/n_updates,train/std,train/clip_range,train/entropy_loss,train/clip_fraction,train/value_loss,train/approx_kl
5.0,40,-25.0,,,,,,,,,,,,,,,,
,40,,65,7.7807445,3.6,1,0,,,,,,,,,,,
3.0,80,15.737947940826416,,,,,,0.0009565949440002441,-0.022097193677313953,130.39349365234375,0.0003,10,0.9942597150802612,0.2,-4.24706169962883,0.19250000398606062,388.5618072271347,0.01774012
,80,,85,5.82852176,3.12,2,0,,,,,,,,,,,
5.0,120,-25.0,,,,,,0.012537598609924316,-0.028862172418575936,64.44441223144531,0.0003,20,0.9865865707397461,0.2,-4.2276613175868984,0.1775000037625432,1006.7765227794647,0.031512506
,120,,109,4.381977829268292,2.926829268292683,3,1,,,,,,,,,,,
5.0,160,93.84424141049385,,,,,,0.0178983211517334,-0.026556429482288913,230.27288818359375,0.0003,30,0.9844098091125488,0.2,-4.211314803361892,0.22750000488013028,256.72785185575486,0.008120613
,160,,127,10.952104092592593,2.9444444444444446,4,1,,,,,,,,,,,
2.0,200,17.780357360839844,,,,,,0.0024396181106567383,-0.012640550061259992,544.250244140625,0.0003,40,0.9842202067375183,0.2,-4.209568291902542,0.10250000208616257,2604.0415984153747,0.012282167
,200,,189,12.253014289855072,2.898550724637681,5,1,,,,,,,,,,,
5.0,240,13.36280870437622,,,,,,-0.0025701522827148438,-0.009656839437266173,596.4639892578125,0.0003,50,0.9856512546539307,0.2,-4.211797076463699,0.10250000171363353,1121.9600095748901,0.018158756
,240,,255,10.96037143678161,2.7586206896551726,6,0,,,,,,,,,,,
3.0,280,25.885723114013672,,,,,,-0.006346702575683594,-0.01750675485658575,45.88978958129883,0.0003,60,0.9825912714004517,0.2,-4.209313952922821,0.20500000417232514,449.4236433982849,0.015621264
,280,,276,11.054264220000002,2.66,7,1,,,,,,,,,,,
5.0,320,133.36349296569824,,,,,,-0.045654892921447754,-0.0306179404204886,446.0460510253906,0.0003,70,0.9801324605941772,0.2,-4.200841534137726,0.24000000450760126,490.32004804611205,0.016131347
,320,,474,11.65645341,2.42,8,0,,,,,,,,,,,
2.0,360,7.908924102783203,,,,,,0.000913083553314209,-0.01412049360050105,529.19775390625,0.0003,80,0.9780117869377136,0.2,-4.19518358707428,0.3100000059232116,1131.6885001182557,0.032605045
,360,,492,17.60816429,2.44,9,0,,,,,,,,,,,
2.0,400,32.18204879760742,,,,,,0.015483558177947998,-0.009511322004345856,843.8378295898438,0.0003,90,0.9769266843795776,0.2,-4.1883919656276705,0.052500000782310964,2015.9891107559204,0.00742036
,400,,555,18.3063084,2.35,10,0,,,,,,,,,,,
3.0,440,16.45803451538086,,,,,,0.017377793788909912,-0.004915870074396489,225.00306701660156,0.0003,100,0.977254331111908,0.2,-4.186840265989304,0.007500000111758709,5309.086226272583,0.0031940565
,440,,591,21.39395766,2.35,11,0,,,,,,,,,,,
5.0,480,92.01824569702148,,,,,,0.01839601993560791,-0.016727300520051357,215.45628356933594,0.0003,110,0.9744706153869629,0.2,-4.184033519029617,0.16000000424683095,2174.0096727371215,0.013033972
,480,,609,26.869333839999996,2.47,12,0,,,,,,,,,,,
5.0,520,-25.0,,,,,,0.006197512149810791,-0.014362804018801389,454.4591369628906,0.0003,120,0.9742664098739624,0.2,-4.178826177120209,0.030000000447034835,3264.8634506225585,0.010090006
,520,,631,28.288006409999998,2.46,13,0,,,,,,,,,,,
3.0,560,24.45564079284668,,,,,,-0.05723857879638672,-0.015383501706601254,659.3016357421875,0.0003,130,0.9752049446105957,0.2,-4.17927508354187,0.08750000167638064,1274.3526500701905,0.014017303
,560,,650,32.2820105,2.59,14,0,,,,,,,,,,,
1.0,600,-5.0,,,,,,-0.03943479061126709,-0.024661456650928802,732.9098510742188,0.0003,140,0.9747719764709473,0.2,-4.18025574684143,0.2425000060349703,1404.6201599121093,0.025952931
,600,,889,33.14514836,2.73,15,0,,,,,,,,,,,
5.0,640,100.94136810302734,,,,,,-0.10335993766784668,-0.02427681206172565,1078.537841796875,0.0003,150,0.9750353097915649,0.2,-4.180545377731323,0.09500000178813935,1607.3510982513428,0.013243135
,640,,911,32.56697983,2.75,16,0,,,,,,,,,,,
5.0,680,23.099635124206543,,,,,,-0.08128643035888672,-0.009724461158020859,837.900390625,0.0003,160,0.9791067838668823,0.2,-4.185436975955963,0.09750000145286322,1211.2649269104004,0.011006029
,680,,986,29.342597410000003,2.72,17,0,,,,,,,,,,,
5.0,720,149.88563919067383,,,,,,-0.04872572422027588,0.011074732728520775,176.7096405029297,0.0003,170,0.9813176989555359,0.2,-4.197630667686463,0.1375000026077032,1191.141569519043,0.0058779195
,720,,1057,27.994408380000003,2.69,18,0,,,,,,,,,,,
5.0,760,52.37395477294922,,,,,,-0.026265978813171387,-0.054948651115246314,2058.157958984375,0.0003,180,0.979214072227478,0.2,-4.196230429410934,0.3100000085309148,1887.9506189346314,0.03617575
,760,,1076,31.772706780000004,2.75,19,0,,,,,,,,,,,
1.0,800,-5.0,,,,,,-0.008945584297180176,0.02120933303685888,1536.2052001953125,0.0003,190,0.9779610633850098,0.2,-4.189979404211044,0.2425000049173832,4579.56860961914,0.015943743
,800,,1095,33.77003541,2.76,20,0,,,,,,,,,,,
2.0,840,14.66212272644043,,,,,,-0.0555957555770874,-0.03150465152630204,372.5734558105469,0.0003,200,0.9774650931358337,0.2,-4.18763238787651,0.27750000581145284,2072.659901809692,0.018283155
,840,,1160,33.139365930000004,2.64,21,0,,,,,,,,,,,
5.0,880,192.33638381958008,,,,,,0.03245943784713745,-0.031762984385022716,605.9359741210938,0.0003,210,0.9774760603904724,0.2,-4.185958856344223,0.2650000050663948,2001.2835575103759,0.015885895
,880,,1181,36.71009053,2.78,22,0,,,,,,,,,,,
2.0,920,15.556642532348633,,,,,,-0.0792236328125,-0.010738090942068079,2162.29296875,0.0003,220,0.9778181910514832,0.2,-4.187406188249588,0.2000000039115548,2373.836332321167,0.006545934
,920,,1262,37.52901488,2.75,23,0,,,,,,,,,,,
4.0,960,92.15661811828613,,,,,,0.0010170340538024902,-0.02916245117931795,1948.608642578125,0.0003,230,0.976249635219574,0.2,-4.18540078997612,0.2175000049173832,5063.816502571106,0.024854608
,960,,1322,42.08032521,2.82,24,0,,,,,,,,,,,
3.0,1000,13.68196153640747,,,,,,-0.06778407096862793,-0.0065041932594613215,810.6175537109375,0.0003,240,0.9724540114402771,0.2,-4.176994812488556,0.04500000085681677,1538.3602176666259,0.012579238
,1000,,1377,47.01281894000001,2.93,25,0,,,,,,,,,,,
5.0,1040,218.56024360656738,,,,,,-0.03795480728149414,-0.013344577529605606,2195.404052734375,0.0003,250,0.9695221781730652,0.2,-4.164970052242279,0.09750000145286322,6853.432339096069,0.009931114
,1040,,1417,42.88337042999999,2.93,26,0,,,,,,,,,,,
5.0,1080,106.66667366027832,,,,,,-0.0442577600479126,-0.013800328175639143,306.683837890625,0.0003,260,0.9676926136016846,0.2,-4.158015334606171,0.13500000294297934,2097.6664785385133,0.022504026
,1080,,1474,39.88296269,2.85,27,0,,,,,,,,,,,
5.0,1120,153.3781242966652,,,,,,-0.08421683311462402,-0.010105828281775753,387.8790283203125,0.0003,270,0.9648210406303406,0.2,-4.152396732568741,0.17250000387430192,1634.6879585266113,0.0026985705
,1120,,1494,40.00908379,2.81,28,0,,,,,,,,,,,
3.0,1160,71.65318298339844,,,,,,-0.012503743171691895,-0.013614173257428775,2099.358642578125,0.0003,280,0.9633268117904663,0.2,-4.1426275193691255,0.12250000182539225,3288.9376110076905,0.009239371
,1160,,1550,45.31787616999999,2.8,29,0,,,,,,,,,,,
1.0,1200,-5.0,,,,,,-0.038025617599487305,-0.03379023394232714,246.52340698242188,0.0003,290,0.9625809192657471,0.2,-4.139470726251602,0.19750000350177288,5986.533442687988,0.024083156
,1200,,1581,46.68603779,2.83,30,0,,,,,,,,,,,
2.0,1240,13.002765655517578,,,,,,-0.01940929889678955,0.001881154688308051,4619.54443359375,0.0003,300,0.9618133306503296,0.2,-4.136476457118988,0.20250000450760125,3460.2949867248535,0.011725401
,1240,,1600,46.28157409000001,2.81,31,0,,,,,,,,,,,
5.0,1280,155.57498836517334,,,,,,-0.005491375923156738,-0.019076103645784315,889.5659790039062,0.0003,310,0.9636241793632507,0.2,-4.13804566860199,0.3175000065937638,2058.5566703796385,0.020815292
,1280,,1623,41.84403614,2.64,32,0,,,,,,,,,,,
3.0,1320,21.365875244140625,,,,,,-0.06242716312408447,-0.029002580725100414,2736.04443359375,0.0003,320,0.9639327526092529,0.2,-4.141048204898834,0.26250000540167095,2835.479246520996,0.025738165
,1320,,1647,43.73253808,2.67,33,0,,,,,,,,,,,
5.0,1360,244.86289024353027,,,,,,-0.016779065132141113,-0.02706563780055149,693.15576171875,0.0003,330,0.9620461463928223,0.2,-4.138571643829346,0.23250000439584256,4045.3824768066406,0.022484958
,1360,,1670,46.024913770000005,2.64,34,0,,,,,,,,,,,
1.0,1400,-5.0,,,,,,-0.03570997714996338,-0.01641597039473709,5031.70654296875,0.0003,340,0.9616720676422119,0.2,-4.134812527894974,0.08500000163912773,6071.84231338501,0.012782534
,1400,,1686,49.67606008999999,2.72,35,0,,,,,,,,,,,
3.0,1440,27.463790893554688,,,,,,-0.039127469062805176,-0.017661664375918918,9836.7958984375,0.0003,350,0.961804986000061,0.2,-4.134439319372177,0.16750000342726706,7392.813390350342,0.016600303
,1440,,1706,45.44193891,2.6,36,0,,,,,,,,,,,
3.0,1480,26.582412719726562,,,,,,-0.03964853286743164,-0.0015577070201834408,974.0084228515625,0.0003,360,0.9604377746582031,0.2,-4.132492345571518,0.0,3595.860953903198,0.00045329484
,1480,,1728,50.75175752000001,2.61,37,0,,,,,,,,,,,
3.0,1520,106.43303871154785,,,,,,-0.05481839179992676,-0.008228086926210377,2870.80078125,0.0003,370,0.9591522216796875,0.2,-4.127697670459748,0.06250000111758709,8409.679418945312,0.009416007
,1520,,1780,54.43294217,2.59,38,0,,,,,,,,,,,
4.0,1560,17.95295524597168,,,,,,0.010202884674072266,-0.014104219901673787,2047.6563720703125,0.0003,380,0.9598101377487183,0.2,-4.125762623548508,0.12750000264495612,2818.3004936218263,0.009261087
,1560,,1802,57.0099921,2.66,39,0,,,,,,,,,,,
5.0,1600,115.87596702575684,,,,,,-0.04977607727050781,-0.014397642177145831,1187.763671875,0.0003,390,0.9597525596618652,0.2,-4.126243233680725,0.11750000268220902,2499.777359008789,0.012463599
,1600,,1899,52.3818746,2.57,40,0,,,,,,,,,,,
2.0,1640,25.534305572509766,,,,,,-0.11055529117584229,-0.005846914822541294,1614.89501953125,0.0003,400,0.9578790664672852,0.2,-4.1235899209976195,0.33250000812113284,2416.2291694641112,0.023920644
,1640,,1924,47.11670524000001,2.49,41,0,,,,,,,,,,,
3.0,1680,-12.264779329299927,,,,,,-0.012673258781433105,-0.005892580217223442,1035.3826904296875,0.0003,410,0.9554893970489502,0.2,-4.115686708688736,0.16000000275671483,2713.2444911956786,0.026797049
,1680,,1943,48.90434970000001,2.47,42,0,,,,,,,,,,,
3.0,1720,34.0943717956543,,,,,,-0.010008811950683594,0.0004910856252536178,4943.70166015625,0.0003,420,0.9550110101699829,0.2,-4.110968667268753,0.10250000171363353,4936.814940261841,0.009071723
,1720,,1980,44.808722190000005,2.5,43,0,,,,,,,,,,,
2.0,1760,44.42265319824219,,,,,,-0.04827594757080078,-0.015028325166495016,2100.719482421875,0.0003,430,0.9511639475822449,0.2,-4.103977876901626,0.37250000815838574,2837.5719747543335,0.016655698
,1760,,1996,48.07377812,2.62,44,0,,,,,,,,,,,
2.0,1800,33.18272018432617,,,,,,-0.05532526969909668,-0.016922244251218223,356.0806579589844,0.0003,440,0.9489943385124207,0.2,-4.094822138547897,0.15750000290572644,2167.3362571716307,0.028911248
,1800,,2043,43.54198248999999,2.61,45,0,,,,,,,,,,,
2.0,1840,-10.0,,,,,,-0.00038802623748779297,-0.022496074543960277,448.20263671875,0.0003,450,0.9475580453872681,0.2,-4.0870854139328,0.3600000085309148,1791.2983207702637,0.030265752
,1840,,2062,50.57683567999999,2.67,46,0,,,,,,,,,,,
1.0,1880,-5.0,,,,,,-0.008554935455322266,-0.01126541566631204,2840.6416015625,0.0003,460,0.9474514722824097,0.2,-4.085099101066589,0.08000000137835742,7251.261452484131,0.013998518
,1880,,2084,53.74633578,2.72,47,0,,,,,,,,,,,
5.0,1920,59.95096015930176,,,,,,-0.044077396392822266,-0.019113736822600914,507.4605712890625,0.0003,470,0.9476227164268494,0.2,-4.08519691824913,0.18250000346451997,4578.117206573486,0.027653793
,1920,,2102,58.436586240000004,2.88,48,0,,,,,,,,,,,
5.0,1960,153.93907928466797,,,,,,-0.011804342269897461,-0.049891579710674705,3995.481201171875,0.0003,480,0.9470838308334351,0.2,-4.084706056118011,0.47500001043081286,3852.42075843811,0.050978255
,1960,,2120,58.54332716,2.93,49,0,,,,,,,,,,,
3.0,2000,85.7119026184082,,,,,,-0.06095850467681885,-0.004662290798773938,537.21533203125,0.0003,490,0.9455716013908386,0.2,-4.080248343944549,0.07500000111758709,3816.111396408081,0.005281684
,2000,,2185,54.35323371,2.75,50,0,,,,,,,,,,,
3.0,2040,42.5663423538208,,,,,,0.023737549781799316,-0.03187636987990117,202.8524169921875,0.0003,500,0.9433702230453491,0.2,-4.075420218706131,0.32500000707805154,2081.2806858062745,0.008601973
,2040,,2204,52.96340899,2.65,51,0,,,,,,,,,,,
5.0,2080,284.0478057861328,,,,,,-0.0347672700881958,0.018596953049445798,739.4947509765625,0.0003,510,0.943211555480957,0.2,-4.070527136325836,0.26250000558793546,4474.9186912536625,0.006895992
,2080,,2221,60.71401998,2.79,52,0,,,,,,,,,,,
4.0,2120,35.02164554595947,,,,,,-0.012726187705993652,-0.007523632159645776,428.1387023925781,0.0003,520,0.9442815780639648,0.2,-4.072437506914139,0.18500000480562448,4773.17021484375,0.042518526
,2120,,2244,57.20813822,2.79,53,0,,,,,,,,,,,
2.0,2160,-10.0,,,,,,-0.07493674755096436,-0.010562521718638895,724.520263671875,0.0003,530,0.9448000192642212,0.2,-4.073258733749389,0.2875000063329935,1958.22258644104,0.020370815
,2160,,2267,56.19680273,2.81,54,0,,,,,,,,,,,
5.0,2200,92.06543737649918,,,,,,-0.0615311861038208,0.006464085268671626,474.891357421875,0.0003,540,0.9448260068893433,0.2,-4.076856333017349,0.3200000075623393,3360.5175214767455,0.009141176
,2200,,2327,55.925169589999996,2.72,55,0,,,,,,,,,,,
1.0,2240,-5.0,,,,,,0.010057270526885986,-0.0004885554219072219,5349.630859375,0.0003,550,0.9416269659996033,0.2,-4.07194738984108,0.11500000189989805,4168.742811584472,0.010518873
,2240,,2686,56.185119979999996,2.69,56,0,,,,,,,,,,,
3.0,2280,58.80754470825195,,,,,,-0.034227848052978516,-0.019652187178016912,625.7863159179688,0.0003,560,0.9355779886245728,0.2,-4.051317268610001,0.2700000047683716,3295.8502906799317,0.026710406
,2280,,2706,59.67941551,2.8,57,0,,,,,,,,,,,
5.0,2320,75.77094930410385,,,,,,-0.017224550247192383,-0.003960428637328728,1474.2586669921875,0.0003,570,0.9317483305931091,0.2,-4.039237076044083,0.06500000152736903,3551.496627807617,0.008368742
,2320,,2768,57.34947314,2.84,58,0,,,,,,,,,,,
5.0,2360,162.66533279418945,,,,,,-0.09088480472564697,-0.0016277362067194546,1125.8759765625,0.0003,580,0.9282629489898682,0.2,-4.027225798368454,0.21000000443309547,2013.112802886963,0.013256922
,2360,,2790,56.00074308,2.82,59,0,,,,,,,,,,,
5.0,2400,108.73370170593262,,,,,,-0.00036787986755371094,-0.010586130703161344,1545.2830810546875,0.0003,590,0.928883969783783,0.2,-4.0187255382537845,0.26750000603497026,2736.864137649536,0.05156606
,2400,,2848,57.98814692,2.8,60,0,,,,,,,,,,,
5.0,2440,124.88333129882812,,,,,,-0.04854154586791992,-0.019687443064831313,1384.40673828125,0.0003,600,0.9276725053787231,0.2,-4.019904679059982,0.2300000052899122,3235.1980583190916,0.03139022
,2440,,2866,55.51727633999999,2.8,61,0,,,,,,,,,,,
5.0,2480,151.45433902740479,,,,,,-0.042597293853759766,0.017614673604912222,2458.500732421875,0.0003,610,0.9246896505355835,0.2,-4.012248170375824,0.21000000443309547,2369.1454837799074,0.012756829
,2480,,2925,56.58492298,2.89,62,0,,,,,,,,,,,
5.0,2520,132.9680871963501,,,,,,-0.06207597255706787,-0.015283500337391159,1297.579345703125,0.0003,620,0.9241217374801636,0.2,-4.007250547409058,0.15250000301748515,2474.7930671691893,0.028189281
,2520,,2944,53.210099220000004,2.97,63,0,,,,,,,,,,,
5.0,2560,169.38169288635254,,,,,,-0.07046854496002197,-0.011539898850023711,471.8764953613281,0.0003,630,0.9225414991378784,0.2,-4.00209949016571,0.1350000027567148,1883.7518270492553,0.013084546
,2560,,2960,53.63218804999999,3.03,64,0,,,,,,,,,,,
1.0,2600,-5.0,,,,,,-0.027280092239379883,-0.05084143444553772,474.12200927734375,0.0003,640,0.9243413805961609,0.2,-4.00217986702919,0.3625000087544322,3975.384342956543,0.041329768
,2600,,2977,55.206080269999994,3.11,65,0,,,,,,,,,,,
1.0,2640,-5.0,,,,,,-0.08985209465026855,-0.01938092317286646,2940.28955078125,0.0003,650,0.9257106184959412,0.2,-4.006570482254029,0.3575000071898103,3051.588856506348,0.021898298
,2640,,2994,55.51004562,3.11,66,0,,,,,,,,,,,
5.0,2680,95.62992632389069,,,,,,-0.04244399070739746,-0.02039432385154214,1055.27392578125,0.0003,660,0.9268729090690613,0.2,-4.010650116205215,0.17750000320374965,3757.438991546631,0.007798736
,2680,,3056,51.78541713,3.12,67,0,,,,,,,,,,,
3.0,2720,4.2407026290893555,,,,,,-0.05599319934844971,0.006198948548426414,466.90826416015625,0.0003,670,0.921451210975647,0.2,-4.003161090612411,0.26750000528991225,2284.7263244628907,0.002129464
,2720,,3161,51.56687143999999,3.12,68,0,,,,,,,,,,,
5.0,2760,40.06743049621582,,,,,,-0.030191540718078613,0.005754996069008378,801.8973999023438,0.0003,680,0.9192888736724854,0.2,-3.9859490782022475,0.2575000053271651,2199.622673034668,0.021682153
,2760,,3185,50.13515853,3.06,69,0,,,,,,,,,,,
5.0,2800,127.00586700439453,,,,,,-0.03608715534210205,-0.020743349870026594,1758.959716796875,0.0003,690,0.9193892478942871,0.2,-3.9826989829540254,0.25000000558793545,2972.5079124450685,0.0063314186
,2800,,3250,50.42779888000001,2.96,70,0,,,,,,,,,,,
4.0,2840,79.45258316397667,,,,,,0.006966948509216309,-0.017714628114845254,1336.4925537109375,0.0003,700,0.9216458201408386,0.2,-3.987211564183235,0.49750001057982446,2436.6942111968992,0.030574381
,2840,,3327,49.91434550000001,2.84,71,0,,,,,,,,,,,
4.0,2880,117.90116882324219,,,,,,-0.0012950897216796875,-0.01585055209327031,349.1298522949219,0.0003,710,0.9205276370048523,0.2,-3.9893955111503603,0.15750000309199094,2592.5451347351072,0.018346924
,2880,,3347,47.782683039999995,2.81,72,0,,,,,,,,,,,
2.0,2920,43.098426818847656,,,,,,-0.039655089378356934,-0.014496020382648567,915.6268310546875,0.0003,720,0.9165420532226562,0.2,-3.981892931461334,0.15750000327825547,4582.378080749511,0.0040634545
,2920,,3439,51.074046980000006,2.75,73,0,,,,,,,,,,,
3.0,2960,38.555710792541504,,,,,,-0.02168405055999756,-0.018209864959794687,1538.72119140625,0.0003,730,0.9146934747695923,0.2,-3.9709037214517595,0.11000000201165676,5558.549759674072,0.011898009
,2960,,3484,52.92310848,2.73,74,0,,,,,,,,,,,
5.0,3000,119.6129150390625,,,,,,-0.029451608657836914,-0.018935862474902487,782.93603515625,0.0003,740,0.9129654765129089,0.2,-3.9659845739603043,0.16250000298023223,3829.60107421875,0.018594924
,3000,,3533,55.850649870000005,2.78,75,0,,,,,,,,,,,
4.0,3040,8.218876838684082,,,,,,-0.11050844192504883,-0.022936864355287977,2202.27685546875,0.0003,750,0.910061240196228,0.2,-3.9576839059591293,0.250000006519258,3393.9671592712402,0.025594154
,3040,,3554,54.35948306,2.78,76,0,,,,,,,,,,,
5.0,3080,147.6800832748413,,,,,,-0.03463423252105713,-0.006717781044426374,525.4622802734375,0.0003,760,0.9084359407424927,0.2,-3.949003830552101,0.2975000061094761,1347.0330642700196,0.03552998
,3080,,3616,54.75553154,2.84,77,0,,,,,,,,,,,
3.0,3120,64.49996948242188,,,,,,-0.009554386138916016,0.03638989190221764,616.1144409179688,0.0003,770,0.9106508493423462,0.2,-3.950904926657677,0.45750001035630705,6342.864735412598,0.037860133
,3120,,3637,54.32410085000001,2.82,78,0,,,,,,,,,,,
3.0,3160,40.26049041748047,,,,,,-0.0510936975479126,-0.0005410236195893869,8620.4677734375,0.0003,780,0.9073893427848816,0.2,-3.946226754784584,0.16750000286847352,4876.059463119507,0.012597252
,3160,,3864,56.55475877999999,2.88,79,0,,,,,,,,,,,
1.0,3200,-5.0,,,,,,-0.0677562952041626,-0.010169190277010787,364.50970458984375,0.0003,790,0.9000615477561951,0.2,-3.929207816720009,0.08250000141561031,3547.71813659668,0.010364233
,3200,,3884,55.225057840000005,2.85,80,0,,,,,,,,,,,
3.0,3240,36.886188983917236,,,,,,-0.009791135787963867,0.03001714065845591,1573.2349853515625,0.0003,800,0.8996274471282959,0.2,-3.914564460515976,0.3450000071898103,5335.268992233277,0.012938583
,3240,,4052,49.15040405,2.76,81,0,,,,,,,,,,,
4.0,3280,74.08259201049805,,,,,,0.006309628486633301,-0.021211343682371077,755.2626953125,0.0003,810,0.8970681428909302,0.2,-3.9125166952610018,0.23250000420957803,1390.3070194244385,0.015776316
,3280,,4171,51.32077968000001,2.79,82,0,,,,,,,,,,,
4.0,3320,67.93501281738281,,,,,,-0.00930333137512207,-0.01670891363639384,436.7574157714844,0.0003,820,0.8931407928466797,0.2,-3.898670274019241,0.34250000640749934,4226.206230926514,0.017884746
,3320,,4193,55.89126204,2.78,83,0,,,,,,,,,,,
5.0,3360,73.07016086578369,,,,,,-0.04133152961730957,-0.019016417245438788,2267.47314453125,0.0003,830,0.8923569917678833,0.2,-3.892118376493454,0.17750000357627868,3182.244347000122,0.011925799
,3360,,4259,51.23457477000001,2.74,84,0,,,,,,,,,,,
3.0,3400,39.001407623291016,,,,,,0.005115330219268799,-0.01566271076533665,1177.6787109375,0.0003,840,0.8904702663421631,0.2,-3.886146607995033,0.2725000062957406,2851.5603412628175,0.021301255
,3400,,4277,56.65307635,2.81,85,0,,,,,,,,,,,
5.0,3440,42.70252704620361,,,,,,0.02485734224319458,-0.017987475003974396,1172.277099609375,0.0003,850,0.8914417028427124,0.2,-3.884341698884964,0.2150000050663948,1980.060306930542,0.022471331
,3440,,4335,54.03949495,2.81,86,0,,,,,,,,,,,
2.0,3480,33.35614776611328,,,,,,-0.0019437074661254883,-0.01923411418400065,397.68072509765625,0.0003,860,0.8928474187850952,0.2,-3.8862855583429337,0.522500011138618,1795.0687017440796,0.045590617
,3480,,4354,52.20512005999999,2.81,87,0,,,,,,,,,,,
2.0,3520,1.9645285606384277,,,,,,-0.026653051376342773,-0.03627729722316871,595.8922729492188,0.0003,870,0.8900736570358276,0.2,-3.883799323439598,0.29750000666826965,3352.488026428223,0.02461901
,3520,,4371,62.69594180999999,3.04,88,0,,,,,,,,,,,
5.0,3560,185.02821159362793,,,,,,-0.03530073165893555,-0.0076762604313262315,4359.8349609375,0.0003,880,0.8903602361679077,0.2,-3.8761793226003647,0.027500000409781934,5637.613594055176,0.0063469606
,3560,,4391,67.80975608,3.04,89,0,,,,,,,,,,,
5.0,3600,57.847510159015656,,,,,,-0.040282607078552246,-0.03649027837803711,2220.50830078125,0.0003,890,0.8907901644706726,0.2,-3.8789398223161697,0.26750000547617675,5482.712127685547,0.05235076
,3600,,4444,67.33680771,3.07,90,0,,,,,,,,,,,
5.0,3640,216.6936264038086,,,,,,-0.011185407638549805,-0.0216654622083297,2823.80517578125,0.0003,900,0.8888432383537292,0.2,-3.875449484586716,0.1700000036507845,6096.811883544922,0.019583795
,3640,,4467,65.46226028000001,3.05,91,0,,,,,,,,,,,
4.0,3680,45.73225784301758,,,,,,0.01863473653793335,-0.024288702993726475,849.664306640625,0.0003,910,0.8880839347839355,0.2,-3.8706443518400193,0.27500000651925804,3406.4385467529296,0.032190196
,3680,,4486,63.785885960000016,2.99,92,0,,,,,,,,,,,
5.0,3720,234.88352394104004,,,,,,-0.11394107341766357,-0.023959385410926192,3958.2197265625,0.0003,920,0.887362003326416,0.2,-3.8667677104473115,0.27250000517815354,3016.419827270508,0.027238125
,3720,,4569,66.9111707,3.04,93,0,,,,,,,,,,,
5.0,3760,163.88749885559082,,,,,,-0.045075416564941406,-0.019445666401443306,853.188232421875,0.0003,930,0.8855859637260437,0.2,-3.8644589096307755,0.3200000062584877,4344.787400054932,0.008261593
,3760,,4594,71.64546680000001,3.03,94,0,,,,,,,,,,,
1.0,3800,-5.0,,,,,,-0.035192131996154785,-0.03183019494681503,3132.519287109375,0.0003,940,0.8885893821716309,0.2,-3.863477647304535,0.4225000087171793,4201.307192993164,0.031468574
,3800,,4613,64.34664067,2.9,95,0,,,,,,,,,,,
2.0,3840,48.864017486572266,,,,,,-0.04947972297668457,-0.006664154709542347,2946.411865234375,0.0003,950,0.8880183100700378,0.2,-3.8682402998209,0.16750000398606063,2974.231555175781,0.01193868
,3840,,4678,63.91071483999999,2.96,96,0,,,,,,,,,,,
4.0,3880,77.94785022735596,,,,,,-0.08517920970916748,-0.026370428039081163,3150.537353515625,0.0003,960,0.8857004046440125,0.2,-3.8624666541814805,0.17000000271946192,6146.808876037598,0.018907629
,3880,,4695,64.53253666,3.05,97,0,,,,,,,,,,,
2.0,3920,47.27701187133789,,,,,,-0.05005800724029541,-0.04733420545115223,767.5428466796875,0.0003,970,0.8852269053459167,0.2,-3.8559409230947495,0.37000000942498446,3345.9389102935793,0.022056453
,3920,,4712,68.27473189999999,3.13,98,0,,,,,,,,,,,
5.0,3960,91.03117418289185,,,,,,-0.04361462593078613,-0.016273692506947556,2245.962890625,0.0003,980,0.8840596675872803,0.2,-3.8528802335262298,0.20000000465661288,4377.362813568116,0.018829739
,3960,,4732,70.63351211999999,3.18,99,0,,,,,,,,,,,
5.0,4000,58.4635066986084,,,,,,0.03817027807235718,-0.025651972735613527,1040.8289794921875,0.0003,990,0.881973147392273,0.2,-3.8478873550891874,0.2325000051409006,4450.607897949219,0.029313924
,4000,,4753,71.60364855,3.24,100,0,,,,,,,,,,,
5.0,4040,171.21660137176514,,,,,,-0.1457843780517578,-0.012742836723883788,1229.384033203125,0.0003,1000,0.880157470703125,0.2,-3.8409194529056547,0.1250000024214387,3623.4842277526855,0.022520188
,4040,,4857,70.79581774000002,3.18,101,0,,,,,,,,,,,
2.0,4080,36.8939094543457,,,,,,-0.033768415451049805,-0.02134972698841011,968.9827880859375,0.0003,1010,0.8774601817131042,0.2,-3.8340471029281615,0.22500000540167092,3004.383878326416,0.019942269
,4080,,4919,67.76451046999999,3.1,102,0,,,,,,,,,,,
5.0,4120,9.085971713066101,,,,,,-0.08472025394439697,-0.04261202004097868,3181.292724609375,0.0003,1020,0.8756183385848999,0.2,-3.8230707377195357,0.3350000085309148,3387.4747749328612,0.037952177
,4120,,4941,69.59151422,3.18,103,0,,,,,,,,,,,
2.0,4160,11.967668533325195,,,,,,-0.044211387634277344,-0.020835791570352737,3812.62646484375,0.0003,1030,0.8769629001617432,0.2,-3.82265248298645,0.3525000078603625,3024.0642574310305,0.07065597
,4160,,5005,63.79508070000001,3.1,104,0,,,,,,,,,,,
2.0,4200,45.025882720947266,,,,,,0.02604806423187256,-0.014090976703155267,1148.2384033203125,0.0003,1040,0.878934383392334,0.2,-3.826561686396599,0.1450000023469329,3706.7190185546874,0.013957189
,4200,,5065,58.14003283,2.99,105,0,,,,,,,,,,,
4.0,4240,131.85021209716797,,,,,,-0.0029299259185791016,-0.012407250955875516,426.0299377441406,0.0003,1050,0.874870777130127,0.2,-3.821821650862694,0.3125000078231096,1391.5119621276856,0.027476065
,4240,,5085,61.241308919999994,3.07,106,0,,,,,,,,,,,
2.0,4280,13.759252548217773,,,,,,0.008929789066314697,-0.0006581738587556174,681.7395629882812,0.0003,1060,0.8750137090682983,0.2,-3.8154608756303787,0.19250000473111867,4169.031994628906,0.0019850358
,4280,,5100,63.518499590000005,3.16,107,0,,,,,,,,,,,
2.0,4320,34.15599060058594,,,,,,-0.09627759456634521,-0.004250247854797618,382.4694519042969,0.0003,1070,0.8737660646438599,0.2,-3.8139648765325544,0.2525000052526593,2799.9308067321776,0.013159946
,4320,,5118,62.35035789999999,3.16,108,0,,,,,,,,,,,
2.0,4360,48.142574310302734,,,,,,-0.07532179355621338,-0.018263044613972833,2936.46533203125,0.0003,1080,0.870518684387207,0.2,-3.804083561897278,0.23750000540167093,3078.5476974487306,0.018184938
,4360,,5139,62.192731519999995,3.18,109,0,,,,,,,,,,,
5.0,4400,124.42705345153809,,,,,,-0.0561753511428833,-0.010923177451477384,2475.269287109375,0.0003,1090,0.8711070418357849,0.2,-3.7998633980751038,0.20750000458210707,3302.963259124756,0.014667684
,4400,,5266,63.95646536,3.27,110,0,,,,,,,,,,,
5.0,4440,121.31489181518555,,,,,,-0.00843358039855957,-0.01667926046123285,1046.13818359375,0.0003,1100,0.8721245527267456,0.2,-3.803474336862564,0.1350000023841858,2435.0265699386596,0.017094886
,4440,,5287,64.53178993,3.22,111,0,,,,,,,,,,,
4.0,4480,36.79951095581055,,,,,,-0.07659423351287842,-0.006773653400559854,2849.412841796875,0.0003,1110,0.8691899180412292,0.2,-3.8007155448198318,0.12250000201165676,3556.865219116211,0.015449952
,4480,,5350,67.43831096,3.29,112,0,,,,,,,,,,,
5.0,4520,81.21702814102173,,,,,,0.044110000133514404,-0.011915430490698787,1613.4854736328125,0.0003,1120,0.8676020503044128,0.2,-3.791877892613411,0.24500000495463609,4057.5171310424803,0.009423591
,4520,,5416,68.81053531,3.36,113,0,,,,,,,,,,,
3.0,4560,26.749246895313263,,,,,,0.08694058656692505,-0.028758427237844452,488.1450500488281,0.0003,1130,0.8697359561920166,0.2,-3.7912998348474503,0.27000000663101675,1047.2002346038819,0.01571034
,4560,,5434,66.78871707,3.34,114,0,,,,,,,,,,,
2.0,4600,23.9507999420166,,,,,,0.0372735857963562,-0.00018464203414623738,377.2046813964844,0.0003,1140,0.8697919249534607,0.2,-3.7931379586458207,0.10750000178813934,1010.5927898406983,0.012179328
,4600,,5453,60.42727489999999,3.13,115,0,,,,,,,,,,,
5.0,4640,316.72120666503906,,,,,,0.004596710205078125,-0.014593291892670113,1151.9093017578125,0.0003,1150,0.8671354651451111,0.2,-3.7836619824171067,0.3725000094622374,2354.1380626678465,0.020915756
,4640,,5470,65.63416396,3.15,116,0,,,,,,,,,,,
3.0,4680,56.255043506622314,,,,,,0.004197359085083008,-0.014545152541832062,3857.2646484375,0.0003,1160,0.8653178215026855,0.2,-3.7772763669490814,0.08750000167638064,7183.385195922851,0.015864452
,4680,,5488,70.50992708,3.25,117,0,,,,,,,,,,,
5.0,4720,81.786856174469,,,,,,0.040077924728393555,-0.005013722668809351,1123.3660888671875,0.0003,1170,0.8642959594726562,0.2,-3.7723813503980637,0.09250000137835741,4512.712084960937,0.008103902
,4720,,5512,66.69243754,3.17,118,0,,,,,,,,,,,
3.0,4760,68.45404815673828,,,,,,-0.051278114318847656,0.0013643193323514603,2040.25537109375,0.0003,1180,0.8612130880355835,0.2,-3.763782745599747,0.1675000036135316,2765.569425201416,0.027887557
,4760,,5561,65.37562235000001,3.17,119,0,,,,,,,,,,,
5.0,4800,47.36836814880371,,,,,,0.015649914741516113,-0.009958663506404264,595.77001953125,0.0003,1190,0.8572298884391785,0.2,-3.752113777399063,0.20250000450760125,3395.169751358032,0.009763539
,4800,,5580,65.4307333,3.2,120,0,,,,,,,,,,,
4.0,4840,61.29479646682739,,,,,,0.009267628192901611,-0.012478486900945418,1769.6485595703125,0.0003,1200,0.8540809154510498,0.2,-3.7389204531908034,0.23000000435858964,5092.304819488525,0.012553318
,4840,,5599,67.40320178,3.2,121,0,,,,,,,,,,,
5.0,4880,74.23408496379852,,,,,,-0.028458714485168457,0.014568647075429908,1007.4163818359375,0.0003,1210,0.8542968034744263,0.2,-3.7321000427007673,0.44250000920146704,2205.2107566833497,0.084578216
,4880,,5616,68.80294074,3.22,122,0,,,,,,,,,,,
5.0,4920,106.10192680358887,,,,,,0.06234008073806763,-0.026332244834047745,2165.30908203125,0.0003,1220,0.8517677187919617,0.2,-3.7275218844413756,0.35500000789761543,2330.645543670654,0.36157638
,4920,,5677,67.18584413,3.19,123,0,,,,,,,,,,,
5.0,4960,306.7330017089844,,,,,,0.03171342611312866,-0.031879050944407926,980.7747802734375,0.0003,1230,0.8497101664543152,0.2,-3.7178200662136076,0.31500000711530446,1735.6217521667481,0.016546495
,4960,,5761,63.32447816999999,3.19,124,0,,,,,,,,,,,
5.0,5000,71.24827098846436,,,,,,-0.012714266777038574,-0.025432587194300138,4564.564453125,0.0003,1240,0.8493192195892334,0.2,-3.714230665564537,0.19500000346451998,3917.2722885131834,0.023752328
,5000,,5780,62.033826729999994,3.19,125,0,,,,,,,,,,,
2.0,5040,32.116188049316406,,,,,,-0.019934654235839844,-0.01550147491460847,3195.301025390625,0.0003,1250,0.8504091501235962,0.2,-3.7145016580820083,0.10500000193715095,4406.507964897156,0.012536235
,5040,,5874,65.84997083,3.18,126,0,,,,,,,,,,,
4.0,5080,171.3345069885254,,,,,,0.024067997932434082,-0.031719626508129296,1923.89306640625,0.0003,1260,0.8477706909179688,0.2,-3.7137037247419356,0.2575000053271651,4527.083200073243,0.035973676
,5080,,5896,65.11894997,3.18,127,0,,,,,,,,,,,
5.0,5120,91.75897550582886,,,,,,0.02773594856262207,-0.009271671713140672,1890.369384765625,0.0003,1270,0.8471347689628601,0.2,-3.7051693320274355,0.2300000051036477,2977.9183013916017,0.014543552
,5120,,5914,69.05608876000001,3.17,128,0,,,,,,,,,,,
3.0,5160,38.69034671783447,,,,,,0.07418256998062134,-0.01978308377993927,1589.24609375,0.0003,1280,0.8470010757446289,0.2,-3.7048131972551346,0.11500000189989805,5072.848822784424,0.01300435
,5160,,5937,71.32629018,3.12,129,0,,,,,,,,,,,
2.0,5200,33.156497955322266,,,,,,-0.056055665016174316,-0.01411343395186122,2342.54638671875,0.0003,1290,0.8455342650413513,0.2,-3.701306182146072,0.1200000023469329,4265.00842666626,0.01870791
,5200,,6113,68.81897122999999,3.09,130,0,,,,,,,,,,,
5.0,5240,163.7973232269287,,,,,,-0.2878679037094116,-0.004786790831967647,663.8319702148438,0.0003,1300,0.8444780707359314,0.2,-3.6962271332740784,0.04500000067055225,2653.0657703399656,0.00860814
,5240,,6132,74.67525986999999,3.14,131,0,,,,,,,,,,,
5.0,5280,44.01732099056244,,,,,,-0.0032230615615844727,-0.007738836497810553,1205.7752685546875,0.0003,1310,0.8455346822738647,0.2,-3.695490410923958,0.33750000800937413,6538.833276367188,0.01555003
,5280,,6151,73.93227798,3.16,132,0,,,,,,,,,,,
5.0,5320,153.08654403686523,,,,,,-0.03109276294708252,-0.012043219681654583,1140.370849609375,0.0003,1320,0.8464765548706055,0.2,-3.698794823884964,0.27750000692904,2247.199694442749,0.012893498
,5320,,6182,68.37285786,3.01,133,0,,,,,,,,,,,
5.0,5360,280.6451950073242,,,,,,-0.02130722999572754,-0.019923393957178636,834.1426391601562,0.0003,1330,0.847257137298584,0.2,-3.700269690155983,0.13250000234693288,3847.9792568206785,0.016405504
,5360,,6241,74.43751921,3.11,134,0,,,,,,,,,,,
2.0,5400,24.69749641418457,,,,,,0.001198410987854004,-0.020802880642004327,752.5714111328125,0.0003,1340,0.848103940486908,0.2,-3.6997013062238695,0.12750000283122062,8412.82654953003,0.028238703
,5400,,6274,72.16968051999999,3.03,135,0,,,,,,,,,,,
5.0,5440,90.86994123458862,,,,,,-0.03011488914489746,-0.009242414610289417,2636.351806640625,0.0003,1350,0.8494148254394531,0.2,-3.7020680904388428,0.09250000156462193,3395.888676071167,0.0068571195
,5440,,6324,64.25492091999999,2.99,136,0,,,,,,,,,,,
5.0,5480,-18.135121941566467,,,,,,-0.025812983512878418,0.006977902197975272,981.9923095703125,0.0003,1360,0.8515889048576355,0.2,-3.705238163471222,0.29250000733882187,1722.0417648315429,0.011065761
,5480,,6346,70.83746349,3.07,137,0,,,,,,,,,,,
3.0,5520,104.82993125915527,,,,,,-0.007469058036804199,0.00743888234370389,3784.58154296875,0.0003,1370,0.8506161570549011,0.2,-3.706218087673187,0.06000000089406967,7721.034130859375,0.009602186
,5520,,6367,64.93293222,2.97,138,0,,,,,,,,,,,
3.0,5560,102.73191833496094,,,,,,-0.009003520011901855,-0.012154853732499759,672.5166015625,0.0003,1380,0.8491987586021423,0.2,-3.7019800543785095,0.20000000447034835,2016.697972869873,0.015010033
,5560,,6430,58.52979977,2.8,139,0,,,,,,,,,,,
5.0,5600,50.0798761844635,,,,,,0.09592580795288086,-0.0007951697555836246,332.3461608886719,0.0003,1390,0.8452083468437195,0.2,-3.6927658170461655,0.495000009983778,1077.3811483383179,0.12910971
,5600,,6451,64.36224718,2.83,140,0,,,,,,,,,,,
5.0,5640,215.21838760375977,,,,,,-0.003115415573120117,0.012220591974037243,852.1681518554688,0.0003,1400,0.8440777063369751,0.2,-3.6836515605449676,0.22000000588595867,10110.730906677247,0.002399941
,5640,,6468,63.317806379999986,2.87,141,0,,,,,,,,,,,
5.0,5680,101.03626012802124,,,,,,0.032261788845062256,-0.0025655356951756357,1014.9466552734375,0.0003,1410,0.8413113355636597,0.2,-3.676361757516861,0.3175000069662929,3414.31284828186,0.03154241
,5680,,6485,67.36114604000001,2.96,142,0,,,,,,,,,,,
5.0,5720,229.1655502319336,,,,,,0.055527448654174805,-0.027007765523158013,2529.971923828125,0.0003,1420,0.8393151164054871,0.2,-3.6674801409244537,0.3200000084936619,6342.64013748169,0.03052596
,5720,,6501,77.46570312,3.03,143,0,,,,,,,,,,,
1.0,5760,-5.0,,,,,,0.09570479393005371,-0.018467675875599544,5712.45361328125,0.0003,1430,0.8402840495109558,0.2,-3.6655298590660097,0.21000000480562447,5711.86470413208,0.023079026
,5760,,6517,78.84175076,3.03,144,0,,,,,,,,,,,
3.0,5800,87.6443977355957,,,,,,0.09159815311431885,-0.00981267801333161,3197.059814453125,0.0003,1440,0.8401778936386108,0.2,-3.667290449142456,0.12250000201165676,3987.2535903930666,0.020453071
,5800,,6536,79.23383464,3.0,145,0,,,,,,,,,,,
5.0,5840,91.82479286193848,,,,,,0.09702003002166748,-0.038699689781606136,1156.7647705078125,0.0003,1450,0.8403171896934509,0.2,-3.665951305627823,0.28750000689178706,3934.1537635803224,0.018377159
,5840,,6555,85.57496514999998,3.15,146,0,,,,,,,,,,,
4.0,5880,100.38800811767578,,,,,,0.00658261775970459,-0.03407606181965093,1223.9998779296875,0.0003,1460,0.8425873517990112,0.2,-3.6672792553901674,0.29250000659376385,3719.189465713501,0.025673032
,5880,,6573,92.22716087999999,3.23,147,0,,,,,,,,,,,
5.0,5920,169.46924781799316,,,,,,0.11557585000991821,-0.032340920569331466,819.36572265625,0.0003,1470,0.843635082244873,0.2,-3.6732765287160873,0.2750000048428774,2766.2435077667237,0.0238613
,5920,,6634,90.89598296,3.26,148,0,,,,,,,,,,,
3.0,5960,30.633773803710938,,,,,,0.1284700632095337,-0.012080448369451912,1158.4290771484375,0.0003,1480,0.8430795073509216,0.2,-3.674707067012787,0.33750000670552255,3208.8992546081545,0.024937298
,5960,,6725,83.94772270000001,3.07,149,0,,,,,,,,,,,
5.0,6000,-17.562095165252686,,,,,,0.0526958703994751,-0.008966092465707343,1125.1259765625,0.0003,1490,0.8410204648971558,0.2,-3.6670231223106384,0.3725000090897083,2618.565683364868,0.087146744
,6000,,6785,73.94965176,2.9,150,0,,,,,,,,,,,
5.0,6040,240.46320724487305,,,,,,0.08231186866760254,-0.03523788403726939,2933.181640625,0.0003,1500,0.8374042510986328,0.2,-3.657758444547653,0.2975000061094761,2896.2586154937744,0.019990295
,6040,,6807,68.54843834,2.77,151,0,,,,,,,,,,,
3.0,6080,37.99202346801758,,,,,,-0.03965020179748535,-0.019937219195417133,2380.54541015625,0.0003,1510,0.8371467590332031,0.2,-3.6453933507204055,0.33250000793486834,5017.025369262696,0.030890953
,6080,,6828,68.54040677,2.82,152,0,,,,,,,,,,,
3.0,6120,30.115304946899414,,,,,,-0.03435814380645752,-0.01263472950318829,933.0374755859375,0.0003,1520,0.8351761698722839,0.2,-3.6408817648887633,0.13250000234693288,3444.813558959961,0.01057029
,6120,,6846,68.07183528,2.77,153,0,,,,,,,,,,,
3.0,6160,132.13162231445312,,,,,,0.0956425666809082,-0.0031924248216000707,815.7288818359375,0.0003,1530,0.8342413902282715,0.2,-3.637185475230217,0.052500000782310964,4849.956776428223,0.012347613
,6160,,6864,66.24830566,2.71,154,0,,,,,,,,,,,
5.0,6200,188.95346641540527,,,,,,0.12880247831344604,0.003458351274039162,1537.079345703125,0.0003,1540,0.8316957354545593,0.2,-3.6312957137823103,0.21750000417232512,3468.0433685302733,0.03474029
,6200,,6883,69.35550435,2.72,155,0,,,,,,,,,,,
4.0,6240,53.21932411193848,,,,,,-0.014743685722351074,-0.009146862394372856,3283.175048828125,0.0003,1550,0.8297101259231567,0.2,-3.620735064148903,0.13000000230967998,5679.638896179199,0.008628856
,6240,,6914,73.69252738,2.85,156,0,,,,,,,,,,,
5.0,6280,143.2341651916504,,,,,,0.027229130268096924,-0.02127669094217708,1296.418212890625,0.0003,1560,0.8260542154312134,0.2,-3.612128657102585,0.1800000037997961,4777.653594970703,0.011080384
,6280,,6935,75.69946977000001,2.92,157,0,,,,,,,,,,,
2.0,6320,33.390403747558594,,,,,,0.17141997814178467,-0.01629140424600344,2145.84033203125,0.0003,1570,0.8236045837402344,0.2,-3.6001629650592806,0.1875000037252903,3091.8169494628905,0.026131133
,6320,,7003,73.98293869,2.89,158,0,,,,,,,,,,,
2.0,6360,24.25655174255371,,,,,,-0.16183960437774658,-0.014172617481381166,1379.3375244140625,0.0003,1580,0.8235577344894409,0.2,-3.5950526714324953,0.2875000063329935,3443.924040603638,0.017964618
,6360,,7019,79.08192804000001,2.92,159,0,,,,,,,,,,,
5.0,6400,240.96907007694244,,,,,,-0.04012596607208252,-0.010596362564092488,1294.752197265625,0.0003,1590,0.8232436180114746,0.2,-3.5940518766641616,0.11750000175088644,8295.598320007324,0.0055727605
,6400,,7073,70.22037301,2.77,160,0,,,,,,,,,,,
1.0,6440,-5.0,,,,,,-0.039908647537231445,-0.032896359680235146,2113.4296875,0.0003,1600,0.8214668035507202,0.2,-3.590107983350754,0.2525000056251884,4077.083219909668,0.018742952
,6440,,7130,74.90859191,2.79,161,0,,,,,,,,,,,
5.0,6480,199.29023849964142,,,,,,-0.0009558200836181641,-0.002804118891071994,4680.3310546875,0.0003,1610,0.818372905254364,0.2,-3.582627171278,0.005000000074505806,6662.0044418334965,0.0038940147
,6480,,7149,76.17016613999999,2.83,162,0,,,,,,,,,,,
4.0,6520,137.05148124694824,,,,,,0.00448077917098999,-0.02742902370460797,505.8284912109375,0.0003,1620,0.8175997138023376,0.2,-3.5757871359586715,0.24250000473111868,7244.0706985473635,0.024586039
,6520,,7201,77.75370425,2.82,163,0,,,,,,,,,,,
5.0,6560,303.70930099487305,,,,,,-0.02313065528869629,-0.00853956774881226,4096.28759765625,0.0003,1630,0.8168802261352539,0.2,-3.5724430680274963,0.04000000059604645,5603.210139465332,0.0097948555
,6560,,7252,86.77529086,2.86,164,0,,,,,,,,,,,
1.0,6600,-5.0,,,,,,-0.013596653938293457,-0.025402540035684075,3701.75341796875,0.0003,1640,0.8172428011894226,0.2,-3.5707886189222338,0.17250000387430192,11491.580206298828,0.012338778
,6600,,7267,96.97654008,2.99,165,0,,,,,,,,,,,
2.0,6640,45.745853424072266,,,,,,-0.014854788780212402,-0.04026620463031576,6167.75927734375,0.0003,1650,0.8197046518325806,0.2,-3.574860343337059,0.31000000741332767,7343.03874206543,0.059878495
,6640,,7284,103.18647428,3.1,166,0,,,,,,,,,,,
2.0,6680,35.9610710144043,,,,,,0.01423335075378418,-0.012398107575281758,1893.4071044921875,0.0003,1660,0.8211933970451355,0.2,-3.5812258273363113,0.24500000551342965,6544.170007324219,0.01143585
,6680,,7335,103.57526552000002,3.09,167,0,,,,,,,,,,,
3.0,6720,47.553810119628906,,,,,,-0.003171563148498535,-0.013408788745673528,3951.764892578125,0.0003,1670,0.8214725255966187,0.2,-3.5854334205389025,0.210000004991889,7270.758192443847,0.019311972
,6720,,7353,108.41507290000001,3.18,168,0,,,,,,,,,,,
5.0,6760,130.5670223236084,,,,,,0.13129115104675293,-0.030583960971925995,3240.61083984375,0.0003,1680,0.8207416534423828,0.2,-3.5835994273424148,0.37250000759959223,4583.047378540039,0.05427746
,6760,,7378,103.90366667,3.17,169,0,,,,,,,,,,,
5.0,6800,311.67522621154785,,,,,,0.011979341506958008,-0.008285006720252541,2112.230224609375,0.0003,1690,0.8156846761703491,0.2,-3.572727859020233,0.13000000230967998,3688.714278411865,0.010904925
,6800,,7396,105.25683606000003,3.25,170,0,,,,,,,,,,,
5.0,6840,211.33650588989258,,,,,,0.089694082736969,-0.01766169936105144,539.292724609375,0.0003,1700,0.8159880638122559,0.2,-3.5618068158626555,0.2300000051036477,5603.642633056641,0.013844725
,6840,,7415,106.98139606000001,3.26,171,0,,,,,,,,,,,
3.0,6880,93.65739250183105,,,,,,-0.011602163314819336,-0.014351264686047216,2951.1923828125,0.0003,1710,0.8142226934432983,0.2,-3.5569518178701403,0.1600000036880374,5382.061125183105,0.015273011
,6880,,7473,92.52226270000001,3.11,172,0,,,,,,,,,,,
2.0,6920,53.332881927490234,,,,,,0.025992929935455322,-0.018892783350856913,501.4316711425781,0.0003,1720,0.816301703453064,0.2,-3.552880635857582,0.2000000037252903,4364.09998550415,0.020006824
,6920,,7529,84.81204185000003,2.98,173,0,,,,,,,,,,,
4.0,6960,61.06075441092253,,,,,,0.09033054113388062,-0.00587467290576571,927.3807983398438,0.0003,1730,0.818102240562439,0.2,-3.562042498588562,0.16750000324100256,5047.557409667968,0.008074673
,6960,,7581,84.49415175,3.03,174,0,,,,,,,,,,,
4.0,7000,168.7497673034668,,,,,,0.05364137887954712,-0.01572263646448846,1070.8046875,0.0003,1740,0.8189511299133301,0.2,-3.5652741730213164,0.16750000342726706,5032.170923614502,0.005604917
,7000,,7629,87.75094050999998,3.1,175,0,,,,,,,,,,,
1.0,7040,-5.0,,,,,,0.022043704986572266,-0.009457603190348874,3914.181396484375,0.0003,1750,0.8150197863578796,0.2,-3.5591766387224197,0.06250000111758709,5504.017720794678,0.012844607
,7040,,7646,93.75566488,3.19,176,0,,,,,,,,,,,
5.0,7080,198.58418464660645,,,,,,0.12344330549240112,-0.018155753177998113,1773.897705078125,0.0003,1760,0.8121883869171143,0.2,-3.547107148170471,0.20500000473111868,4838.545491027832,0.016440663
,7080,,7701,99.91762668000001,3.22,177,0,,,,,,,,,,,
5.0,7120,327.1585350036621,,,,,,0.039174556732177734,-0.012414237535995198,1995.4725341796875,0.0003,1770,0.8097173571586609,0.2,-3.533739894628525,0.3525000074878335,7009.431158447265,0.023061505
,7120,,7720,104.27859798,3.23,178,0,,,,,,,,,,,
5.0,7160,439.6287536621094,,,,,,-0.0007328987121582031,-0.017195184803858864,3608.262939453125,0.0003,1780,0.8105204105377197,0.2,-3.530657318234444,0.16500000283122063,7106.360339355469,0.014988553
,7160,,7738,105.76946887000003,3.19,179,0,,,,,,,,,,,
5.0,7200,376.78738021850586,,,,,,-0.012099146842956543,-0.012384712044386115,4132.60107421875,0.0003,1790,0.8111206889152527,0.2,-3.53490227162838,0.07500000149011612,9366.161041259766,0.011701796
,7200,,7787,113.00627347000001,3.27,180,0,,,,,,,,,,,
3.0,7240,28.3418025970459,,,,,,-0.03802204132080078,-0.0026422601813101297,7555.57861328125,0.0003,1800,0.809038519859314,0.2,-3.5308668583631517,0.06500000096857547,12019.074420166016,0.014663433
,7240,,7808,114.34327477999999,3.28,181,0,,,,,,,,,,,
2.0,7280,10.633148193359375,,,,,,0.07541114091873169,-0.029318593462739954,3007.677734375,0.0003,1810,0.809890627861023,0.2,-3.527333232760429,0.25000000558793545,6272.171719360352,0.014241006
,7280,,7826,118.93330723999999,3.31,182,0,,,,,,,,,,,
4.0,7320,64.06348329782486,,,,,,0.026906728744506836,-0.0276024858042365,8121.3134765625,0.0003,1820,0.8101822137832642,0.2,-3.5295998215675355,0.26250000614672897,8200.320373535156,0.011500983
,7320,,7845,121.71539246999998,3.29,183,0,,,,,,,,,,,
5.0,7360,317.73047256469727,,,,,,0.046387553215026855,-0.03379578663370921,3314.531005859375,0.0003,1830,0.8063639402389526,0.2,-3.5203224807977676,0.21000000461935997,8887.927041625977,0.021556392
,7360,,7863,120.30308203,3.22,184,0,,,,,,,,,,,
5.0,7400,340.66358184814453,,,,,,-0.0031687021255493164,-0.017276390722836366,6503.8095703125,0.0003,1840,0.8047099113464355,0.2,-3.5084554821252825,0.1950000036507845,8994.097439575195,0.020742007
,7400,,7885,118.86066843999998,3.07,185,0,,,,,,,,,,,
5.0,7440,292.98519134521484,,,,,,-0.028210759162902832,-0.038769941403297724,6236.1494140625,0.0003,1850,0.8028078079223633,0.2,-3.502077630162239,0.2425000049173832,12805.92336730957,0.0264192
,7440,,7903,119.73246241999999,3.06,186,0,,,,,,,,,,,
2.0,7480,52.047237396240234,,,,,,-0.09905600547790527,-0.020727556589772565,5205.19580078125,0.0003,1860,0.8012644648551941,0.2,-3.49655444920063,0.0800000011920929,13239.066673278809,0.00699451
,7480,,7924,117.92531525000003,3.03,187,0,,,,,,,,,,,
2.0,7520,9.370201110839844,,,,,,-0.006055712699890137,-0.01272918070480955,6513.8916015625,0.0003,1870,0.8019220232963562,0.2,-3.4942542880773546,0.14750000275671482,10046.114465332032,0.013907358
,7520,,7941,117.44943193,2.95,188,0,,,,,,,,,,,
5.0,7560,182.24045952688903,,,,,,-0.0379796028137207,-0.020905310076777827,4958.904296875,0.0003,1880,0.8018863201141357,0.2,-3.496578150987625,0.10250000171363353,11040.954196166993,0.008746551
,7560,,7959,116.37182218,2.95,189,0,,,,,,,,,,,
5.0,7600,317.9899139404297,,,,,,0.022449731826782227,-0.004659298445185378,1043.3070068359375,0.0003,1890,0.8021494150161743,0.2,-3.494948571920395,0.21750000528991223,6089.762637329101,0.0027673051
,7600,,8010,117.68165983999998,2.92,190,0,,,,,,,,,,,
5.0,7640,221.18536567687988,,,,,,0.0003132820129394531,-0.009041132794300211,4474.92041015625,0.0003,1900,0.8021370768547058,0.2,-3.49323293864727,0.17250000275671482,10839.65791015625,0.013030222
,7640,,8070,116.79898834,2.89,191,0,,,,,,,,,,,
5.0,7680,248.36623764038086,,,,,,-0.11124098300933838,-0.0014791317181152453,6284.615234375,0.0003,1910,0.8052850961685181,0.2,-3.4983285456895827,0.19750000387430192,8997.869953918456,0.007881758
,7680,,8111,112.66951813000001,2.83,192,0,,,,,,,,,,,
5.0,7720,316.4216613769531,,,,,,-0.025451183319091797,-0.045642200245201804,3590.90478515625,0.0003,1920,0.804770827293396,0.2,-3.5043089896440507,0.29250000715255736,12601.163719177246,0.020458084
,7720,,8130,114.35514823999998,2.87,193,0,,,,,,,,,,,
3.0,7760,117.25505447387695,,,,,,0.08708316087722778,-0.024594465465743266,2044.682373046875,0.0003,1930,0.8032237887382507,0.2,-3.4989307910203933,0.20750000439584254,9788.521043395996,0.016503718
,7760,,8149,109.61712012,2.81,194,0,,,,,,,,,,,
5.0,7800,339.43684005737305,,,,,,-0.044942259788513184,-0.01077003997314927,3904.8876953125,0.0003,1940,0.8052498698234558,0.2,-3.4953345209360123,0.06000000089406967,9177.057526397704,0.0049476684
,7800,,8198,106.74887783,2.79,195,0,,,,,,,,,,,
5.0,7840,298.6114196777344,,,,,,-0.08583509922027588,-0.061803486103599425,2545.262451171875,0.0003,1950,0.8043683767318726,0.2,-3.496012794971466,0.4875000104308128,10241.119648742675,0.03618259
,7840,,8246,108.46840214,2.75,196,0,,,,,,,,,,,
5.0,7880,208.64737606048584,,,,,,-0.07183313369750977,-0.025371226189017725,3277.08740234375,0.0003,1960,0.8002609014511108,0.2,-3.4862801790237428,0.21000000461935997,11187.46680908203,0.015746284
,7880,,8263,112.51406266,2.84,197,0,,,,,,,,,,,
1.0,7920,-5.0,,,,,,-0.003318190574645996,-0.004412380755093181,7490.421875,0.0003,1970,0.8012256026268005,0.2,-3.4758984833955764,0.24750000480562448,9436.441959381104,0.057401143
,7920,,8321,118.49209059,2.87,198,0,,,,,,,,,,,
5.0,7960,220.61932754516602,,,,,,-0.0017821788787841797,-0.03233775757266357,6480.1611328125,0.0003,1980,0.8023011088371277,0.2,-3.4807179629802705,0.21500000394880772,12391.821887207032,0.01398736
,7960,,8391,131.72821601,3.06,199,0,,,,,,,,,,,
5.0,8000,332.6233940124512,,,,,,-6.437301635742188e-05,-0.02077595275840962,6138.51318359375,0.0003,1990,0.8023632764816284,0.2,-3.4825171291828156,0.2775000063702464,11983.31135559082,0.015363924
,8000,,8410,127.20534444,2.96,200,0,,,,,,,,,,,
