time/total_timesteps,eval/mean_reward,eval/mean_ep_length,time/fps,time/time_elapsed,time/iterations,rollout/ep_rew_mean,rollout/ep_len_mean,train/policy_gradient_loss,train/n_updates,train/value_loss,train/approx_kl,train/entropy_loss,train/loss,train/std,train/learning_rate,train/explained_variance,train/clip_range,train/clip_fraction
40,3.1584606170654297,5.0,,,,,,,,,,,,,,,,
40,,,0,120,1,0.9882095624999994,2.4375,,,,,,,,,,,
80,39.10780334472656,3.0,,,,,,-0.018682282544832562,10,494.73547546863557,0.017255282,-4.259637951850891,95.28641510009766,1.0002765655517578,0.0003,-0.001686692237854004,0.2,0.2500000050291419
80,,,0,187,2,2.27153825,2.2222222222222223,,,,,,,,,,,
120,18.316020965576172,5.0,,,,,,-0.007638152933532183,20,627.2485617637634,0.008045475,-4.257236069440841,36.48420333862305,0.9995006322860718,0.0003,-0.0011576414108276367,0.2,0.042500000633299354
120,,,0,296,3,4.080293039215686,2.2745098039215685,,,,,,,,,,,
160,-5.0,1.0,,,,,,-0.0016791909032690456,30,519.2020669221878,0.0035980432,-4.255602240562439,170.505859375,0.9989733695983887,0.0003,0.001016855239868164,0.2,0.007500000111758709
160,,,0,468,4,5.5914948219178084,2.191780821917808,,,,,,,,,,,
200,-20.181723728775978,5.0,,,,,,-0.02082705420369164,40,912.7035580396653,0.03551804,-4.249640536308289,42.11896514892578,0.9964572787284851,0.0003,0.000933229923248291,0.2,0.3000000068917871
200,,,0,536,5,3.962616144444444,2.2,,,,,,,,,,,
240,-10.0,2.0,,,,,,-0.020117125076212706,50,142.39587973356248,0.029514385,-4.242762887477875,9.378097534179688,0.9955222606658936,0.0003,0.005639970302581787,0.2,0.2125000048428774
240,,,0,625,6,2.14262624,2.11,,,,,,,,,,,
280,16.92628765106201,4.0,,,,,,-0.033557180284983626,60,83.88508257865905,0.03180735,-4.234073036909104,116.13316345214844,0.9913737773895264,0.0003,-0.008663654327392578,0.2,0.4800000101327896
280,,,0,687,7,2.8672864899999997,2.22,,,,,,,,,,,
320,64.32419300079346,5.0,,,,,,-0.01440296342305374,70,282.8160573720932,0.030311909,-4.2307569742202755,240.25291442871094,0.9925585985183716,0.0003,0.022031188011169434,0.2,0.33000000696629284
320,,,0,746,8,2.6289314700000004,2.33,,,,,,,,,,,
360,102.14249801635742,5.0,,,,,,-0.0180380716919899,80,630.6760999560356,0.017584417,-4.226767265796662,23.595020294189453,0.9883284568786621,0.0003,0.01608097553253174,0.2,0.2800000060349703
360,,,0,800,9,2.92603746,2.28,,,,,,,,,,,
400,30.5916907787323,3.0,,,,,,0.0014106103497033451,90,1350.3930300712586,0.0018695816,-4.216218334436417,1035.927978515625,0.9860250353813171,0.0003,-0.009001374244689941,0.2,0.0800000011920929
400,,,0,889,10,3.74594962,2.32,,,,,,,,,,,
440,-10.0,2.0,,,,,,-0.030622507700754798,100,787.9653814077377,0.03428094,-4.21403666138649,38.835933685302734,0.9862667918205261,0.0003,0.002630949020385742,0.2,0.30500000696629287
440,,,0,943,11,9.692762,2.36,,,,,,,,,,,
480,-0.8206081390380859,5.0,,,,,,-0.018995721067622075,110,3801.437444806099,0.018970903,-4.213837885856629,628.2951049804688,0.9858855605125427,0.0003,0.0018303990364074707,0.2,0.1875000039115548
480,,,0,998,12,14.798277300000002,2.48,,,,,,,,,,,
520,38.90276336669922,3.0,,,,,,-0.005845791034480496,120,3180.1581749916077,0.023929305,-4.213520967960358,901.4689331054688,0.9861778616905212,0.0003,0.0016289949417114258,0.2,0.22000000420957805
520,,,0,1045,13,16.46042507,2.51,,,,,,,,,,,
560,58.000128984451294,5.0,,,,,,-0.015669140723321106,130,2005.022659111023,0.0101319,-4.2115697205066684,1972.024658203125,0.9845570921897888,0.0003,0.00010728836059570312,0.2,0.19750000406056642
560,,,0,1095,14,19.447216140000002,2.48,,,,,,,,,,,
600,4.099061965942383,3.0,,,,,,-0.021106760064249098,140,1616.5068088531493,0.021000855,-4.205295699834823,88.20030212402344,0.982323408126831,0.0003,-0.025502920150756836,0.2,0.20250000432133675
600,,,0,1148,15,21.639904860000005,2.57,,,,,,,,,,,
640,49.888545989990234,3.0,,,,,,-0.023169819394788637,150,2172.3942556381226,0.019183975,-4.200316429138184,364.9291076660156,0.9815301895141602,0.0003,0.008512377738952637,0.2,0.22000000402331352
640,,,0,1210,16,20.04986037,2.53,,,,,,,,,,,
680,47.70614242553711,3.0,,,,,,-0.016059598244910378,160,332.271862411499,0.01132823,-4.195614552497863,60.966026306152344,0.9789924621582031,0.0003,0.015852928161621094,0.2,0.14750000331550836
680,,,0,1263,17,16.86002626,2.39,,,,,,,,,,,
720,37.80746841430664,2.0,,,,,,-0.023427052181314155,170,2349.8697925567626,0.01714247,-4.189119809865952,81.4830093383789,0.977439284324646,0.0003,0.007202088832855225,0.2,0.2200000047683716
720,,,0,1328,18,17.28376093,2.34,,,,,,,,,,,
760,-10.0,2.0,,,,,,-0.01504950284725055,180,3049.5785201072695,0.012671683,-4.183034747838974,3181.283447265625,0.9752391576766968,0.0003,-0.009480834007263184,0.2,0.20750000439584254
760,,,0,1385,19,16.946404830000002,2.15,,,,,,,,,,,
800,60.630422592163086,3.0,,,,,,-0.023946378963319147,190,2106.655699920654,0.015894843,-4.176540571451187,322.4503479003906,0.972957968711853,0.0003,0.0012571215629577637,0.2,0.16000000275671483
800,,,0,1463,20,15.112216329999999,1.99,,,,,,,,,,,
840,9.385835647583008,3.0,,,,,,-0.010143985087233886,200,960.5740351676941,0.016991906,-4.167347544431687,267.43255615234375,0.9698300361633301,0.0003,0.016798853874206543,0.2,0.07000000104308128
840,,,0,1556,21,21.6940167,2.01,,,,,,,,,,,
880,6.056386947631836,2.0,,,,,,-0.0140907317249372,210,21284.909254074097,0.009268043,-4.161133432388306,181.2386474609375,0.9684855341911316,0.0003,-0.011862993240356445,0.2,0.12250000238418579
880,,,0,1617,22,23.471153590000004,2.08,,,,,,,,,,,
920,35.3747444152832,2.0,,,,,,-0.02201752367574956,220,2546.613072967529,0.024810104,-4.15849494934082,1888.570556640625,0.9685880541801453,0.0003,0.005491912364959717,0.2,0.16500000283122063
920,,,0,1662,23,27.026451849999997,2.08,,,,,,,,,,,
960,-5.0,1.0,,,,,,-0.01824429820037039,230,4824.44068107605,0.015530932,-4.157923984527588,1214.4520263671875,0.9677137136459351,0.0003,-0.012622237205505371,0.2,0.21500000432133676
960,,,0,1737,24,28.621454500000006,2.1,,,,,,,,,,,
1000,-5.0,1.0,,,,,,0.0010096504085231662,240,5605.495628356934,0.021621875,-4.15332921743393,175.08045959472656,0.9654248952865601,0.0003,-0.0013371706008911133,0.2,0.22500000428408384
1000,,,0,1797,25,27.562787309999997,2.16,,,,,,,,,,,
1040,35.579301834106445,5.0,,,,,,0.003141353173778061,250,593.8006713867187,0.0112893125,-4.142717456817627,257.61181640625,0.9616860151290894,0.0003,-0.003561258316040039,0.2,0.16000000294297934
1040,,,0,1854,26,27.5663469,2.27,,,,,,,,,,,
1080,125.15509223937988,3.0,,,,,,-0.03324868659030471,260,550.4521053314209,0.048583597,-4.139811342954635,336.7853698730469,0.963124692440033,0.0003,-0.07563579082489014,0.2,0.3725000085309148
1080,,,0,1888,27,25.494187670000002,2.22,,,,,,,,,,,
1120,-24.131370067596436,5.0,,,,,,-0.004339506153301043,270,1237.0735027313233,0.02829868,-4.130363410711288,986.896484375,0.9563220739364624,0.0003,-0.011565804481506348,0.2,0.12750000301748515
1120,,,0,1912,28,26.136689620000002,2.27,,,,,,,,,,,
1160,20.161348342895508,2.0,,,,,,-0.011588168625858087,280,3635.8981966018678,0.011125358,-4.117768722772598,2564.509033203125,0.9546090960502625,0.0003,-0.009493827819824219,0.2,0.08750000149011612
1160,,,0,1941,29,27.67011676,2.27,,,,,,,,,,,
1200,18.331113815307617,2.0,,,,,,-0.0199465885002428,290,17634.34199333191,0.017553575,-4.112846946716308,19526.705078125,0.9534784555435181,0.0003,-0.010239481925964355,0.2,0.14000000320374967
1200,,,0,1967,30,33.80860561,2.37,,,,,,,,,,,
1240,66.82842254638672,2.0,,,,,,-0.02286829268542534,300,7138.16813659668,0.027366579,-4.108720058202744,2520.676025390625,0.9518415331840515,0.0003,-0.007976412773132324,0.2,0.16000000331550837
1240,,,0,2014,31,36.40191841,2.3,,,,,,,,,,,
1280,55.045745849609375,3.0,,,,,,-0.03364139165903908,310,5459.365628433227,0.029029613,-4.104849016666412,8115.263671875,0.9512945413589478,0.0003,0.0018543601036071777,0.2,0.2800000052899122
1280,,,0,2145,32,38.261283320000004,2.18,,,,,,,,,,,
1320,96.13123321533203,2.0,,,,,,0.0001062776054459369,320,1362.6987812042237,0.007907387,-4.107772392034531,329.9500427246094,0.9530479907989502,0.0003,-0.05191147327423096,0.2,0.12750000245869159
1320,,,0,2172,33,44.4056941,2.22,,,,,,,,,,,
1360,-10.0,2.0,,,,,,-0.005984286091916147,330,8787.868465042115,0.0082472935,-4.109409511089325,1331.085693359375,0.952531099319458,0.0003,0.01395559310913086,0.2,0.042500000633299354
1360,,,0,2226,34,37.29519253,2.01,,,,,,,,,,,
1400,198.18164443969727,4.0,,,,,,-0.007506806980291003,340,3152.0613540649415,0.010236528,-4.107364982366562,382.8409118652344,0.952046811580658,0.0003,0.004013478755950928,0.2,0.06500000115483999
1400,,,0,2250,35,38.18639844,2.02,,,,,,,,,,,
1440,147.86059188842773,3.0,,,,,,-0.002360294872378288,350,4565.712563323975,0.016108537,-4.104669773578644,607.8139038085938,0.9511975049972534,0.0003,-0.0022748708724975586,0.2,0.24500000495463609
1440,,,0,2279,36,46.653568299999996,2.17,,,,,,,,,,,
1480,-5.0,1.0,,,,,,-0.002845170805635444,360,7257.613130950927,0.0050250096,-4.102928334474564,582.8858032226562,0.9507417678833008,0.0003,0.011594951152801514,0.2,0.015000000223517418
1480,,,0,2384,37,49.99758755,2.1,,,,,,,,,,,
1520,59.03449249267578,2.0,,,,,,-0.009867548092151956,370,11567.415979003907,0.01301112,-4.101719671487809,628.4415893554688,0.9506096243858337,0.0003,-0.03695797920227051,0.2,0.1400000024586916
1520,,,0,2471,38,48.62899522,2.09,,,,,,,,,,,
1560,19.0443115234375,2.0,,,,,,-0.026714719197407245,380,9376.682869720458,0.015821856,-4.1019169092178345,10013.74609375,0.9505925178527832,0.0003,-0.006858229637145996,0.2,0.2775000059977174
1560,,,0,2496,39,49.984215999999996,2.2,,,,,,,,,,,
1600,190.95616722106934,4.0,,,,,,-0.007013162678631524,390,3561.0199310302733,0.008786108,-4.097645622491837,739.9854125976562,0.9482645988464355,0.0003,-0.012467384338378906,0.2,0.19000000432133674
1600,,,0,2565,40,43.19097399999999,2.07,,,,,,,,,,,
1640,-5.0,1.0,,,,,,-0.019244427100893514,400,3955.2390213012695,0.019625854,-4.091638684272766,2139.268798828125,0.9465891122817993,0.0003,-0.06281697750091553,0.2,0.15250000301748515
1640,,,0,2596,41,38.68090839,2.0,,,,,,,,,,,
1680,-2.3668092489242554,4.0,,,,,,-0.019295033205926303,410,2336.831002044678,0.017317869,-4.087555253505707,704.7039794921875,0.9454361796379089,0.0003,-0.07009613513946533,0.2,0.0675000013783574
1680,,,0,2622,42,35.05810388,2.05,,,,,,,,,,,
1720,102.43140411376953,2.0,,,,,,-0.0002721965418459149,420,7927.14362487793,0.00092779554,-4.082499915361405,3374.19970703125,0.9433231353759766,0.0003,-0.042111754417419434,0.2,0.0
1720,,,0,2648,43,30.78591936,2.02,,,,,,,,,,,
1760,0.7318682670593262,2.0,,,,,,-0.010166239543946177,430,4744.661596298218,0.018302865,-4.080672717094421,2568.513671875,0.9443672895431519,0.0003,-0.0099259614944458,0.2,0.15250000339001418
1760,,,0,2677,44,33.83267633,2.03,,,,,,,,,,,
1800,-5.0,1.0,,,,,,-0.014211651353980415,440,5583.173624420166,0.014657196,-4.081681436300277,601.605224609375,0.9435070753097534,0.0003,-0.05568969249725342,0.2,0.0775000013411045
1800,,,0,2701,45,32.78575661,2.08,,,,,,,,,,,
1840,180.5086898803711,3.0,,,,,,-0.005968834626110042,450,2622.676306915283,0.0027763247,-4.08106729388237,1954.1400146484375,0.944311797618866,0.0003,-0.019080758094787598,0.2,0.0
1840,,,0,2782,46,28.48047716,2.03,,,,,,,,,,,
1880,-10.0,2.0,,,,,,-0.018286602253756428,460,2857.6987487792967,0.011807961,-4.078901880979538,422.952880859375,0.9422169923782349,0.0003,0.010873794555664062,0.2,0.16250000279396773
1880,,,0,2838,47,27.419945050000003,1.94,,,,,,,,,,,
1920,137.5324935913086,4.0,,,,,,-0.015403008829307651,470,2642.5742881774904,0.014432266,-4.073706275224685,1618.1474609375,0.9413110613822937,0.0003,-0.02262413501739502,0.2,0.16000000350177288
1920,,,0,2951,48,15.281875370000002,1.75,,,,,,,,,,,
1960,-10.0,2.0,,,,,,-0.018664928892612797,480,1455.2239505767823,0.015836554,-4.070054990053177,343.3190612792969,0.9401280879974365,0.0003,0.023543179035186768,0.2,0.21000000424683093
1960,,,0,2979,49,19.67751581,1.81,,,,,,,,,,,
2000,3.602436065673828,2.0,,,,,,-0.001137772340116494,490,4716.023059844971,0.029526722,-4.064077812433243,1542.3052978515625,0.9379252791404724,0.0003,0.0016793012619018555,0.2,0.24750000517815351
2000,,,0,3004,50,22.206279140000003,1.8,,,,,,,,,,,
2040,112.9362678527832,3.0,,,,,,-0.02757672706138692,500,2061.5751251220704,0.030805748,-4.057335603237152,518.1719970703125,0.93572998046875,0.0003,0.025189995765686035,0.2,0.2400000048801303
2040,,,0,3065,51,21.78317157,1.8,,,,,,,,,,,
2080,59.375,2.0,,,,,,0.005555577428749525,510,2698.301954269409,0.037499797,-4.046171933412552,1499.615966796875,0.9307665824890137,0.0003,-0.02386331558227539,0.2,0.25000000521540644
2080,,,0,3093,52,22.286680220000004,1.8,,,,,,,,,,,
2120,-25.0,5.0,,,,,,-0.02325800658255499,520,1954.9771213531494,0.031117145,-4.036427313089371,238.73085021972656,0.930601954460144,0.0003,-0.03408634662628174,0.2,0.28750000726431607
2120,,,0,3124,53,23.269020800000003,1.9,,,,,,,,,,,
2160,-5.0,1.0,,,,,,-0.021291335308051183,530,990.2188478469849,0.014430059,-4.035196405649185,187.25131225585938,0.9304046034812927,0.0003,-0.03626847267150879,0.2,0.43250000961124896
2160,,,0,3163,54,21.119487160000002,2.03,,,,,,,,,,,
2200,-10.0,2.0,,,,,,-0.038921387859154485,540,762.1195293426514,0.022431714,-4.029865884780884,242.79148864746094,0.9272763133049011,0.0003,-0.04008901119232178,0.2,0.35750000830739737
2200,,,0,3198,55,22.67236077,1.99,,,,,,,,,,,
2240,-5.0,1.0,,,,,,-0.023066957063929295,550,12890.664110374451,0.02910822,-4.020983332395554,448.8939208984375,0.9267065525054932,0.0003,-0.0029839277267456055,0.2,0.3425000077113509
2240,,,0,3227,56,31.109970999999994,2.12,,,,,,,,,,,
2280,-5.0,1.0,,,,,,0.007673317607986974,560,17050.294903182985,0.0124080535,-4.020211988687516,5947.26416015625,0.9259730577468872,0.0003,-0.01011204719543457,0.2,0.05500000081956387
2280,,,0,3253,57,35.486375380000005,2.15,,,,,,,,,,,
2320,12.72811508178711,2.0,,,,,,-0.0019206905546980124,570,19576.585776519776,0.0021453993,-4.0188695907592775,372.36614990234375,0.9259456396102905,0.0003,-0.005411624908447266,0.2,0.0
2320,,,0,3282,58,40.44389688,2.18,,,,,,,,,,,
2360,26.7839412689209,2.0,,,,,,-0.03312809514441824,580,15881.591015625,0.02346935,-4.018353193998337,2286.645751953125,0.9261115789413452,0.0003,-0.0006257295608520508,0.2,0.20000000577419996
2360,,,0,3306,59,42.61792523,2.11,,,,,,,,,,,
2400,66.98072052001953,3.0,,,,,,-0.033904773019603464,590,1904.6971084594727,0.024063848,-4.014618998765945,1068.9478759765625,0.9241636991500854,0.0003,-0.06254279613494873,0.2,0.38500000908970833
2400,,,0,3334,60,49.52604244,2.13,,,,,,,,,,,
2440,140.8567132949829,5.0,,,,,,-0.01322620700239896,600,8568.943895721435,0.0058899107,-4.010194891691208,1078.0892333984375,0.9228347539901733,0.0003,0.013710439205169678,0.2,0.05000000074505806
2440,,,0,3359,61,46.11580339,2.13,,,,,,,,,,,
2480,32.458473205566406,2.0,,,,,,0.0007850929115352345,610,3987.669319152832,0.01100922,-4.0028463274240496,3142.56787109375,0.9197897911071777,0.0003,-0.021303296089172363,0.2,0.1300000024959445
2480,,,0,3409,62,39.45425606,2.11,,,,,,,,,,,
2520,186.68495178222656,3.0,,,,,,-0.02727596852157148,620,6220.193373870849,0.03213807,-3.991922289133072,537.597900390625,0.9166078567504883,0.0003,-0.016432523727416992,0.2,0.16750000305473806
2520,,,0,3439,63,40.10332402,2.14,,,,,,,,,,,
2560,332.9324722290039,5.0,,,,,,-0.017440265276854917,630,2306.4664085388185,0.01911011,-3.9851990312337877,1118.46240234375,0.915764570236206,0.0003,-0.04695439338684082,0.2,0.11500000189989805
2560,,,0,3462,64,47.75120285,2.19,,,,,,,,,,,
2600,368.47996520996094,5.0,,,,,,0.001611871277236787,640,24714.14839630127,0.00096717034,-3.982179006934166,23566.68359375,0.9146063327789307,0.0003,0.0035367608070373535,0.2,0.0
2600,,,0,3488,65,61.50852041,2.25,,,,,,,,,,,
2640,236.98980712890625,4.0,,,,,,-0.010346105919752513,650,33759.86969299316,0.009545265,-3.9780148714780807,10374.6162109375,0.9136397242546082,0.0003,0.0039250850677490234,0.2,0.09250000156462193
2640,,,0,3511,66,77.59079528000001,2.4,,,,,,,,,,,
2680,119.30231380462646,5.0,,,,,,0.01696613595726375,660,26374.699284362792,0.0114310365,-3.9756723761558534,1297.7852783203125,0.913330078125,0.0003,0.0038924813270568848,0.2,0.09750000182539224
2680,,,0,3532,67,88.85693090000001,2.52,,,,,,,,,,,
2720,166.5152621269226,5.0,,,,,,-0.019908180556667498,670,17789.02544555664,0.014921412,-3.9748783081769945,9985.4267578125,0.9131017923355103,0.0003,-0.01805126667022705,0.2,0.18000000342726707
2720,,,0,3553,68,91.07109784999999,2.63,,,,,,,,,,,
2760,31.891117095947266,3.0,,,,,,-0.012902210886941245,680,4972.202208709717,0.01211016,-3.972847658395767,1438.3203125,0.9128970503807068,0.0003,0.01439589262008667,0.2,0.1575000027194619
2760,,,0,3587,69,105.22254751000003,2.68,,,,,,,,,,,
2800,67.50777053833008,3.0,,,,,,-0.013365476379676711,690,20211.961813354494,0.0113059245,-3.9721509754657744,7192.57568359375,0.9121882319450378,0.0003,-0.01587963104248047,0.2,0.04500000067055225
2800,,,0,3615,70,109.30799508,2.66,,,,,,,,,,,
2840,90.67739868164062,2.0,,,,,,-0.01445564386445768,700,10775.77557067871,0.010475384,-3.9697848826646807,2803.579345703125,0.9116183519363403,0.0003,-0.02328634262084961,0.2,0.042500000633299354
2840,,,0,3643,71,90.89326896,2.53,,,,,,,,,,,
2880,-5.0,1.0,,,,,,-0.006587338020690369,710,7574.873485946655,0.012063398,-3.9684463858604433,2444.051025390625,0.9113272428512573,0.0003,-0.009545087814331055,0.2,0.07750000115483999
2880,,,0,3721,72,71.12877789,2.35,,,,,,,,,,,
2920,116.32091552019119,5.0,,,,,,-0.00872344610962501,720,8543.899339294434,0.007558623,-3.968597114086151,1931.7646484375,0.9117492437362671,0.0003,0.05108696222305298,0.2,0.10000000186264515
2920,,,0,3742,73,63.58295022,2.24,,,,,,,,,,,
2960,-5.0,1.0,,,,,,-0.010721413438532178,730,7483.0519546508785,0.017704792,-3.9688564360141756,7420.2421875,0.9118422865867615,0.0003,-0.004222393035888672,0.2,0.24750000517815351
2960,,,0,3762,74,62.26572580999999,2.25,,,,,,,,,,,
3000,-5.0,1.0,,,,,,-0.0036132373521831963,740,5874.435049438476,0.011848887,-3.971208193898201,2705.547119140625,0.9133124351501465,0.0003,-0.10941457748413086,0.2,0.09250000156462193
3000,,,0,3788,75,60.811694290000005,2.25,,,,,,,,,,,
3040,228.81899547576904,5.0,,,,,,-0.008622292286599987,750,9946.608728027344,0.028602205,-3.972009667754173,4625.98046875,0.9119400382041931,0.0003,-0.014468193054199219,0.2,0.10000000167638064
3040,,,0,3810,76,72.63126113,2.38,,,,,,,,,,,
3080,152.96306037902832,5.0,,,,,,-0.0174008005023643,760,16649.216134643553,0.02078709,-3.9680284768342973,5457.3720703125,0.9115060567855835,0.0003,-0.002927064895629883,0.2,0.22250000555068256
3080,,,0,3835,77,75.01466372,2.39,,,,,,,,,,,
3120,115.47773432731628,5.0,,,,,,-0.012005921217314608,770,10650.972830200195,0.0056519387,-3.9653334587812425,3827.882568359375,0.9102917909622192,0.0003,-0.005032777786254883,0.2,0.030000000447034835
3120,,,0,3857,78,87.70011772000002,2.54,,,,,,,,,,,
3160,44.4383807182312,5.0,,,,,,-0.04175344257091638,780,12986.302772521973,0.067757905,-3.9616656333208082,941.4303588867188,0.9097065925598145,0.0003,0.04302030801773071,0.2,0.2725000062957406
3160,,,0,3918,79,96.33093994000001,2.66,,,,,,,,,,,
3200,75.62240266799927,4.0,,,,,,-0.006269644972562683,790,18440.61842498779,0.008290185,-3.9623532027006148,3977.8857421875,0.9097844958305359,0.0003,-0.037781357765197754,0.2,0.11750000230967998
3200,,,0,3936,80,106.27108509999998,2.76,,,,,,,,,,,
3240,323.81693863868713,5.0,,,,,,-0.017334147162328017,800,16412.673706054688,0.01086919,-3.96124387383461,5145.84033203125,0.9093461036682129,0.0003,0.006779730319976807,0.2,0.11250000186264515
3240,,,0,3958,81,110.00979432999999,2.76,,,,,,,,,,,
3280,-5.0,1.0,,,,,,-0.01546952318516559,810,14837.23836669922,0.0045209527,-3.9581783801317214,3186.569091796875,0.9084159135818481,0.0003,0.03205817937850952,0.2,0.2175000051036477
3280,,,0,3978,82,115.49240931,2.84,,,,,,,,,,,
3320,78.38245391845703,3.0,,,,,,-0.01860852289551985,820,15722.101351928712,0.015200099,-3.9552193373441695,4471.84228515625,0.9074729681015015,0.0003,-0.0274430513381958,0.2,0.13250000234693288
3320,,,0,4053,83,108.24308697999999,2.83,,,,,,,,,,,
3360,-5.0,1.0,,,,,,-0.017750083560858908,830,9592.014602661133,0.018346168,-3.954348224401474,4676.26416015625,0.9079453349113464,0.0003,0.04188883304595947,0.2,0.2650000054389238
3360,,,0,4077,84,112.59917553999999,2.87,,,,,,,,,,,
3400,1.017460823059082,2.0,,,,,,-0.01469642768464836,840,10462.702215576172,0.010572662,-3.9546967178583143,14654.421875,0.9075719714164734,0.0003,0.02296912670135498,0.2,0.07750000115483999
3400,,,0,4104,85,101.33253943,2.7,,,,,,,,,,,
3440,-5.0,1.0,,,,,,-0.030168641635154935,850,13004.532516479492,0.017649714,-3.9519889801740646,4122.1396484375,0.9062597751617432,0.0003,-0.03129088878631592,0.2,0.22750000525265932
3440,,,0,4134,86,83.46827560000001,2.48,,,,,,,,,,,
3480,91.37162780761719,2.0,,,,,,-0.026828806893172442,860,8162.798287963868,0.023354527,-3.9498559445142747,2258.55224609375,0.9068268537521362,0.0003,-0.01862049102783203,0.2,0.3250000072643161
3480,,,0,4155,87,77.33966786,2.39,,,,,,,,,,,
3520,128.8547739982605,5.0,,,,,,-0.010626470129136579,870,10538.461480712891,0.013841316,-3.9522814452648163,1306.3525390625,0.9073159694671631,0.0003,-0.033405303955078125,0.2,0.09250000137835741
3520,,,0,4174,88,84.35322278,2.37,,,,,,,,,,,
3560,417.4799461364746,5.0,,,,,,-0.02647889490781381,880,30148.009649658205,0.015325934,-3.9526800125837327,13720.9599609375,0.9068073034286499,0.0003,0.005511641502380371,0.2,0.13000000212341548
3560,,,0,4231,89,90.44785316,2.45,,,,,,,,,,,
3600,671.4587326049805,5.0,,,,,,-0.010672026447718964,890,14887.82451171875,0.014609758,-3.9490234434604643,12006.0126953125,0.9055530428886414,0.0003,-0.020935416221618652,0.2,0.24500000551342965
3600,,,0,4254,90,112.07317069000001,2.61,,,,,,,,,,,
3640,474.9810485839844,5.0,,,,,,-0.029257764965004762,900,29234.673776245116,0.01812225,-3.9457270711660386,7027.728515625,0.90489661693573,0.0003,0.030418992042541504,0.2,0.1375000026077032
3640,,,0,4275,91,113.59463871000001,2.65,,,,,,,,,,,
3680,380.1877098083496,5.0,,,,,,-0.013364464062105985,910,18653.886548233033,0.051335104,-3.943842115998268,17972.650390625,0.90489262342453,0.0003,0.03544032573699951,0.2,0.3250000072643161
3680,,,0,4298,92,121.18930037999999,2.62,,,,,,,,,,,
3720,58.183692932128906,2.0,,,,,,-0.004223455618466687,920,14329.864382934571,0.00787401,-3.9429543048143385,7821.02490234375,0.9043407440185547,0.0003,-0.006827950477600098,0.2,0.022500000335276125
3720,,,0,4359,93,125.92766914000002,2.68,,,,,,,,,,,
3760,88.76380062103271,5.0,,,,,,-0.02546776303766819,930,9468.784942626953,0.026573945,-3.9394631296396256,3437.300537109375,0.9027594327926636,0.0003,-0.04033780097961426,0.2,0.287500006519258
3760,,,0,4382,94,124.61580976,2.65,,,,,,,,,,,
3800,327.1978416442871,5.0,,,,,,-0.026968010771925056,940,11215.528033447266,0.03353662,-3.931650146842003,19869.037109375,0.9009561538696289,0.0003,-0.010814070701599121,0.2,0.4425000099465251
3800,,,0,4404,95,132.66012224,2.74,,,,,,,,,,,
3840,161.06475830078125,4.0,,,,,,-0.021424264488668986,950,27225.033087158205,0.018838383,-3.9291919857263564,26725.400390625,0.900575578212738,0.0003,0.008724808692932129,0.2,0.1400000024586916
3840,,,0,4426,96,137.55293073,2.79,,,,,,,,,,,
3880,180.89182090759277,4.0,,,,,,-0.0193486258352641,960,11330.307325744629,0.008550178,-3.9283768802881243,6922.29833984375,0.9007443785667419,0.0003,-0.028524279594421387,0.2,0.11750000193715096
3880,,,0,4450,97,120.57359903999999,2.59,,,,,,,,,,,
3920,10.200456619262695,3.0,,,,,,-0.011382656443238371,970,12702.091046142577,0.03012548,-3.927641600370407,2914.873291015625,0.9001321792602539,0.0003,-0.013927459716796875,0.2,0.18750000447034837
3920,,,0,4472,98,114.25550396,2.61,,,,,,,,,,,
3960,183.8492478132248,5.0,,,,,,-0.027504728871281258,980,6585.707551574707,0.055789765,-3.923753705620766,1793.521728515625,0.8978617191314697,0.0003,0.03248882293701172,0.2,0.3525000074878335
3960,,,0,4494,99,113.71872547,2.65,,,,,,,,,,,
4000,523.7172164916992,5.0,,,,,,-0.015388210842938866,990,8900.969509124756,0.027228378,-3.9199061363935472,3790.359375,0.8982559442520142,0.0003,0.05287671089172363,0.2,0.2425000049173832
4000,,,0,4516,100,129.25568392000002,2.82,,,,,,,,,,,
4040,119.06322860717773,3.0,,,,,,-0.0023013758541492457,1000,22855.654248046874,0.009774409,-3.91960209608078,4361.2685546875,0.8976370692253113,0.0003,0.014079689979553223,0.2,0.09000000152736902
4040,,,0,4536,101,137.7410991,2.95,,,,,,,,,,,
4080,350.5290985107422,5.0,,,,,,-0.015830582248963766,1010,11837.419184875489,0.026929723,-3.9150643765926363,2025.9544677734375,0.8954818248748779,0.0003,0.03228944540023804,0.2,0.23500000536441804
4080,,,0,4600,102,136.84933848,2.99,,,,,,,,,,,
4120,642.2658233642578,5.0,,,,,,-0.01460254616667953,1020,11680.735662078858,0.012408553,-3.9054333329200746,3094.190673828125,0.8920073509216309,0.0003,-0.04359102249145508,0.2,0.19750000331550838
4120,,,0,4623,103,125.35675103,2.86,,,,,,,,,,,
4160,363.52540397644043,5.0,,,,,,-0.030690436622535344,1030,13496.871012878419,0.019230995,-3.897610732913017,3268.4326171875,0.891347348690033,0.0003,0.051138460636138916,0.2,0.29750000648200514
4160,,,0,4688,104,129.19860118,2.89,,,,,,,,,,,
4200,366.5309143066406,5.0,,,,,,-0.023141319332080457,1040,13631.29136352539,0.010178529,-3.8951778382062914,2611.377197265625,0.8905168771743774,0.0003,-0.04459953308105469,0.2,0.1525000024586916
4200,,,0,4708,105,145.12832618000002,3.03,,,,,,,,,,,
4240,7.90926456451416,2.0,,,,,,-0.020816333976108582,1050,15027.372434997558,0.011145916,-3.8917722433805464,9789.1875,0.8890403509140015,0.0003,0.059256792068481445,0.2,0.21750000435858965
4240,,,0,4726,106,140.7167559,3.0,,,,,,,,,,,
4280,370.94638442993164,5.0,,,,,,-0.018946474570548145,1060,8375.463137817384,0.029059827,-3.8827812373638153,3883.156494140625,0.8865922689437866,0.0003,-0.05705904960632324,0.2,0.3825000090524554
4280,,,0,4767,107,138.19584983000001,2.94,,,,,,,,,,,
4320,38.409908294677734,3.0,,,,,,-0.01128029867075384,1070,9099.20436706543,0.021121357,-3.8812046349048615,2779.274169921875,0.8873889446258545,0.0003,0.06400120258331299,0.2,0.24250000528991222
4320,,,0,4785,108,137.85772059999996,3.01,,,,,,,,,,,
4360,234.13029384613037,5.0,,,,,,-0.037679084725386926,1080,6749.349201965332,0.026657227,-3.8783809155225755,5513.19921875,0.8869621157646179,0.0003,0.06807255744934082,0.2,0.3775000089779496
4360,,,0,4854,109,134.05332355000002,3.01,,,,,,,,,,,
4400,168.55586862564087,5.0,,,,,,-0.0038137960638414347,1090,8177.119343566895,0.006595968,-3.877087354660034,4569.66943359375,0.8857650756835938,0.0003,-0.0013712644577026367,0.2,0.20250000432133675
4400,,,0,4875,110,141.28408582,3.03,,,,,,,,,,,
4440,348.6509323120117,5.0,,,,,,0.003038849560834933,1100,14745.274125671387,0.03930401,-3.8760064840316772,1560.1146240234375,0.8875044584274292,0.0003,0.020201563835144043,0.2,0.20500000454485418
4440,,,0,4894,111,140.57345831,3.07,,,,,,,,,,,
4480,121.3465747833252,4.0,,,,,,-0.0027753947750898066,1110,15032.84880065918,0.004747237,-3.876700499653816,13719.845703125,0.8856651782989502,0.0003,0.049124181270599365,0.2,0.25750000569969417
4480,,,0,4916,112,136.61152266999997,3.05,,,,,,,,,,,
4520,13.279725551605225,3.0,,,,,,-0.013576715542585594,1120,7818.904167938233,0.065045774,-3.8685042053461074,2926.776611328125,0.8830083608627319,0.0003,0.05937546491622925,0.2,0.29250000733882187
4520,,,0,4935,113,140.62707754,3.1,,,,,,,,,,,
4560,121.53977108001709,5.0,,,,,,-0.009778294951684075,1130,7902.45345916748,0.014922626,-3.8627494901418684,4249.64501953125,0.882107138633728,0.0003,0.05235159397125244,0.2,0.287500006146729
4560,,,0,4950,114,148.21689178,3.24,,,,,,,,,,,
4600,130.91455841064453,4.0,,,,,,-0.010414071636041623,1140,10088.673803138732,0.083939075,-3.856295531988144,1229.659912109375,0.8787657618522644,0.0003,0.10754859447479248,0.2,0.35500000827014444
4600,,,0,4969,115,158.42719267,3.36,,,,,,,,,,,
4640,519.1528167724609,5.0,,,,,,-0.04307028394716328,1150,15405.259378814697,0.017605321,-3.843363106250763,8726.8974609375,0.8757309913635254,0.0003,0.1179550290107727,0.2,0.2775000067427754
4640,,,0,4989,116,162.25432186999998,3.31,,,,,,,,,,,
4680,298.9708366394043,5.0,,,,,,-0.03475595961535873,1160,22308.887469482423,0.024604185,-3.8387202471494675,6997.419921875,0.8756265640258789,0.0003,0.043678879737854004,0.2,0.407500009983778
4680,,,0,5010,117,177.91592903,3.43,,,,,,,,,,,
4720,210.62078475952148,5.0,,,,,,-0.03949892414020724,1170,12689.069374084473,0.013816124,-3.835569700598717,10741.0087890625,0.8742896914482117,0.0003,0.08530324697494507,0.2,0.28500000648200513
4720,,,0,5030,118,181.00614195000003,3.48,,,,,,,,,,,
4760,89.81842803955078,2.0,,,,,,0.002698964238952617,1180,10843.927736663818,0.010199514,-3.829935848712921,4346.859375,0.8717317581176758,0.0003,0.06647497415542603,0.2,0.18000000324100257
4760,,,0,5051,119,171.78217638,3.42,,,,,,,,,,,
4800,433.4314022064209,5.0,,,,,,-0.02593790826373151,1190,17864.920875549316,0.021498008,-3.822220093011856,20065.7578125,0.870719850063324,0.0003,-0.05470240116119385,0.2,0.37000000923871995
4800,,,0,5076,120,171.68366939999999,3.38,,,,,,,,,,,
4840,-5.0,1.0,,,,,,-0.01176080889643345,1200,15122.092718505859,0.006130643,-3.8160929679870605,6039.42431640625,0.8681091666221619,0.0003,-0.01319432258605957,0.2,0.15250000301748515
4840,,,0,5096,121,178.12891952,3.48,,,,,,,,,,,
4880,211.31387424468994,5.0,,,,,,-0.03342921972733166,1210,13495.337466430665,0.024827242,-3.8061050921678543,15069.0322265625,0.8658407926559448,0.0003,0.04715609550476074,0.2,0.26750000603497026
4880,,,0,5162,122,176.37425814,3.39,,,,,,,,,,,
4920,417.38104248046875,5.0,,,,,,-0.005227268019516484,1220,12043.929898071288,0.009308614,-3.7974854171276093,7777.48974609375,0.8635265231132507,0.0003,0.04103201627731323,0.2,0.1200000025331974
4920,,,0,5184,123,171.42126202,3.35,,,,,,,,,,,
4960,307.4174861907959,5.0,,,,,,-0.0175202447875904,1230,18031.440534973146,0.032543942,-3.791161832213402,19643.111328125,0.862812876701355,0.0003,0.06407409906387329,0.2,0.18000000342726707
4960,,,0,5209,124,169.39713426999998,3.35,,,,,,,,,,,
5000,114.85391998291016,3.0,,,,,,0.0019200592815195705,1240,10105.95578918457,0.009623532,-3.789370393753052,3995.049560546875,0.8623192310333252,0.0003,0.11343955993652344,0.2,0.1375000026077032
5000,,,0,5230,125,157.22448556999998,3.3,,,,,,,,,,,
5040,216.9561653137207,5.0,,,,,,-0.009815266652440192,1250,10306.221224975587,0.009441398,-3.7863443940877914,3555.138671875,0.8612377047538757,0.0003,0.048288941383361816,0.2,0.23000000435858964
5040,,,0,5251,126,155.37007546,3.31,,,,,,,,,,,
5080,181.454195022583,4.0,,,,,,-0.013392388995780491,1260,10414.266569519043,0.023022844,-3.776063525676727,2308.259765625,0.8562862277030945,0.0003,0.004517257213592529,0.2,0.18250000290572643
5080,,,0,5311,127,149.46366441,3.18,,,,,,,,,,,
5120,15.542680740356445,3.0,,,,,,0.0113365231667649,1270,8086.577011108398,0.034845166,-3.7624202609062194,1785.7843017578125,0.8552812933921814,0.0003,-0.01253652572631836,0.2,0.31000000666826966
5120,,,0,5331,128,150.88091321000005,3.2,,,,,,,,,,,
5160,281.26409339904785,5.0,,,,,,0.03837709820914825,1280,10010.12540435791,0.07927462,-3.767078456282616,4081.02001953125,0.8573152422904968,0.0003,0.07160711288452148,0.2,0.5675000118091702
5160,,,0,5350,129,151.51132400999998,3.24,,,,,,,,,,,
5200,263.94766426086426,5.0,,,,,,-0.023099083688866817,1290,8416.49739074707,0.015027384,-3.761054295301437,3107.914794921875,0.8532719612121582,0.0003,0.08729016780853271,0.2,0.32500000707805154
5200,,,0,5368,130,164.96714357000005,3.42,,,,,,,,,,,
5240,19.017608642578125,2.0,,,,,,-0.0031985444850397117,1300,8912.748260498047,0.010070745,-3.7529725074768066,3059.9033203125,0.8515108823776245,0.0003,0.24854880571365356,0.2,0.14750000312924386
5240,,,0,5409,131,164.88254168,3.42,,,,,,,,,,,
5280,141.64815139770508,3.0,,,,,,-0.008191896245771203,1310,9622.723754882812,0.023934148,-3.7481876581907274,6279.568359375,0.8504148721694946,0.0003,0.00244295597076416,0.2,0.15250000320374965
5280,,,0,5431,132,155.16969705000002,3.4,,,,,,,,,,,
5320,337.2665901184082,5.0,,,,,,3.411658529333117e-05,1320,8317.754841613769,0.010938612,-3.7431543707847594,4706.560546875,0.8486441373825073,0.0003,0.12465018033981323,0.2,0.032500000670552254
5320,,,0,5454,133,155.19351129999998,3.37,,,,,,,,,,,
5360,445.3285217285156,5.0,,,,,,0.013991436979995341,1330,8937.738731384277,0.015921157,-3.732408347725868,10724.24609375,0.8451029062271118,0.0003,0.04402291774749756,0.2,0.28750000670552256
5360,,,0,5476,134,162.96758289,3.4,,,,,,,,,,,
5400,241.3114743232727,5.0,,,,,,-0.036073506528919094,1340,23067.277069091797,0.05565852,-3.7227056562900542,16990.720703125,0.8422090411186218,0.0003,0.036162376403808594,0.2,0.2325000036507845
5400,,,0,5496,135,162.25248331999998,3.41,,,,,,,,,,,
5440,103.8690299987793,4.0,,,,,,-0.003139803167696298,1350,10132.05673828125,0.0101207,-3.7137467086315157,3182.729736328125,0.8412908315658569,0.0003,-0.04728984832763672,0.2,0.11500000189989805
5440,,,0,5516,136,178.69328484000002,3.62,,,,,,,,,,,
5480,287.11478424072266,5.0,,,,,,-0.0013917500076786383,1360,15084.827828979493,0.012060473,-3.7143727391958237,12033.63671875,0.8431739211082458,0.0003,0.0368729829788208,0.2,0.1350000025704503
5480,,,0,5534,137,180.61633611999994,3.75,,,,,,,,,,,
5520,171.34916305541992,5.0,,,,,,-0.017263423086478723,1370,9611.719348144532,0.016500976,-3.7177098035812377,3710.749755859375,0.8429358005523682,0.0003,0.13867264986038208,0.2,0.182500003837049
5520,,,0,5557,138,177.81261684,3.64,,,,,,,,,,,
5560,25.1297607421875,2.0,,,,,,-0.021748330541304317,1380,17008.408757019042,0.011897333,-3.7113700181245806,12939.1630859375,0.8402578234672546,0.0003,0.056174278259277344,0.2,0.1300000024959445
5560,,,0,5576,139,170.67583671,3.55,,,,,,,,,,,
5600,7.588906288146973,2.0,,,,,,-0.01151263760701111,1390,8981.102173614501,0.053276554,-3.709013879299164,2103.54931640625,0.8421663045883179,0.0003,0.07397288084030151,0.2,0.3675000090152025
5600,,,1,5596,140,177.67130794000002,3.55,,,,,,,,,,,
5640,209.23749923706055,4.0,,,,,,-0.018876627705067216,1400,15410.498672485352,0.011164201,-3.7125143259763718,12800.6826171875,0.8412454128265381,0.0003,0.05844849348068237,0.2,0.19500000402331352
5640,,,1,5616,141,181.27146623000002,3.59,,,,,,,,,,,
5680,69.47591400146484,2.0,,,,,,-0.03079680043145343,1410,10709.65023803711,0.01318236,-3.707022970914841,5887.5439453125,0.8400546312332153,0.0003,-0.009220242500305176,0.2,0.25000000540167094
5680,,,1,5636,142,181.63176302,3.55,,,,,,,,,,,
5720,381.9900360107422,5.0,,,,,,-0.03039865754748462,1420,11599.31321258545,0.029981226,-3.7048162847757338,8170.54345703125,0.8405327796936035,0.0003,0.04841756820678711,0.2,0.36750000789761544
5720,,,1,5652,143,194.56771914,3.69,,,,,,,,,,,
5760,290.7444877624512,5.0,,,,,,-0.005439252517535386,1430,7592.948585510254,0.0062634945,-3.704044672846794,5230.8037109375,0.8404023051261902,0.0003,0.25580573081970215,0.2,0.11500000189989805
5760,,,1,5669,144,188.51841498,3.63,,,,,,,,,,,
5800,393.51941680908203,5.0,,,,,,-0.007159746430697833,1440,11602.298641967773,0.034851864,-3.704459995031357,8179.17822265625,0.8401574492454529,0.0003,0.03363460302352905,0.2,0.13250000290572644
5800,,,1,5691,145,186.59341207999998,3.6,,,,,,,,,,,
5840,412.7269859313965,5.0,,,,,,-0.020116064688481837,1450,14222.215118408203,0.0075178565,-3.6989878356456756,3190.42724609375,0.8379892110824585,0.0003,0.13123327493667603,0.2,0.12250000219792127
5840,,,1,5709,146,202.69020369999998,3.66,,,,,,,,,,,
5880,232.9132080078125,3.0,,,,,,-0.016843620073050257,1460,17662.741426086424,0.05012098,-3.6938187539577485,5452.0732421875,0.837161660194397,0.0003,0.16453254222869873,0.2,0.2700000055134296
5880,,,1,5731,147,202.15222123999993,3.68,,,,,,,,,,,
5920,39.534034729003906,2.0,,,,,,-0.019755823369050594,1470,9532.30510406494,0.022434898,-3.6902433723211288,2529.45703125,0.8374010920524597,0.0003,0.18773126602172852,0.2,0.3200000083073974
5920,,,1,5747,148,208.45525146000003,3.72,,,,,,,,,,,
5960,91.38670539855957,4.0,,,,,,-0.015592892995337015,1480,14670.034197998048,0.026917908,-3.6933343321084977,4594.25,0.8392409682273865,0.0003,0.033845603466033936,0.2,0.2775000063702464
5960,,,1,5767,149,219.01360703999998,3.79,,,,,,,,,,,
6000,353.6831741333008,5.0,,,,,,-0.01302764397496503,1490,9795.291217041016,0.02096017,-3.6923898100852965,2694.788818359375,0.8369890451431274,0.0003,0.1931629776954651,0.2,0.2950000064447522
6000,,,1,5812,150,210.8237788,3.72,,,,,,,,,,,
6040,384.3871612548828,5.0,,,,,,-0.011457871512975526,1500,13678.24560699463,0.0108476095,-3.686435526609421,9552.51171875,0.8372974395751953,0.0003,0.09584051370620728,0.2,0.08500000145286321
6040,,,1,5835,151,213.88386898000002,3.76,,,,,,,,,,,
6080,298.78081130981445,5.0,,,,,,-0.0022684798735281174,1510,13392.460833740235,0.005099212,-3.685270127654076,8251.4765625,0.8354427218437195,0.0003,0.07397913932800293,0.2,0.0775000013411045
6080,,,1,5860,152,197.66434739,3.52,,,,,,,,,,,
6120,310.3383045196533,5.0,,,,,,-0.013544343608227793,1520,13540.940791320802,0.0073203105,-3.6759895622730254,10052.3134765625,0.8316380381584167,0.0003,-0.015894651412963867,0.2,0.12750000189989805
6120,,,1,5878,153,196.90944132999996,3.57,,,,,,,,,,,
6160,478.67162704467773,5.0,,,,,,0.00274948538921308,1530,10541.428096008302,0.041708242,-3.6574168860912324,2090.96142578125,0.8274170756340027,0.0003,0.034166157245635986,0.2,0.36000000704079865
6160,,,1,5900,154,190.56584994000002,3.54,,,,,,,,,,,
6200,254.21868515014648,5.0,,,,,,-0.032764644831840994,1540,11231.171936035156,0.012855191,-3.6472074538469315,4905.85986328125,0.8256937861442566,0.0003,0.08519208431243896,0.2,0.1875000037252903
6200,,,1,5922,155,182.40955586,3.46,,,,,,,,,,,
6240,399.44797134399414,5.0,,,,,,-0.026062632921457406,1550,9166.687237548827,0.022717804,-3.644003966450691,6146.916015625,0.8262889385223389,0.0003,0.10143256187438965,0.2,0.2575000053271651
6240,,,1,5942,156,183.85124014999997,3.45,,,,,,,,,,,
6280,225.91936874389648,4.0,,,,,,-0.006133339855587105,1560,14828.058311462402,0.007260739,-3.6439541816711425,8551.7783203125,0.8257457613945007,0.0003,0.126470685005188,0.2,0.17250000350177289
6280,,,1,5965,157,177.95693701,3.36,,,,,,,,,,,
6320,-5.0,1.0,,,,,,-0.026763153949868855,1570,15179.55991821289,0.017619442,-3.6393585801124573,4812.7841796875,0.8244917392730713,0.0003,0.0518566370010376,0.2,0.2200000049546361
6320,,,1,5987,158,171.18678432999997,3.26,,,,,,,,,,,
6360,239.02578735351562,3.0,,,,,,-0.008311188332590947,1580,12394.700024414062,0.02224395,-3.6330771893262863,2488.826171875,0.8224055171012878,0.0003,-0.025923490524291992,0.2,0.31000000759959223
6360,,,1,6036,159,171.71690353999998,3.22,,,,,,,,,,,
6400,208.60918045043945,4.0,,,,,,0.01456757198386185,1590,13849.76781616211,0.06249114,-3.6279195845127106,14439.173828125,0.8226380348205566,0.0003,0.05041933059692383,0.2,0.21000000480562447
6400,,,1,6055,160,185.30625928,3.35,,,,,,,,,,,
6440,109.1453914642334,3.0,,,,,,-0.0067189504806447085,1600,15601.004904174804,0.005497453,-3.6228096038103104,1961.636474609375,0.8193301558494568,0.0003,0.15109241008758545,0.2,0.16500000320374966
6440,,,1,6076,161,186.94868769,3.33,,,,,,,,,,,
6480,226.38307189941406,5.0,,,,,,-0.0039677610893340985,1610,16987.97295227051,0.025423136,-3.614823189377785,9877.078125,0.8186463117599487,0.0003,0.09760063886642456,0.2,0.3225000066682696
6480,,,1,6091,162,192.53803845000002,3.38,,,,,,,,,,,
6520,149.47644424438477,5.0,,,,,,-0.0073833701232797425,1620,9516.594668579102,0.038877867,-3.611828535795212,6587.236328125,0.8175681829452515,0.0003,0.14427423477172852,0.2,0.13250000178813934
6520,,,1,6121,163,192.07704102,3.37,,,,,,,,,,,
6560,377.4651412963867,5.0,,,,,,-0.03800197655393277,1630,13426.07128753662,0.03218652,-3.609789326786995,3166.6240234375,0.8186952471733093,0.0003,0.06886827945709229,0.2,0.26750000528991225
6560,,,1,6175,164,190.95117337999997,3.39,,,,,,,,,,,
6600,252.45058631896973,5.0,,,,,,-0.008069281734060496,1640,20066.412411499023,0.014867943,-3.6054722368717194,5962.05029296875,0.8155242204666138,0.0003,0.04943627119064331,0.2,0.2050000037997961
6600,,,1,6193,165,191.89717488000002,3.41,,,,,,,,,,,
6640,492.35105895996094,5.0,,,,,,-0.010863308628831869,1650,9296.096332550049,0.024506927,-3.5943905383348467,624.7029418945312,0.8138493895530701,0.0003,0.09900027513504028,0.2,0.13750000279396773
6640,,,1,6213,166,189.8070936,3.42,,,,,,,,,,,
6680,359.84069442749023,5.0,,,,,,-0.016668575287039845,1660,11658.772758483887,0.017251207,-3.5891719281673433,7876.94189453125,0.8118922710418701,0.0003,0.040600478649139404,0.2,0.17250000387430192
6680,,,1,6251,167,197.94718691999998,3.47,,,,,,,,,,,
6720,22.862098693847656,2.0,,,,,,-0.01590767107627471,1670,18632.687268066406,0.011063516,-3.5782054394483565,7633.791015625,0.8084126710891724,0.0003,-0.07895994186401367,0.2,0.2175000047311187
6720,,,1,6268,168,197.60615027,3.5,,,,,,,,,,,
6760,233.53688430786133,5.0,,,,,,-0.011552999783380074,1680,12762.407960510254,0.015312848,-3.567679464817047,3237.35888671875,0.8063381910324097,0.0003,0.12815308570861816,0.2,0.24250000547617673
6760,,,1,6291,169,194.99002417000003,3.49,,,,,,,,,,,
6800,184.2168197631836,5.0,,,,,,-0.02938610932498704,1690,24527.357015991212,0.030286342,-3.563344046473503,4557.234375,0.8066372871398926,0.0003,0.04159724712371826,0.2,0.2375000048428774
6800,,,1,6313,170,197.10114494000004,3.51,,,,,,,,,,,
6840,524.8169097900391,5.0,,,,,,-0.023797321525053115,1700,14911.102172851562,0.03977613,-3.5654249519109724,8572.6875,0.8070571422576904,0.0003,0.07233887910842896,0.2,0.2300000051036477
6840,,,1,6362,171,197.87442108000002,3.49,,,,,,,,,,,
6880,153.69023895263672,4.0,,,,,,-0.03234372159393388,1710,16861.696170043946,0.028833989,-3.566967961192131,2296.740234375,0.807295024394989,0.0003,0.1705133318901062,0.2,0.34250000640749934
6880,,,1,6381,172,203.26045763000002,3.54,,,,,,,,,,,
6920,564.3620758056641,5.0,,,,,,-0.010025267899181933,1720,10466.182525634766,0.03195699,-3.5613759577274324,7058.27490234375,0.8048121929168701,0.0003,0.17830783128738403,0.2,0.12750000264495612
6920,,,1,6417,173,201.76230472000003,3.48,,,,,,,,,,,
6960,53.9715461730957,3.0,,,,,,-0.020009979920287146,1730,24714.524491119384,0.02285773,-3.5453463196754456,12823.125,0.8007521033287048,0.0003,-0.006421923637390137,0.2,0.22500000428408384
6960,,,1,6434,174,209.50891967999996,3.53,,,,,,,,,,,
7000,374.552218914032,5.0,,,,,,-0.025451190124601907,1740,18443.775505065918,0.011601212,-3.532282167673111,14651.240234375,0.799045205116272,0.0003,0.11150819063186646,0.2,0.16750000305473806
7000,,,1,6452,175,214.73295543,3.54,,,,,,,,,,,
7040,261.8309745788574,4.0,,,,,,-0.035598693880019704,1750,26432.111889648437,0.025431208,-3.525770905613899,9237.392578125,0.7970718741416931,0.0003,0.014079809188842773,0.2,0.33750000819563863
7040,,,1,6511,176,223.04043936999997,3.59,,,,,,,,,,,
7080,475.2435531616211,5.0,,,,,,-0.019650937746046093,1760,20003.612838745117,0.01709233,-3.5219118148088455,16752.3046875,0.79661625623703,0.0003,0.059037864208221436,0.2,0.2100000035017729
7080,,,1,6533,177,225.05641125000002,3.61,,,,,,,,,,,
7120,282.68035888671875,5.0,,,,,,-0.021174488918641144,1770,18049.220152282716,0.041822296,-3.519511106610298,1401.4984130859375,0.7950528860092163,0.0003,0.0455402135848999,0.2,0.28750000689178706
7120,,,1,6554,178,228.85900703,3.58,,,,,,,,,,,
7160,700.0139846801758,5.0,,,,,,-0.0025213602697476746,1780,31476.042486572267,0.0095274,-3.5143597573041916,10224.1689453125,0.7940096855163574,0.0003,-0.023938894271850586,0.2,0.18250000439584255
7160,,,1,6572,179,240.1759736,3.66,,,,,,,,,,,
7200,134.63623809814453,3.0,,,,,,-0.02307136983385134,1790,19159.776257324218,0.012048771,-3.508733609318733,8128.51708984375,0.7929827570915222,0.0003,0.12453603744506836,0.2,0.19750000350177288
7200,,,1,6589,180,249.75031222,3.67,,,,,,,,,,,
7240,188.28765487670898,4.0,,,,,,-0.014455159819044638,1800,20149.33783569336,0.01902252,-3.5023292303085327,14342.384765625,0.7906038165092468,0.0003,-0.0037080049514770508,0.2,0.2700000047683716
7240,,,1,6606,181,245.53876231,3.63,,,,,,,,,,,
7280,529.5770950317383,5.0,,,,,,-0.017613012685033035,1810,19763.770545959473,0.011868313,-3.49748455286026,17933.56640625,0.7906491160392761,0.0003,0.08467882871627808,0.2,0.23750000540167093
7280,,,1,6625,182,261.94361080000004,3.74,,,,,,,,,,,
7320,557.0364151000977,5.0,,,,,,-0.029066405547491736,1820,34762.5504272461,0.020946719,-3.4933955132961274,4812.900390625,0.7885937690734863,0.0003,0.09461021423339844,0.2,0.3000000067055225
7320,,,1,6641,183,264.33248872,3.75,,,,,,,,,,,
7360,251.4859161376953,3.0,,,,,,-0.004626366886077449,1830,17328.553157043458,0.049027763,-3.4857219725847246,3934.807861328125,0.7870208024978638,0.0003,0.12092936038970947,0.2,0.3825000083073974
7360,,,1,6662,184,254.65622577000005,3.68,,,,,,,,,,,
7400,232.06613159179688,4.0,,,,,,-0.009481105042796112,1840,26930.58922729492,0.006544892,-3.47836392223835,14875.6923828125,0.7845547199249268,0.0003,-0.019873380661010742,0.2,0.21250000465661287
7400,,,1,6720,185,242.77643470999996,3.62,,,,,,,,,,,
7440,476.51672744750977,5.0,,,,,,-0.0395556212983502,1850,16944.817276000977,0.040965736,-3.472972869873047,8434.4755859375,0.7839390635490417,0.0003,-0.07582604885101318,0.2,0.24750000648200512
7440,,,1,6738,186,232.47270923999997,3.49,,,,,,,,,,,
7480,35.112056732177734,2.0,,,,,,0.05051102880705003,1860,25348.209481811522,0.12820978,-3.4663752138614656,8028.3486328125,0.78232741355896,0.0003,-0.1306391954421997,0.2,0.6875000102445483
7480,,,1,6834,187,235.90087997999998,3.49,,,,,,,,,,,
7520,354.9679260253906,5.0,,,,,,-0.006107291800763049,1870,43452.82349853516,0.010394398,-3.4643040180206297,26020.98046875,0.7812430262565613,0.0003,-0.08442103862762451,0.2,0.12250000219792127
7520,,,1,6857,188,243.67855672,3.48,,,,,,,,,,,
7560,473.03654861450195,5.0,,,,,,-0.038886646788087106,1880,42954.39278564453,0.033224735,-3.4605194658041,33965.03125,0.7806305885314941,0.0003,-0.0035114288330078125,0.2,0.275000006146729
7560,,,1,6876,189,249.08727310999998,3.47,,,,,,,,,,,
7600,415.64921951293945,5.0,,,,,,-0.01797334398987003,1890,33883.76904296875,0.018094717,-3.456999918818474,13938.0439453125,0.7791547775268555,0.0003,0.00962907075881958,0.2,0.1650000037625432
7600,,,1,6945,190,261.3519097,3.56,,,,,,,,,,,
7640,486.83648681640625,5.0,,,,,,-0.007681831328845945,1900,24850.758538818358,0.0104469005,-3.4530508786439897,7516.490234375,0.7785136103630066,0.0003,0.02420520782470703,0.2,0.09500000178813935
7640,,,1,6962,191,241.89869675000003,3.41,,,,,,,,,,,
7680,393.701717376709,5.0,,,,,,-0.03033671033932479,1910,26316.60542602539,0.03300421,-3.4476093262434007,11111.0263671875,0.7768068313598633,0.0003,-0.08792722225189209,0.2,0.22250000406056641
7680,,,1,6978,192,243.62956745000002,3.39,,,,,,,,,,,
7720,219.95415687561035,5.0,,,,,,-0.019184560281064477,1920,24692.07536621094,0.011804096,-3.4407090932130813,8089.75830078125,0.7755934000015259,0.0003,0.07525134086608887,0.2,0.1300000024959445
7720,,,1,7000,193,258.81466513,3.5,,,,,,,,,,,
7760,398.55072021484375,5.0,,,,,,-0.01065313537561451,1930,33536.77303466797,0.012826244,-3.441189703345299,8788.8056640625,0.7775648832321167,0.0003,-0.07690274715423584,0.2,0.22000000439584255
7760,,,1,7017,194,284.41245867,3.61,,,,,,,,,,,
7800,194.91718173027039,5.0,,,,,,0.009398059026352712,1940,31349.120546722414,0.06702554,-3.4446596920490267,14119.2021484375,0.7774140238761902,0.0003,0.09159129858016968,0.2,0.4750000091269612
7800,,,1,7033,195,295.80510178000003,3.71,,,,,,,,,,,
7840,105.70022583007812,3.0,,,,,,-0.012707598685374254,1950,24414.753913879395,0.055944547,-3.4396433562040327,21882.15625,0.7743352651596069,0.0003,-0.05155205726623535,0.2,0.3075000071898103
7840,,,1,7054,196,297.5291990200001,3.74,,,,,,,,,,,
7880,109.32218933105469,3.0,,,,,,-0.019430602203447056,1960,25684.941564941408,0.014733653,-3.4307046473026275,17124.5859375,0.7731952667236328,0.0003,-0.020058751106262207,0.2,0.26250000651925803
7880,,,1,7070,197,314.88344532,3.94,,,,,,,,,,,
7920,415.60198974609375,5.0,,,,,,-0.025529437958066413,1970,14964.292483520509,0.02212242,-3.4285913050174712,6079.43310546875,0.7727874517440796,0.0003,0.24254101514816284,0.2,0.2750000059604645
7920,,,1,7085,198,319.69820577999997,4.07,,,,,,,,,,,
7960,259.31690216064453,5.0,,,,,,0.0012074271008168935,1980,14227.949340820312,0.020411156,-3.4211713790893556,3639.222412109375,0.7696466445922852,0.0003,0.22654730081558228,0.2,0.17250000331550835
7960,,,1,7156,199,312.9396967,4.06,,,,,,,,,,,
8000,480.7957420349121,5.0,,,,,,-0.03526002709550084,1990,19713.118414306642,0.019986559,-3.4148838222026825,5004.48583984375,0.7699429988861084,0.0003,0.014917910099029541,0.2,0.22250000443309545
8000,,,1,7175,200,312.88997849,4.0,,,,,,,,,,,
8040,679.4451522827148,5.0,,,,,,-0.032910603185282515,2000,37804.698413085935,0.019476056,-3.4128600358963013,19599.138671875,0.7689456939697266,0.0003,-0.037564873695373535,0.2,0.1625000039115548
8040,,,1,7192,201,326.57011327,4.07,,,,,,,,,,,
8080,-5.0,1.0,,,,,,0.0021635196906572675,2010,35129.82674865723,0.028227584,-3.4083401441574095,8944.6982421875,0.7675496339797974,0.0003,0.1365566849708557,0.2,0.38250000942498447
8080,,,1,7210,202,316.19876459,3.98,,,,,,,,,,,
8120,379.6602897644043,5.0,,,,,,-0.003902458160519018,2020,29571.022546386717,0.039563805,-3.4043619602918627,7350.64453125,0.7654919624328613,0.0003,-0.005333304405212402,0.2,0.24250000566244126
8120,,,1,7234,203,316.3318723699999,3.96,,,,,,,,,,,
8160,479.84301376342773,5.0,,,,,,-0.023124733029981148,2030,27911.613647460938,0.027845,-3.3966013967990873,22295.869140625,0.7637133598327637,0.0003,-0.034203171730041504,0.2,0.3625000076368451
8160,,,1,7253,204,305.10933546,3.93,,,,,,,,,,,
8200,360.9568977355957,5.0,,,,,,0.008351962671731616,2040,24321.402029418947,0.024535138,-3.385993593931198,9559.060546875,0.759462833404541,0.0003,-0.012536406517028809,0.2,0.29250000678002835
8200,,,1,7268,205,313.36978124000007,3.93,,,,,,,,,,,
8240,600.5124626159668,5.0,,,,,,0.026520752810902205,2050,20880.628503417967,0.035156965,-3.36924284696579,6834.25146484375,0.7550782561302185,0.0003,0.1649702787399292,0.2,0.32250000797212125
8240,,,1,7290,206,303.06362191,3.86,,,,,,,,,,,
8280,166.94232177734375,3.0,,,,,,-0.0212572037721111,2060,28729.114819335937,0.016434718,-3.357238307595253,5523.5732421875,0.7531940937042236,0.0003,0.11049497127532959,0.2,0.30500000678002837
8280,,,1,7307,207,308.44134653000003,3.82,,,,,,,,,,,
8320,666.7129440307617,5.0,,,,,,-0.0012956864660372603,2070,31869.51465148926,0.009890001,-3.3522590696811676,31231.67578125,0.7521572113037109,0.0003,0.09577572345733643,0.2,0.17000000346452
8320,,,1,7324,208,318.16031335,3.85,,,,,,,,,,,
8360,484.2982635498047,5.0,,,,,,-0.010544076379665058,2080,24381.138888549805,0.025449455,-3.348692554235458,4658.6416015625,0.7510765790939331,0.0003,0.056607723236083984,0.2,0.3775000086054206
8360,,,1,7342,209,314.73258874,3.84,,,,,,,,,,,
8400,335.1941833496094,4.0,,,,,,-0.02530268374786828,2090,17552.45820007324,0.02461709,-3.3435462027788163,9131.9150390625,0.749687671661377,0.0003,0.08379781246185303,0.2,0.39750000797212126
8400,,,1,7359,210,319.45547264,3.92,,,,,,,,,,,
8440,322.1602430343628,5.0,,,,,,-0.008533349763456499,2100,22404.183294677736,0.029907234,-3.3424875736236572,4347.41845703125,0.7500531077384949,0.0003,0.13139408826828003,0.2,0.4150000102818012
8440,,,1,7378,211,316.04356315999996,3.97,,,,,,,,,,,
8480,394.2631530761719,5.0,,,,,,-0.03461020610426204,2110,17466.537451171876,0.02258392,-3.3446500062942506,8577.775390625,0.7501908540725708,0.0003,0.16327452659606934,0.2,0.41250000763684513
8480,,,1,7394,212,322.40974524999996,4.0,,,,,,,,,,,
8520,-5.0,1.0,,,,,,-0.02813325814902783,2120,26297.07814941406,0.046102244,-3.3437393486499785,6610.60693359375,0.7495603561401367,0.0003,0.1290871500968933,0.2,0.3825000084936619
8520,,,1,7410,213,342.91810905,4.17,,,,,,,,,,,
8560,585.1673393249512,5.0,,,,,,-0.03813623317182646,2130,22105.614471435547,0.025889851,-3.341253492236137,7540.5615234375,0.7489041686058044,0.0003,0.08060765266418457,0.2,0.30250000655651094
8560,,,1,7428,214,350.42615631999996,4.19,,,,,,,,,,,
8600,429.6456985473633,5.0,,,,,,-0.024638799210952134,2140,30419.530964660644,0.024861416,-3.3346352964639663,12454.6123046875,0.7464231252670288,0.0003,0.08792847394943237,0.2,0.18500000406056644
8600,,,1,7445,215,347.13481693999995,4.19,,,,,,,,,,,
8640,290.58023834228516,4.0,,,,,,-0.0028368161534308546,2150,20054.519317626953,0.07936619,-3.331263652443886,9429.7822265625,0.7472679018974304,0.0003,0.06354564428329468,0.2,0.3125000072643161
8640,,,1,7462,216,343.48342664000006,4.19,,,,,,,,,,,
8680,348.7813491821289,5.0,,,,,,-0.008764722529754177,2160,19296.87532348633,0.03777066,-3.328173553943634,3163.686279296875,0.7451028823852539,0.0003,0.08353513479232788,0.2,0.3825000086799264
8680,,,1,7496,217,355.2082915700001,4.3,,,,,,,,,,,
8720,340.54798889160156,5.0,,,,,,-0.021972888861782856,2170,11653.545428466798,0.025322627,-3.319160211086273,6041.55322265625,0.7420357465744019,0.0003,0.3589903712272644,0.2,0.2925000062212348
8720,,,1,7514,218,344.3325941500001,4.3,,,,,,,,,,,
8760,109.97676467895508,3.0,,,,,,-0.008842658695575701,2180,16564.58306350708,0.0164118,-3.310058483481407,14029.0966796875,0.7413732409477234,0.0003,0.2282637357711792,0.2,0.12750000208616258
8760,,,1,7561,219,335.69856397999996,4.18,,,,,,,,,,,
8800,385.4043731689453,5.0,,,,,,-0.004829834663541988,2190,35180.952624511716,0.01644432,-3.3057341873645782,17524.6015625,0.7393244504928589,0.0003,-0.11548638343811035,0.2,0.38000000845640897
8800,,,1,7579,220,323.53254489000005,4.06,,,,,,,,,,,
8840,598.3004150390625,5.0,,,,,,-0.01914826218067901,2200,21278.296453857423,0.011936493,-3.2974556267261503,12426.966796875,0.7370253801345825,0.0003,0.07240861654281616,0.2,0.14750000275671482
8840,,,1,7596,221,327.61383771,4.06,,,,,,,,,,,
8880,474.40208435058594,5.0,,,,,,0.0032870501304569145,2210,14764.922479248047,0.0049561383,-3.2883417278528215,4455.3515625,0.7355002164840698,0.0003,0.38348281383514404,0.2,0.23000000454485417
8880,,,1,7617,222,320.08527239,3.98,,,,,,,,,,,
8920,373.02848052978516,5.0,,,,,,0.012040333294717164,2220,29396.98668823242,0.029717622,-3.2856148213148115,28197.767578125,0.7359280586242676,0.0003,-0.1157231330871582,0.2,0.36250000912696123
8920,,,1,7687,223,311.35443836999997,3.94,,,,,,,,,,,
8960,572.4182052612305,5.0,,,,,,-0.0049140971092856475,2230,21219.067428588867,0.022445358,-3.285356193780899,8162.8564453125,0.7338058948516846,0.0003,0.14364910125732422,0.2,0.3875000083819032
8960,,,1,7706,224,314.42620221,3.97,,,,,,,,,,,
9000,626.3003311157227,5.0,,,,,,-0.011655729072190302,2240,26000.43474121094,0.024227683,-3.2794565320014955,15489.525390625,0.7333099842071533,0.0003,0.13676124811172485,0.2,0.24000000599771737
9000,,,1,7725,225,325.00840392,3.97,,,,,,,,,,,
9040,369.6897430419922,4.0,,,,,,-0.017399699471134223,2250,23875.87697753906,0.021350037,-3.273189273476601,9855.841796875,0.7315187454223633,0.0003,0.1837097406387329,0.2,0.2650000059977174
9040,,,1,7745,226,323.35205530999997,3.86,,,,,,,,,,,
9080,166.3052749633789,3.0,,,,,,0.0044102697900962,2260,32206.183712768554,0.009082332,-3.2674011498689652,4309.93310546875,0.7312607169151306,0.0003,-0.05311381816864014,0.2,0.3700000088661909
9080,,,1,7817,227,313.77496900999995,3.72,,,,,,,,,,,
9120,357.0260009765625,5.0,,,,,,-0.006585004251173809,2270,31089.27048339844,0.0062760804,-3.2688162595033647,17419.42578125,0.7317647933959961,0.0003,0.07258778810501099,0.2,0.182500003837049
9120,,,1,7876,228,327.59551986,3.77,,,,,,,,,,,
9160,465.5552673339844,5.0,,,,,,-0.01629063895321452,2280,41058.65045776367,0.009871716,-3.2695208698511125,48179.921875,0.731844425201416,0.0003,0.10635322332382202,0.2,0.19500000309199095
9160,,,1,7893,229,346.3648816899999,3.89,,,,,,,,,,,
9200,548.7821140289307,5.0,,,,,,0.005649913938395912,2290,21822.738479614258,0.035758123,-3.2673421800136566,4348.6005859375,0.7311054468154907,0.0003,0.2212699055671692,0.2,0.5475000102072954
9200,,,1,7914,230,365.85221923999995,3.96,,,,,,,,,,,
9240,195.42560958862305,4.0,,,,,,-0.014800368097348837,2300,32121.79373779297,0.0066591934,-3.2653239488601686,7783.6123046875,0.7302584052085876,0.0003,0.11365985870361328,0.2,0.11250000167638063
9240,,,1,7933,231,364.13093107000003,3.95,,,,,,,,,,,
9280,250.78893280029297,5.0,,,,,,-0.002887579740854562,2310,22483.8069732666,0.061949156,-3.26741042137146,25680.0703125,0.7320215106010437,0.0003,0.14001363515853882,0.2,0.23500000406056643
9280,,,1,7951,232,369.5171557599999,4.07,,,,,,,,,,,
9320,524.875789642334,5.0,,,,,,-0.026616223058081236,2320,19635.679299926756,0.015328522,-3.2698397070169447,12346.3154296875,0.7310664653778076,0.0003,0.14122354984283447,0.2,0.24750000480562448
9320,,,1,8020,233,371.46044646,4.07,,,,,,,,,,,
9360,192.50509643554688,4.0,,,,,,-0.0017956836911616869,2330,24449.82441101074,0.05300665,-3.2683168679475783,2674.53271484375,0.7321211695671082,0.0003,0.12704813480377197,0.2,0.3225000075995922
9360,,,1,8088,234,352.65435175000005,3.96,,,,,,,,,,,
9400,254.05361557006836,5.0,,,,,,-0.03163151102286066,2340,23187.009310913087,0.024608715,-3.271227952837944,17299.02734375,0.7308980822563171,0.0003,0.055204570293426514,0.2,0.2700000064447522
9400,,,1,8106,235,343.33987803000014,3.98,,,,,,,,,,,
9440,356.1232032775879,5.0,,,,,,-0.006548945816430207,2350,14631.915530395509,0.023707379,-3.2612829923629763,9249.2802734375,0.7281022071838379,0.0003,0.2839961051940918,0.2,0.34500000793486835
9440,,,1,8123,236,346.91320096,4.1,,,,,,,,,,,
9480,421.480167388916,5.0,,,,,,0.001330954111035698,2360,12817.315353393555,0.11038648,-3.258603882789612,4575.63330078125,0.7293204665184021,0.0003,0.2691766619682312,0.2,0.5325000090524554
9480,,,1,8140,237,352.0211921999999,4.17,,,,,,,,,,,
9520,487.0251693725586,5.0,,,,,,-0.03421745137165999,2370,28276.718814086915,0.012878725,-3.2577047020196916,8610.052734375,0.7271937727928162,0.0003,0.06212770938873291,0.2,0.23500000536441804
9520,,,1,8155,238,371.44325021,4.33,,,,,,,,,,,
9560,341.85222244262695,5.0,,,,,,-0.031466120220611626,2380,19709.796228027342,0.014548165,-3.2501421213150024,9955.0791015625,0.7262319922447205,0.0003,0.42539703845977783,0.2,0.23500000592321157
9560,,,1,8173,239,367.90823781,4.3,,,,,,,,,,,
9600,587.8144149780273,5.0,,,,,,-0.01625580258798436,2390,33697.19560546875,0.0125949085,-3.245851311087608,13717.5927734375,0.7250990867614746,0.0003,0.10311013460159302,0.2,0.08750000149011612
9600,,,1,8192,240,360.1051680499999,4.24,,,,,,,,,,,
9640,-5.0,1.0,,,,,,-0.010531558310613032,2400,32823.15127410889,0.055682328,-3.241136148571968,19920.150390625,0.7244338989257812,0.0003,0.07533538341522217,0.2,0.13750000316649674
9640,,,1,8211,241,356.6581041299999,4.18,,,,,,,,,,,
9680,362.17862701416016,5.0,,,,,,-0.01888287389359903,2410,43754.285632324216,0.024139762,-3.239954647421837,35183.03125,0.724749743938446,0.0003,-0.05905759334564209,0.2,0.25000000521540644
9680,,,1,8305,242,344.15499345999996,4.06,,,,,,,,,,,
9720,572.2557678222656,5.0,,,,,,0.20571133919409473,2420,35031.85386657715,0.34801242,-3.238945057988167,6793.16259765625,0.7251893877983093,0.0003,0.09727442264556885,0.2,0.6875000091269612
9720,,,1,8324,243,345.96937840000004,4.01,,,,,,,,,,,
9760,216.83711624145508,4.0,,,,,,-0.026596254274700182,2430,29656.1432220459,0.01867314,-3.235038709640503,20877.986328125,0.722589373588562,0.0003,0.045273661613464355,0.2,0.23750000428408385
9760,,,1,8394,244,333.69009273999995,3.92,,,,,,,,,,,
9800,563.6362075805664,5.0,,,,,,-0.022907798160595117,2440,34365.775659179686,0.02624771,-3.224046441912651,21182.447265625,0.7198543548583984,0.0003,-0.08502483367919922,0.2,0.3275000074878335
9800,,,1,8414,245,341.95175974000006,3.87,,,,,,,,,,,
9840,419.5645217895508,5.0,,,,,,-0.022124680531505875,2450,26717.693121337892,0.017992862,-3.219730904698372,18762.212890625,0.7206372618675232,0.0003,-0.077004075050354,0.2,0.2000000039115548
9840,,,1,8432,246,331.27597802,3.74,,,,,,,,,,,
9880,616.4702835083008,5.0,,,,,,-0.01823300876669236,2460,27311.07183380127,0.054139614,-3.2201789915561676,2686.32568359375,0.7204272747039795,0.0003,-0.18233156204223633,0.2,0.40500001031905414
9880,,,1,8452,247,332.59055213,3.74,,,,,,,,,,,
9920,470.4759292602539,5.0,,,,,,-0.03721426947508007,2470,36921.170245361325,0.019598857,-3.2202010065317155,18262.818359375,0.7208058834075928,0.0003,0.09978854656219482,0.2,0.2100000036880374
9920,,,1,8474,248,334.01587924,3.73,,,,,,,,,,,
9960,269.5929412841797,4.0,,,,,,-0.032267979472817385,2480,33128.372186279295,0.046122134,-3.2210216909646987,7888.38037109375,0.7206267714500427,0.0003,0.09629899263381958,0.2,0.47750001065433023
9960,,,1,8495,249,322.47366609999995,3.68,,,,,,,,,,,
10000,558.0943832397461,5.0,,,,,,-0.04575506656139623,2490,24410.63132019043,0.03510258,-3.216804876923561,16656.17578125,0.719739556312561,0.0003,0.14699894189834595,0.2,0.38500000908970833
10000,,,1,8511,250,325.68062331,3.74,,,,,,,,,,,
10040,856.1268005371094,5.0,,,,,,-0.017847198237941474,2500,25744.10980834961,0.012954753,-3.2153351336717604,3329.494140625,0.7202762365341187,0.0003,0.2277962565422058,0.2,0.16750000324100256
10040,,,1,8530,251,342.61994119999986,3.86,,,,,,,,,,,
10080,433.9526824951172,4.0,,,,,,-0.01706998373992974,2510,25057.365466308594,0.070578694,-3.2160550892353057,8643.3701171875,0.7199013233184814,0.0003,0.12272489070892334,0.2,0.34500000812113285
10080,,,1,8552,252,336.68694579999993,3.75,,,,,,,,,,,
10120,623.5927429199219,5.0,,,,,,-0.0534356928706984,2520,42430.587109375,0.03617926,-3.2142332941293716,19947.15234375,0.7203803062438965,0.0003,0.0845995545387268,0.2,0.4400000099092722
10120,,,1,8569,253,363.34084815999995,3.86,,,,,,,,,,,
10160,347.05970001220703,5.0,,,,,,-0.02322425927966833,2530,44889.393463134766,0.026134914,-3.215772417187691,11069.494140625,0.7204287052154541,0.0003,0.08122557401657104,0.2,0.23000000473111867
10160,,,1,8588,254,382.34600666,3.99,,,,,,,,,,,
10200,196.73355102539062,3.0,,,,,,-0.021728590775746782,2540,22423.764630126952,0.027991772,-3.214179480075836,21111.130859375,0.7194900512695312,0.0003,0.21404260396957397,0.2,0.45000000949949026
10200,,,1,8608,255,382.89621726999997,3.99,,,,,,,,,,,
10240,675.1106643676758,5.0,,,,,,-0.02396364147309211,2550,24144.83948059082,0.035496123,-3.203154918551445,13665.8984375,0.7163042426109314,0.0003,0.28821712732315063,0.2,0.2400000046938658
10240,,,1,8628,256,397.92476187,4.05,,,,,,,,,,,
10280,316.7858543395996,4.0,,,,,,-0.017905199931919923,2560,36232.49820556641,0.018499248,-3.196264299750328,18213.9296875,0.7164210677146912,0.0003,0.05893141031265259,0.2,0.35000000763684513
10280,,,1,8649,257,387.78044908000004,3.97,,,,,,,,,,,
10320,657.2227478027344,5.0,,,,,,-0.021711329952522652,2570,31403.07717590332,0.027395973,-3.196552720665932,13573.7021484375,0.7167901396751404,0.0003,0.07622957229614258,0.2,0.42500001154839995
10320,,,1,8667,258,389.12929327,3.94,,,,,,,,,,,
10360,333.0366973876953,4.0,,,,,,-0.03924343968166795,2580,40823.20201416015,0.050897084,-3.1923869490623473,33659.3984375,0.7136673331260681,0.0003,-0.029389619827270508,0.2,0.42750000953674316
10360,,,1,8686,259,388.23230308,3.9,,,,,,,,,,,
10400,530.7841110229492,5.0,,,,,,-0.02893198786157882,2590,42576.77046508789,0.021258837,-3.1796246021986008,23152.849609375,0.7112216353416443,0.0003,-0.04539668560028076,0.2,0.3050000071525574
10400,,,1,8706,260,356.8470793899999,3.7,,,,,,,,,,,
10440,672.086181640625,5.0,,,,,,-0.01661903358559358,2600,31108.827377319336,0.0654183,-3.1737501680850984,21048.796875,0.7105822563171387,0.0003,0.09096032381057739,0.2,0.42250001076608895
10440,,,1,8724,261,359.97248475,3.72,,,,,,,,,,,
10480,262.85010528564453,5.0,,,,,,-0.03737557061540429,2610,37366.78479614258,0.049938615,-3.171859335899353,16180.384765625,0.7099618315696716,0.0003,-0.022699475288391113,0.2,0.2525000054389238
10480,,,1,8745,262,365.27110657000003,3.79,,,,,,,,,,,
10520,374.49087715148926,5.0,,,,,,-0.022376163610897493,2620,30538.393957519533,0.017469328,-3.16786827147007,11270.859375,0.7086843252182007,0.0003,0.16163653135299683,0.2,0.16750000342726706
10520,,,1,8762,263,353.61060858999997,3.74,,,,,,,,,,,
10560,214.79412841796875,4.0,,,,,,-0.033345197463313526,2630,18539.9873046875,0.06674126,-3.167812851071358,10765.5966796875,0.7091872096061707,0.0003,0.28482216596603394,0.2,0.45000001024454833
10560,,,1,8783,264,353.02098693,3.72,,,,,,,,,,,
10600,542.2303237915039,5.0,,,,,,0.05728652972726196,2640,32763.55393218994,0.730249,-3.1741036862134933,28474.9765625,0.7129451036453247,0.0003,-0.2034146785736084,0.2,0.35000000391155484
10600,,,1,8799,265,340.2526594899999,3.72,,,,,,,,,,,
10640,180.55527782440186,5.0,,,,,,0.005519098503991682,2650,34289.142669677734,0.015817612,-3.183289256691933,24299.60546875,0.712256908416748,0.0003,-0.1012958288192749,0.2,0.15000000279396772
10640,,,1,8848,266,307.78368007999995,3.66,,,,,,,,,,,
10680,137.3821792602539,3.0,,,,,,-0.02465063661293243,2660,18648.99037322998,0.045163088,-3.179969274997711,1890.39208984375,0.7115063667297363,0.0003,-0.418475866317749,0.2,0.1850000036880374
10680,,,1,8866,267,280.80207843999995,3.64,,,,,,,,,,,
10720,256.6486339569092,5.0,,,,,,-0.01940998090460198,2670,12161.03140563965,0.08390695,-3.175096037983894,4183.09765625,0.7106139659881592,0.0003,-0.13790380954742432,0.2,0.38750000931322576
10720,,,1,8887,268,269.32627691,3.7,,,,,,,,,,,
10760,258.5190887451172,5.0,,,,,,-0.00618583627107,2680,7432.917008972168,0.056175716,-3.1669760763645174,10192.0673828125,0.7080499529838562,0.0003,0.2349252700805664,0.2,0.4400000089779496
10760,,,1,8904,269,266.53124139,3.78,,,,,,,,,,,
10800,319.42064666748047,5.0,,,,,,-0.055571849830448626,2690,15218.212693786621,0.097558945,-3.1596114695072175,8116.01123046875,0.7061960101127625,0.0003,0.1173061728477478,0.2,0.5325000105425716
10800,,,1,8919,270,270.87504189,3.91,,,,,,,,,,,
10840,218.67408180236816,5.0,,,,,,-0.05637702442079899,2700,13385.64510498047,0.05447723,-3.154447224736214,3517.585205078125,0.7041742205619812,0.0003,0.09973883628845215,0.2,0.49500000979751346
10840,,,1,8939,271,278.03958369,4.04,,,,,,,,,,,
10880,536.3286743164062,5.0,,,,,,-0.028985211031813375,2710,18338.386636352538,0.013536897,-3.1487425029277802,8675.064453125,0.7043399810791016,0.0003,0.03597205877304077,0.2,0.3175000077113509
10880,,,1,8957,272,270.68233143000003,4.08,,,,,,,,,,,
10920,446.56889724731445,5.0,,,,,,-0.018278721329256765,2720,27606.243048095705,0.025545975,-3.143928790092468,3880.0029296875,0.7019361257553101,0.0003,-0.005445599555969238,0.2,0.2375000050291419
10920,,,1,8974,273,262.29370988,4.05,,,,,,,,,,,
10960,363.98830795288086,5.0,,,,,,-0.02271544215851463,2730,23492.91604003906,0.020452812,-3.13921836912632,12989.921875,0.7024321556091309,0.0003,0.09688585996627808,0.2,0.3675000090152025
10960,,,1,8990,274,259.54780888,4.12,,,,,,,,,,,
11000,519.9034271240234,5.0,,,,,,-0.010150322137269541,2740,14715.320959472656,0.0096060755,-3.133316734433174,4749.26953125,0.7004001140594482,0.0003,0.14475077390670776,0.2,0.13000000230967998
11000,,,1,9006,275,275.01633339999995,4.26,,,,,,,,,,,
11040,547.4537963867188,5.0,,,,,,-0.02165006808674661,2750,16692.599188232423,0.027788058,-3.1282331854104997,8458.296875,0.700393557548523,0.0003,0.12510693073272705,0.2,0.3475000072270632
11040,,,1,9020,276,292.11815164,4.34,,,,,,,,,,,
11080,520.1900024414062,5.0,,,,,,-0.03282074806411174,2760,19844.25864562988,0.029808234,-3.126365306973457,4403.1884765625,0.6993452906608582,0.0003,0.21034789085388184,0.2,0.4900000087916851
11080,,,1,9037,277,322.28652304999997,4.5,,,,,,,,,,,
11120,512.0057945251465,5.0,,,,,,-0.04407538432933507,2770,27622.142474365235,0.026762506,-3.1213380992412567,12479.640625,0.6977261304855347,0.0003,0.13152408599853516,0.2,0.5250000102445483
11120,,,1,9055,278,338.31081268,4.47,,,,,,,,,,,
11160,399.15118408203125,5.0,,,,,,-0.004059271734877257,2780,27268.085723876953,0.017718624,-3.113417586684227,11287.7431640625,0.6951678991317749,0.0003,0.020297884941101074,0.2,0.21750000342726708
11160,,,1,9071,279,360.85385226000005,4.51,,,,,,,,,,,
11200,591.8509063720703,5.0,,,,,,0.008586019932117783,2790,23298.3514251709,0.016504236,-3.1018643945455553,3428.10595703125,0.6929957270622253,0.0003,0.17625951766967773,0.2,0.36750000771135094
11200,,,1,9106,280,371.17104438999996,4.52,,,,,,,,,,,
11240,-5.0,1.0,,,,,,0.0018177197905060894,2800,15238.010677337646,0.0036226276,-3.0955611735582353,8411.7431640625,0.6917165517807007,0.0003,0.34563350677490234,0.2,0.09750000163912773
11240,,,1,9123,281,376.63721580000004,4.46,,,,,,,,,,,
11280,280.404541015625,4.0,,,,,,0.0016390886112640501,2810,23593.834399414063,0.051315334,-3.0948873460292816,5121.33154296875,0.6932761669158936,0.0003,-0.04311800003051758,0.2,0.31250000596046446
11280,,,1,9141,282,358.57674711000004,4.27,,,,,,,,,,,
11320,431.49799728393555,5.0,,,,,,0.011404712289440793,2820,30300.46365966797,0.0059156595,-3.1017263531684875,25118.267578125,0.6947191953659058,0.0003,-0.042516112327575684,0.2,0.12750000283122062
11320,,,1,9162,283,367.0610124100001,4.3,,,,,,,,,,,
11360,650.8704223632812,5.0,,,,,,-0.015045949975028639,2830,21637.053924560547,0.01310741,-3.1064056187868117,2851.200439453125,0.6959089040756226,0.0003,0.1811698079109192,0.2,0.28000000715255735
11360,,,1,9182,284,366.8380109099999,4.23,,,,,,,,,,,
11400,549.9686126708984,5.0,,,,,,-0.01301009281763985,2840,25031.327520751955,0.021107849,-3.113805827498436,10373.1953125,0.6979762315750122,0.0003,0.12355387210845947,0.2,0.38250000718981025
11400,,,1,9197,285,368.86517907,4.13,,,,,,,,,,,
11440,309.5249252319336,4.0,,,,,,-0.018951902812987097,2850,28591.16540222168,0.048662625,-3.1125547111034395,20068.640625,0.6955846548080444,0.0003,-0.032611727714538574,0.2,0.44000001102685926
11440,,,1,9214,286,364.5657007100001,4.07,,,,,,,,,,,
11480,553.6433334350586,5.0,,,,,,-0.027253868686239004,2860,21478.238696289063,0.030407384,-3.103470677137375,21974.12109375,0.6934186220169067,0.0003,0.06771385669708252,0.2,0.2825000060722232
11480,,,1,9233,287,348.3266122999999,3.97,,,,,,,,,,,
11520,446.28852462768555,5.0,,,,,,-0.008963908851728774,2870,36219.523025512695,0.029262321,-3.088169366121292,22513.267578125,0.6907957792282104,0.0003,-0.06345844268798828,0.2,0.5875000126659871
11520,,,1,9249,288,355.64750085,4.01,,,,,,,,,,,
11560,575.8259124755859,5.0,,,,,,-0.010203117509190628,2880,37000.83745117187,0.015273318,-3.08065470457077,4894.33447265625,0.6882218718528748,0.0003,-0.037218689918518066,0.2,0.26250000577419996
11560,,,1,9274,289,345.42475811,3.97,,,,,,,,,,,
11600,621.3789978027344,5.0,,,,,,0.0004435055448993808,2890,20693.02054901123,0.029977746,-3.072602790594101,4931.05517578125,0.6872429847717285,0.0003,0.04532790184020996,0.2,0.33000000808387997
11600,,,1,9293,290,342.44450581999996,3.93,,,,,,,,,,,
11640,585.3881034851074,5.0,,,,,,-0.019757907441235158,2900,26845.700645446777,0.025413673,-3.067323336005211,19454.9921875,0.6858307719230652,0.0003,-0.059067726135253906,0.2,0.2125000037252903
11640,,,1,9315,291,335.49104377000003,3.84,,,,,,,,,,,
11680,629.0619430541992,5.0,,,,,,-0.025915892892517146,2910,48157.659375,0.016273044,-3.0594756692647933,18715.2578125,0.6838603019714355,0.0003,-0.19547438621520996,0.2,0.30250000674277544
11680,,,1,9335,292,349.77088979000007,3.89,,,,,,,,,,,
11720,441.5649642944336,5.0,,,,,,-0.04160571984511989,2920,48803.97326660156,0.028633537,-3.0544622480869292,39511.31640625,0.6840325593948364,0.0003,-0.14191412925720215,0.2,0.2350000051781535
11720,,,1,9397,293,350.64647934,3.85,,,,,,,,,,,
11760,581.2090377807617,5.0,,,,,,-0.03171523754426744,2930,32671.282116699218,0.027896449,-3.0533964216709135,13022.7939453125,0.6836919188499451,0.0003,0.09239715337753296,0.2,0.31500000730156896
11760,,,1,9415,294,346.89850507000006,3.84,,,,,,,,,,,
11800,554.4143524169922,5.0,,,,,,-0.01838624365045689,2940,26050.666302490234,0.019730352,-3.0528501987457277,12241.71875,0.683873176574707,0.0003,-0.011758208274841309,0.2,0.24500000514090062
11800,,,1,9485,295,356.69206748,3.9,,,,,,,,,,,
11840,111.35010528564453,2.0,,,,,,-0.02135144605403183,2950,23560.43667602539,0.061991774,-3.0521479338407516,3280.5849609375,0.6832962036132812,0.0003,0.11091065406799316,0.2,0.3150000056251884
11840,,,1,9504,296,346.65156475000003,3.82,,,,,,,,,,,
11880,327.7645263671875,4.0,,,,,,0.1646533887766418,2960,37532.28558654785,0.55619645,-3.043165776133537,26181.27734375,0.678888201713562,0.0003,-0.027690649032592773,0.2,0.4875000067055225
11880,,,1,9530,297,316.01437276,3.66,,,,,,,,,,,
11920,104.2249755859375,3.0,,,,,,0.0068564601382240745,2970,38561.8239440918,0.05852115,-3.028348609805107,25329.501953125,0.6793818473815918,0.0003,-0.11294901371002197,0.2,0.4275000112131238
11920,,,1,9594,298,316.28549972999997,3.68,,,,,,,,,,,
11960,388.39732360839844,5.0,,,,,,-0.042543429085744724,2980,18038.65191040039,0.08971445,-3.0323751837015154,4893.5576171875,0.6799103021621704,0.0003,0.0670696496963501,0.2,0.48000001050531865
11960,,,1,9613,299,313.74105257,3.68,,,,,,,,,,,
12000,127.25371170043945,3.0,,,,,,-0.026402258315356454,2990,24501.494998168946,0.12328242,-3.0303507685661315,17095.40234375,0.6800806522369385,0.0003,0.09268128871917725,0.2,0.5575000120326876
12000,,,1,9631,300,318.5100109,3.74,,,,,,,,,,,
12040,291.52357482910156,4.0,,,,,,-0.03078173352776503,3000,22811.63754272461,0.022298,-3.03437283039093,10387.5888671875,0.6806037425994873,0.0003,0.0019388794898986816,0.2,0.29750000685453415
12040,,,1,9651,301,325.93728656,3.8,,,,,,,,,,,
12080,450.4348907470703,5.0,,,,,,-0.0049054526062900505,3010,38848.95914306641,0.015112579,-3.0321277409791945,18894.142578125,0.6798645853996277,0.0003,0.011126160621643066,0.2,0.17750000301748514
12080,,,1,9669,302,312.87538602000006,3.79,,,,,,,,,,,
12120,426.86351776123047,5.0,,,,,,0.016841791454353373,3020,31104.964251708985,0.0591619,-3.0251006305217745,2682.191650390625,0.6784583330154419,0.0003,0.07889914512634277,0.2,0.6000000113621354
12120,,,1,9687,303,318.0440897100001,3.8,,,,,,,,,,,
12160,492.83078384399414,5.0,,,,,,-0.010684944606909986,3030,33984.2415222168,0.025416078,-3.02062232196331,22450.052734375,0.6781744956970215,0.0003,0.13691037893295288,0.2,0.19500000420957803
12160,,,1,9707,304,326.74292016000004,3.83,,,,,,,,,,,
12200,519.0078048706055,5.0,,,,,,-0.005079330045846287,3040,28310.92478942871,0.010934097,-3.0167835891246795,32414.90625,0.6774080991744995,0.0003,0.1841568946838379,0.2,0.19000000394880773
12200,,,1,9725,305,344.18589052999994,3.91,,,,,,,,,,,
12240,385.7096710205078,5.0,,,,,,-0.03162817713455297,3050,24191.77639160156,0.02023225,-3.014495301246643,25340.5,0.6775022745132446,0.0003,0.1874966025352478,0.2,0.3675000086426735
12240,,,1,9744,306,350.7095261,3.96,,,,,,,,,,,
12280,353.30970764160156,5.0,,,,,,-0.03711256729729939,3060,25606.853439331055,0.046278186,-3.0154716074466705,30297.51953125,0.6772205829620361,0.0003,0.10390520095825195,0.2,0.5600000133737921
12280,,,1,9762,307,365.91509392,4.07,,,,,,,,,,,
12320,502.0634307861328,5.0,,,,,,-0.013532429436018002,3070,22926.42237548828,0.01232924,-3.014737915992737,10862.77734375,0.6778361201286316,0.0003,0.1442890763282776,0.2,0.3175000069662929
12320,,,1,9782,308,372.38097486000004,4.12,,,,,,,,,,,
12360,352.7774267196655,5.0,,,,,,-0.01877006580005398,3080,23160.521069335937,0.019055579,-3.0141744554042815,14643.7255859375,0.6769205927848816,0.0003,0.19711917638778687,0.2,0.30250000581145287
12360,,,1,9844,309,383.2602841799999,4.12,,,,,,,,,,,
12400,619.7906723022461,5.0,,,,,,-0.019159828115225534,3090,36624.8682434082,0.015843816,-3.0118870556354524,8061.0283203125,0.6770756244659424,0.0003,-0.04022777080535889,0.2,0.17750000394880772
12400,,,1,9861,310,377.46018058000004,4.09,,,,,,,,,,,
12440,487.7352523803711,5.0,,,,,,-0.024220543679102778,3100,26263.10098724365,0.03690451,-3.007810690999031,16766.322265625,0.6750134229660034,0.0003,0.19353437423706055,0.2,0.3175000067800283
12440,,,1,9884,311,381.13607476000004,4.08,,,,,,,,,,,
12480,166.4245719909668,3.0,,,,,,-0.010768000654788923,3110,37619.095178222655,0.010036524,-2.9972646564245222,15259.78125,0.6733560562133789,0.0003,-0.05470442771911621,0.2,0.34500000700354577
12480,,,1,9903,312,381.2021269499999,4.04,,,,,,,,,,,
12520,320.12387466430664,5.0,,,,,,-0.017430183521209973,3120,29032.011108398438,0.012632359,-2.991512727737427,6412.89111328125,0.6721367239952087,0.0003,0.07857269048690796,0.2,0.21250000465661287
12520,,,1,9924,313,376.09925755999996,4.02,,,,,,,,,,,
12560,590.5319290161133,5.0,,,,,,-0.006082155584608695,3130,26786.837728881837,0.010674013,-2.9882475823163985,13221.21875,0.6716885566711426,0.0003,0.027472198009490967,0.2,0.4450000086799264
12560,,,1,9943,314,364.59910737999996,3.95,,,,,,,,,,,
12600,450.0668754577637,5.0,,,,,,-0.016561902691610154,3140,34934.23851928711,0.014363061,-2.986598515510559,16804.359375,0.6726921796798706,0.0003,0.1555567979812622,0.2,0.22250000424683095
12600,,,1,9962,315,354.32207013,3.88,,,,,,,,,,,
12640,564.6010513305664,5.0,,,,,,-0.03065328535027221,3150,31921.130920410156,0.015373989,-2.9880196392536162,15470.2958984375,0.6717900037765503,0.0003,0.15904361009597778,0.2,0.23500000555068254
12640,,,1,9979,316,359.65923675000005,3.88,,,,,,,,,,,
12680,-5.0,1.0,,,,,,0.04875560003412829,3160,32482.531994628906,0.19141845,-2.9806503742933272,7768.47216796875,0.6698437929153442,0.0003,0.13769561052322388,0.2,0.4675000078976154
12680,,,1,9997,317,371.88674836999996,3.91,,,,,,,,,,,
12720,559.5814819335938,5.0,,,,,,0.0002832531859167098,3170,27813.831384277342,0.063156605,-2.9800480961799622,43094.62109375,0.6714751124382019,0.0003,0.010691285133361816,0.2,0.5075000094249844
12720,,,1,10016,318,358.3679714899999,3.8,,,,,,,,,,,
12760,196.19784450531006,5.0,,,,,,-0.039825382870476454,3180,41540.235540771486,0.017347712,-2.98157114982605,20195.1953125,0.6711286902427673,0.0003,-0.06906962394714355,0.2,0.3225000066682696
12760,,,1,10033,319,358.7936357300001,3.86,,,,,,,,,,,
12800,617.5674514770508,5.0,,,,,,0.0031393914810996294,3190,14661.0359375,0.04482531,-2.972273713350296,3559.327880859375,0.6672766208648682,0.0003,0.42654234170913696,0.2,0.17000000327825546
12800,,,1,10050,320,361.12927697,3.9,,,,,,,,,,,
12840,455.923828125,5.0,,,,,,-0.026221486310532782,3200,24173.27317199707,0.033028096,-2.9592730671167375,5253.21044921875,0.6655466556549072,0.0003,0.1280733346939087,0.2,0.40000000931322577
12840,,,1,10071,321,371.59540896,3.92,,,,,,,,,,,
12880,330.2177734375,5.0,,,,,,-0.01592912665204498,3210,38418.160144042966,0.032573134,-2.951339840888977,23918.22265625,0.6634464263916016,0.0003,0.07731395959854126,0.2,0.2300000049173832
12880,,,1,10088,322,385.39118554,4.0,,,,,,,,,,,
12920,533.5554695129395,5.0,,,,,,0.01470669913476741,3220,26767.795095825197,0.042670727,-2.9449893206357958,7458.87255859375,0.6642228960990906,0.0003,0.11769479513168335,0.2,0.21750000454485416
12920,,,1,10106,323,392.52522906999997,4.05,,,,,,,,,,,
12960,392.7194519042969,4.0,,,,,,-0.031412455465183474,3230,29898.66975708008,0.03275247,-2.9472867876291273,24704.505859375,0.6644999980926514,0.0003,0.07557803392410278,0.2,0.30500000678002837
12960,,,1,10128,324,384.04937356999994,4.01,,,,,,,,,,,
13000,453.85628509521484,5.0,,,,,,-0.017863613326044293,3240,33916.93518066406,0.10460569,-2.946951222419739,43679.9296875,0.6632890701293945,0.0003,0.11304718255996704,0.2,0.47500001080334187
13000,,,1,10149,325,397.57839196000003,4.07,,,,,,,,,,,
13040,602.6404876708984,5.0,,,,,,-0.005851000975662846,3250,35420.46214599609,0.012008062,-2.9375283092260362,15102.03515625,0.660760760307312,0.0003,0.11127030849456787,0.2,0.14250000286847353
13040,,,1,10172,326,397.12952153,4.05,,,,,,,,,,,
13080,615.6550598144531,5.0,,,,,,-0.02816619603345316,3260,33332.76054077149,0.013983838,-2.929217991232872,10045.72265625,0.659192681312561,0.0003,0.13487118482589722,0.2,0.2950000066310167
13080,,,1,10190,327,397.25300594,4.04,,,,,,,,,,,
13120,565.5243759155273,5.0,,,,,,-0.00587029480466299,3270,25104.13561401367,0.039791223,-2.9253282457590104,5267.61181640625,0.6585850119590759,0.0003,0.11926740407943726,0.2,0.3425000080838799
13120,,,1,10209,328,411.8938122799999,4.13,,,,,,,,,,,
13160,473.9895324707031,5.0,,,,,,-0.017025598959735367,3280,35298.28885498047,0.014095916,-2.9236651808023453,10760.0166015625,0.6591554284095764,0.0003,-0.09970235824584961,0.2,0.34000000804662706
13160,,,1,10232,329,413.58071982000007,4.07,,,,,,,,,,,
13200,225.21160125732422,3.0,,,,,,-0.0422530947602354,3290,31317.64971923828,0.06384977,-2.9199721932411196,14181.087890625,0.6572484970092773,0.0003,0.16435855627059937,0.2,0.4275000084191561
13200,,,1,10261,330,416.93445938,4.06,,,,,,,,,,,
13240,459.45720291137695,5.0,,,,,,-0.021678537977495582,3300,26215.584057617187,0.024372887,-2.9154169261455536,9366.1787109375,0.6575288772583008,0.0003,0.0551413893699646,0.2,0.19000000320374966
13240,,,1,10280,331,391.74370917,3.92,,,,,,,,,,,
13280,589.2640380859375,5.0,,,,,,-0.030383214565663376,3310,43690.62056274414,0.035863314,-2.9159382194280625,17558.435546875,0.6577860116958618,0.0003,-0.15715670585632324,0.2,0.25000000558793545
13280,,,1,10299,332,388.69195038000004,3.93,,,,,,,,,,,
13320,497.49715423583984,5.0,,,,,,-0.013836226254343276,3320,25163.710302734376,0.041793387,-2.917083737254143,20090.74609375,0.6578693389892578,0.0003,0.10753369331359863,0.2,0.43500001057982446
13320,,,1,10319,333,383.67760739,3.9,,,,,,,,,,,
13360,402.87220764160156,5.0,,,,,,-0.002533774549156087,3330,34876.64704589844,0.009623966,-2.915205553174019,26627.25390625,0.6569094061851501,0.0003,-0.004002809524536133,0.2,0.16000000294297934
13360,,,1,10341,334,382.09168143000005,3.9,,,,,,,,,,,
13400,736.2801971435547,5.0,,,,,,-0.026762558192131115,3340,25072.75584411621,0.062570915,-2.915168446302414,8702.6455078125,0.6582372784614563,0.0003,0.04327923059463501,0.2,0.42000000961124895
13400,,,1,10360,335,367.1223902000001,3.84,,,,,,,,,,,
13440,332.92543029785156,4.0,,,,,,0.0010065044547082013,3350,37703.46239624023,0.029806761,-2.9201649904251097,47534.58203125,0.6587880849838257,0.0003,-0.03262948989868164,0.2,0.22750000543892385
13440,,,1,10382,336,352.5380097000001,3.74,,,,,,,,,,,
13480,476.7741394042969,5.0,,,,,,-0.028363975217198457,3360,43294.90710449219,0.039601836,-2.920047190785408,27596.1015625,0.6582863330841064,0.0003,-0.1505904197692871,0.2,0.21250000428408383
13480,,,1,10452,337,357.31015027,3.82,,,,,,,,,,,
13520,594.213508605957,5.0,,,,,,-0.02761517568702402,3370,19081.355383300783,0.05695741,-2.915720742940903,12344.7802734375,0.6569182872772217,0.0003,0.23659801483154297,0.2,0.302500008046627
13520,,,1,10469,338,362.64341382999993,3.83,,,,,,,,,,,
13560,523.6850662231445,5.0,,,,,,-0.02102819816573174,3380,38917.04973144531,0.028859833,-2.9075853645801546,17730.533203125,0.6548539400100708,0.0003,0.1875067949295044,0.2,0.19500000346451998
13560,,,1,10489,339,378.17309167999997,3.91,,,,,,,,,,,
13600,432.6635513305664,5.0,,,,,,-0.029976835162378857,3390,23797.148278808592,0.045931652,-2.901683136820793,23702.03515625,0.6560158133506775,0.0003,0.14717066287994385,0.2,0.43000001069158317
13600,,,1,10507,340,376.9932784200001,3.91,,,,,,,,,,,
13640,712.9623260498047,5.0,,,,,,0.016139276595786223,3400,27720.003466796876,0.030625425,-2.9025685667991636,6164.84033203125,0.6546298265457153,0.0003,0.15902173519134521,0.2,0.26250000540167095
13640,,,1,10529,341,388.67088371,3.97,,,,,,,,,,,
13680,564.4425868988037,5.0,,,,,,-0.033629377168253996,3410,41231.87894897461,0.061457526,-2.89668989777565,23819.806640625,0.6546967029571533,0.0003,-0.032623887062072754,0.2,0.27250000573694705
13680,,,1,10551,342,376.7310367399999,3.89,,,,,,,,,,,
13720,545.8947105407715,5.0,,,,,,-0.013434767060171016,3420,45126.70199584961,0.04069813,-2.899588558077812,30685.576171875,0.6548888087272644,0.0003,-0.07083797454833984,0.2,0.19750000461935996
13720,,,1,10574,343,362.05487667999995,3.74,,,,,,,,,,,
13760,401.7077865600586,5.0,,,,,,-0.017884884591112492,3430,49650.43596191406,0.0145211555,-2.9008569061756133,25335.68359375,0.6553037166595459,0.0003,-0.18764638900756836,0.2,0.28000000566244126
13760,,,1,10590,344,363.8920228300001,3.75,,,,,,,,,,,
13800,623.9066467285156,5.0,,,,,,-0.042897542973551014,3440,32812.03521118164,0.048045278,-2.9041804671287537,15403.01953125,0.6561830639839172,0.0003,0.1170492172241211,0.2,0.27250000517815354
13800,,,1,10608,345,375.57429920999994,3.84,,,,,,,,,,,
13840,479.7712097167969,5.0,,,,,,0.08165449315987872,3450,38961.37260742187,0.24451904,-2.9054721891880035,15857.1220703125,0.6564198732376099,0.0003,0.11367249488830566,0.2,0.5750000102445483
13840,,,1,10625,346,381.80656386999993,3.89,,,,,,,,,,,
13880,330.4728698730469,5.0,,,,,,-0.026194631829857828,3460,26966.081260681152,0.052067675,-2.9042984783649444,36941.21875,0.6551308631896973,0.0003,-0.002508401870727539,0.2,0.3800000067800283
13880,,,1,10648,347,350.32752954000006,3.7,,,,,,,,,,,
13920,322.4251136779785,5.0,,,,,,-0.019735713373374895,3470,42387.38741455078,0.016347028,-2.9007145196199415,23920.291015625,0.6547226309776306,0.0003,-0.1961299180984497,0.2,0.25500000547617674
13920,,,1,10663,348,353.95878358000004,3.77,,,,,,,,,,,
13960,471.6296615600586,5.0,,,,,,0.008642111329390901,3480,14224.079786682129,0.10232261,-2.911765369772911,4273.62060546875,0.6593919992446899,0.0003,0.31138086318969727,0.2,0.4900000110268593
13960,,,1,10681,349,342.76502925,3.73,,,,,,,,,,,
14000,226.50840377807617,4.0,,,,,,-0.009015211058431305,3490,32727.694723510744,0.04136438,-2.927192676067352,8845.7509765625,0.6614755392074585,0.0003,-0.04287219047546387,0.2,0.45500000976026056
14000,,,1,10697,350,347.8919273700001,3.8,,,,,,,,,,,
14040,319.37047004699707,5.0,,,,,,0.001070065947715193,3500,20086.626318359376,0.0755086,-2.9311283946037294,8132.48486328125,0.6616876125335693,0.0003,0.1695319414138794,0.2,0.3925000082701445
14040,,,1,10715,351,350.66356322000007,3.85,,,,,,,,,,,
14080,230.33317184448242,4.0,,,,,,0.03382991610371391,3510,24501.495330810547,0.60037553,-2.929199442267418,9809.125,0.6617751121520996,0.0003,-0.028017640113830566,0.2,0.42750000674277544
14080,,,1,10735,352,351.27758108,3.95,,,,,,,,,,,
14120,206.7288522720337,5.0,,,,,,-0.008382326617193025,3520,24482.988665771485,0.09380969,-2.9243763238191605,14419.474609375,0.6604204177856445,0.0003,0.07871013879776001,0.2,0.26250000614672897
14120,,,1,10750,353,357.89355903999996,4.09,,,,,,,,,,,
14160,50.87163162231445,2.0,,,,,,0.024240991848655535,3530,13725.028048706055,0.13407995,-2.9169252157211303,17044.896484375,0.6592550277709961,0.0003,0.1757746934890747,0.2,0.5975000105798245
14160,,,1,10770,354,336.60515004000007,4.06,,,,,,,,,,,
14200,156.79318809509277,5.0,,,,,,-0.04059697206481365,3540,24039.94853515625,0.022464203,-2.9162324160337447,7057.95556640625,0.6596013903617859,0.0003,-0.21417927742004395,0.2,0.3300000073388219
14200,,,1,10845,355,332.39716101,4.09,,,,,,,,,,,
14240,384.6317939758301,5.0,,,,,,-0.03345678456462338,3550,14322.52303161621,0.058869347,-2.911484396457672,10668.07421875,0.6570116877555847,0.0003,0.30602508783340454,0.2,0.48000001031905415
14240,,,1,10862,356,332.34557020999995,4.1,,,,,,,,,,,
14280,568.910400390625,5.0,,,,,,-0.021798059111679324,3560,20070.956396484376,0.0141743515,-2.9037781566381455,10298.3720703125,0.65683913230896,0.0003,0.2622121572494507,0.2,0.26500000674277546
14280,,,1,10890,357,331.5568489700001,4.11,,,,,,,,,,,
14320,495.3897895812988,5.0,,,,,,-0.005990253228010278,3570,36126.00965499878,0.029978706,-2.9054090559482573,26380.18359375,0.6587350368499756,0.0003,-0.0467301607131958,0.2,0.42500000819563866
14320,,,1,10907,358,325.40372919000004,4.04,,,,,,,,,,,
14360,456.10954666137695,5.0,,,,,,-0.026545112036546924,3580,23330.441412353517,0.052331865,-2.9101415872573853,8535.7197265625,0.6586709022521973,0.0003,0.005330860614776611,0.2,0.2700000060722232
14360,,,1,10924,359,331.87728646999994,4.08,,,,,,,,,,,
14400,306.8764343261719,4.0,,,,,,-0.0029479158226604295,3590,21738.618490600587,0.05116102,-2.910430845618248,6980.90185546875,0.6588066816329956,0.0003,0.17915183305740356,0.2,0.43750000968575475
14400,,,1,10942,360,315.94928428,3.97,,,,,,,,,,,
14440,445.346378326416,5.0,,,,,,0.03762086104536137,3600,20854.528828430175,0.053968497,-2.9033773839473724,7993.17041015625,0.6562782526016235,0.0003,0.20686423778533936,0.2,0.4425000099465251
14440,,,1,10962,361,318.05029682,3.95,,,,,,,,,,,
14480,204.8706283569336,3.0,,,,,,-0.03517206465039635,3610,24322.338415527345,0.07067393,-2.897639459371567,22408.59375,0.6562983393669128,0.0003,0.12871086597442627,0.2,0.4750000098720193
14480,,,1,10979,362,336.81175645,3.98,,,,,,,,,,,
14520,535.5273094177246,5.0,,,,,,-0.018073946230178974,3620,24128.967932128908,0.0382983,-2.898789715766907,12311.0849609375,0.6569787263870239,0.0003,0.24634188413619995,0.2,0.46750001087784765
14520,,,1,10998,363,349.93384775,3.96,,,,,,,,,,,
14560,589.0627288818359,5.0,,,,,,-0.030157792457030153,3630,35868.25429077148,0.05343728,-2.9007759392261505,17321.052734375,0.6571616530418396,0.0003,0.06081479787826538,0.2,0.5000000098720193
14560,,,1,11015,364,378.90707213,4.07,,,,,,,,,,,
14600,496.6859817504883,5.0,,,,,,-0.0016708039741206494,3640,30475.993157958983,0.16408294,-2.9035285383462908,22439.890625,0.6590962409973145,0.0003,0.14932608604431152,0.2,0.32500000558793546
14600,,,1,11039,365,364.4283266499999,3.87,,,,,,,,,,,
14640,644.4297027587891,5.0,,,,,,-0.011626622598323588,3650,69102.36824951172,0.037334785,-2.9087599366903305,32252.583984375,0.6589375734329224,0.0003,-0.20232093334197998,0.2,0.3000000070780516
14640,,,1,11075,366,375.52192757000006,3.88,,,,,,,,,,,
14680,311.86614990234375,3.0,,,,,,-0.04124008497565228,3660,31513.63780822754,0.022254966,-2.9066858172416685,8934.7275390625,0.6585984826087952,0.0003,0.09751081466674805,0.2,0.28250000681728127
14680,,,1,11093,367,361.36493596,3.76,,,,,,,,,,,
14720,338.3617858886719,4.0,,,,,,-0.01752035362414972,3670,44525.14443359375,0.009664285,-2.9093683689832686,34522.4140625,0.6609895825386047,0.0003,-0.0790557861328125,0.2,0.2025000037625432
14720,,,1,11113,368,381.99011257,3.85,,,,,,,,,,,
14760,766.6613006591797,5.0,,,,,,-0.022918091640422068,3680,41690.57033691406,0.025134388,-2.917049100995064,7201.93359375,0.6609477400779724,0.0003,0.12455648183822632,0.2,0.18000000342726707
14760,,,1,11177,369,390.21147758,3.87,,,,,,,,,,,
14800,616.7976455688477,5.0,,,,,,-0.007421871863334673,3690,33536.426217651366,0.01931625,-2.917136180400848,19097.81640625,0.6616233587265015,0.0003,0.1467818021774292,0.2,0.315000007674098
14800,,,1,11228,370,397.04448623,3.85,,,,,,,,,,,
14840,121.79649353027344,3.0,,,,,,-0.03793695905129426,3700,44201.696868896484,0.033079244,-2.9174746364355086,14995.638671875,0.6615241169929504,0.0003,0.06893974542617798,0.2,0.31000000704079866
14840,,,1,11249,371,394.90309363000006,3.82,,,,,,,,,,,
14880,527.6546630859375,5.0,,,,,,-0.03385453368216984,3710,38048.121282958986,0.046848875,-2.9134521216154097,15631.5146484375,0.6595085859298706,0.0003,0.08513802289962769,0.2,0.37500000894069674
14880,,,1,11272,372,371.97918084,3.66,,,,,,,,,,,
14920,176.86590576171875,3.0,,,,,,-0.006710712281928854,3720,48738.52076416016,0.019981578,-2.9084269970655443,35070.26171875,0.6593286991119385,0.0003,-0.22952616214752197,0.2,0.1825000036507845
14920,,,1,11292,373,357.20532275,3.57,,,,,,,,,,,
14960,622.9153442382812,5.0,,,,,,0.000267010019451841,3730,34301.77135620117,0.03411173,-2.909870147705078,19333.466796875,0.6602926850318909,0.0003,-0.030359864234924316,0.2,0.2125000048428774
14960,,,1,11325,374,366.92437557,3.64,,,,,,,,,,,
15000,491.4474334716797,5.0,,,,,,-0.025014877918220012,3740,29127.37479248047,0.040308133,-2.914399912953377,11733.6435546875,0.6605298519134521,0.0003,0.09083414077758789,0.2,0.4350000098347664
15000,,,1,11345,375,365.45482842999996,3.64,,,,,,,,,,,
15040,295.1506576538086,4.0,,,,,,-0.031273742568446325,3750,35920.74304199219,0.025342105,-2.9109104007482527,15355.498046875,0.6603723764419556,0.0003,-0.05513262748718262,0.2,0.3975000100210309
15040,,,1,11362,376,368.02571455,3.7,,,,,,,,,,,
15080,448.5478057861328,5.0,,,,,,0.0286114134608215,3760,24502.37705078125,0.021094175,-2.91176942884922,5110.162109375,0.6613838076591492,0.0003,0.09545242786407471,0.2,0.3675000064074993
15080,,,1,11382,377,361.71825198,3.71,,,,,,,,,,,
15120,567.3048286437988,5.0,,,,,,-0.015369003159867134,3770,30719.336535644532,0.022809707,-2.910585117340088,8774.208984375,0.6596331596374512,0.0003,-0.09163308143615723,0.2,0.352500007301569
15120,,,1,11404,378,349.27677217,3.61,,,,,,,,,,,
15160,826.0748291015625,5.0,,,,,,-0.00014824344951194223,3780,41822.78223266602,0.012233594,-2.9037860929965973,38689.734375,0.658073365688324,0.0003,-0.13502037525177002,0.2,0.07250000145286321
15160,,,1,11422,379,349.47654825000006,3.64,,,,,,,,,,,
15200,165.3260040283203,3.0,,,,,,-0.015759887680469542,3790,36861.6877746582,0.036509927,-2.9044936031103132,8363.4169921875,0.6598287224769592,0.0003,0.11055326461791992,0.2,0.45750001091510056
15200,,,1,11490,380,342.58166203,3.62,,,,,,,,,,,
15240,367.7914123535156,4.0,,,,,,-0.03698033695778591,3800,36329.96001586914,0.04101602,-2.9085609406232833,8728.41015625,0.6601951122283936,0.0003,0.12641650438308716,0.2,0.4450000111013651
15240,,,1,11509,381,357.55417898,3.71,,,,,,,,,,,
15280,510.35766220092773,5.0,,,,,,-0.011657514859234653,3810,35071.56157226562,0.020610133,-2.905339628458023,3459.260009765625,0.6590614318847656,0.0003,-0.06496560573577881,0.2,0.16750000324100256
15280,,,1,11527,382,362.82269963999994,3.74,,,,,,,,,,,
15320,571.3323669433594,5.0,,,,,,0.0002504960980149962,3820,40422.049328613284,0.011119578,-2.901014229655266,16154.294921875,0.6594558954238892,0.0003,0.07974851131439209,0.2,0.3500000074505806
15320,,,1,11547,383,372.49653095,3.8,,,,,,,,,,,
15360,462.78116607666016,5.0,,,,,,-0.01811165140912635,3830,37711.39049072265,0.023598827,-2.9028634279966354,16925.6640625,0.6587531566619873,0.0003,0.0717766284942627,0.2,0.3600000074133277
15360,,,1,11570,384,380.5443245,3.86,,,,,,,,,,,
15400,546.4378395080566,5.0,,,,,,-0.0019518021188196122,3840,30431.002291870118,0.019336183,-2.897181013226509,15406.9296875,0.6568642854690552,0.0003,0.17956942319869995,0.2,0.3200000075623393
15400,,,1,11591,385,380.41792397000006,3.87,,,,,,,,,,,
15440,589.2588958740234,5.0,,,,,,-0.02105009902168149,3850,24528.58775024414,0.03459384,-2.890120843052864,5928.630859375,0.6564217805862427,0.0003,0.21480709314346313,0.2,0.2950000075623393
15440,,,1,11652,386,374.39643176,3.83,,,,,,,,,,,
15480,219.24376678466797,5.0,,,,,,-0.023663170895761133,3860,36776.022650146486,0.029999515,-2.8846456348896026,12307.375,0.6547490358352661,0.0003,-0.09040677547454834,0.2,0.36500000916421416
15480,,,1,11672,387,376.64810757999993,3.88,,,,,,,,,,,
15520,451.8339080810547,5.0,,,,,,-0.0028776541605475383,3870,29181.301495361327,0.017052926,-2.8731011539697646,12044.0400390625,0.6519440412521362,0.0003,-0.04436802864074707,0.2,0.2800000049173832
15520,,,1,11690,388,372.44102700999997,3.88,,,,,,,,,,,
15560,285.2425365447998,5.0,,,,,,-0.004692129715876936,3880,22454.235971069334,0.025446014,-2.8609555035829546,18307.08203125,0.6496903300285339,0.0003,-0.06312978267669678,0.2,0.3100000062957406
15560,,,1,11708,389,375.23235341,3.9,,,,,,,,,,,
15600,454.4782295227051,5.0,,,,,,0.01288788920809566,3890,42846.24521484375,0.010326546,-2.845944935083389,30109.9375,0.645875096321106,0.0003,0.0762859582901001,0.2,0.20500000435858964
15600,,,1,11727,390,373.53410868,3.92,,,,,,,,,,,
15640,517.0882606506348,5.0,,,,,,0.07146094296287628,3900,27392.374447631835,0.26824975,-2.8363912135362623,7667.06884765625,0.645818829536438,0.0003,0.056584298610687256,0.2,0.5250000078231096
15640,,,1,11744,391,372.99418915999996,3.92,,,,,,,,,,,
15680,294.88639068603516,4.0,,,,,,0.0015024166327202715,3910,40775.443859863284,0.018232837,-2.8435426861047746,25894.140625,0.6483283042907715,0.0003,-0.015991806983947754,0.2,0.21750000435858965
15680,,,1,11762,392,371.8639676,3.93,,,,,,,,,,,
15720,712.1715316772461,5.0,,,,,,-0.020001276331313423,3920,36309.28086547852,0.021129135,-2.8542785227298735,15371.919921875,0.6506041288375854,0.0003,-0.050032615661621094,0.2,0.3175000073388219
15720,,,1,11812,393,376.73671750999995,3.96,,,,,,,,,,,
15760,618.6468505859375,5.0,,,,,,-0.02064451126752829,3930,28957.241165161133,0.03445775,-2.85653378367424,16374.7646484375,0.6491917371749878,0.0003,0.1508122682571411,0.2,0.22250000461935998
15760,,,1,11834,394,376.37982812,3.95,,,,,,,,,,,
15800,534.5582847595215,5.0,,,,,,-0.007487622106036729,3940,42463.526385498044,0.03156539,-2.8519704937934875,11599.8232421875,0.6488081216812134,0.0003,0.0025913119316101074,0.2,0.33250000793486834
15800,,,1,11856,395,368.26376742,3.85,,,,,,,,,,,
15840,547.5616569519043,5.0,,,,,,-0.026986465430163652,3950,42231.6422241211,0.091256455,-2.8540830463171005,13089.5966796875,0.6500589847564697,0.0003,-0.1551496982574463,0.2,0.5150000112131238
15840,,,1,11873,396,366.85748161,3.85,,,,,,,,,,,
15880,719.5286560058594,5.0,,,,,,-0.01346745437047503,3960,30005.164807128906,0.010035345,-2.8584650993347167,22524.955078125,0.6507995128631592,0.0003,-0.05083632469177246,0.2,0.15000000316649675
15880,,,1,11891,397,377.1647439899999,3.93,,,,,,,,,,,
15920,536.755012512207,5.0,,,,,,-0.013829100076691248,3970,19985.93084411621,0.011671212,-2.858320826292038,11867.640625,0.6493388414382935,0.0003,0.2442752718925476,0.2,0.28000000640749934
15920,,,1,11909,398,386.79069848000006,3.95,,,,,,,,,,,
15960,466.40917205810547,5.0,,,,,,0.013439054198679523,3980,30634.96204223633,0.038301475,-2.856251871585846,18258.91796875,0.6490520238876343,0.0003,-0.014092445373535156,0.2,0.43750000968575475
15960,,,1,11925,399,379.9408126,3.93,,,,,,,,,,,
16000,497.73670196533203,5.0,,,,,,-0.010967978135741985,3990,23168.8688293457,0.023154536,-2.852739530801773,12151.0009765625,0.6475244760513306,0.0003,0.0681462287902832,0.2,0.25750000569969417
16000,,,1,11942,400,398.04727980999996,4.02,,,,,,,,,,,
