rollout/ep_len_mean,time/time_elapsed,rollout/ep_rew_mean,time/episodes,time/total_timesteps,time/fps,eval/mean_reward,eval/mean_ep_length,train/critic_loss,train/learning_rate,train/actor_loss,train/n_updates
2.75,5,-3.74364675,4,11,2,,,,,,
3.75,68,-2.170137625,8,30,0,,,,,,
,,,,40,,-15,3,,,,
3.5,82,-6.436679417,12,42,0,,,,,,
3.375,87,-3.748958875,16,54,0,,,,,,
3.4,94,-2.45609815,20,68,0,,,,,,
,,,,80,,-10,2,,,,
3.375,103,-0.098948792,24,81,0,,,,,,
3.535714286,109,-0.854821786,28,99,0,,,,,,
3.34375,113,0.028560062,32,107,0,,,155.8689499,0.001,1.106557161,7
3.194444444,119,-0.334644889,36,115,0,,,2796.321777,0.001,1.26059556,11
,,,,120,,-18.2244314,5,141.0534454,0.001,1.2022084,16
3.2,131,-1.490249825,40,128,0,,,125.6800413,0.001,3.451624632,28
3.090909091,135,-2.263863477,44,136,1,,,76.25372314,0.001,4.009172916,36
3.166666667,140,-3.741874854,48,152,1,,,54.40376053,0.001,4.053534031,48
,,,,160,,-25,5,9.667967892,0.001,4.281750361,58
3.307692308,151,-5.37711525,52,172,1,,,3.370009792,0.001,6.212909857,68
3.428571429,158,-6.778749875,56,192,1,,,6.268514395,0.001,5.766557535,88
,,,,200,,-25,5,6.519082355,0.001,6.114302953,98
3.533333333,168,-7.993499883,60,212,1,,,3.919224596,0.001,6.849713961,108
3.578125,173,-8.822031141,64,229,1,,,7.892191887,0.001,6.353806496,125
,,,,240,,-5,1,8.450865698,0.001,5.412295183,140
3.602941176,181,-9.479558721,68,245,1,,,8.059785843,0.001,,141
3.472222222,240,-9.300138792,72,250,1,,,3.425582886,0.001,6.653572083,150
3.486842105,244,-9.797499908,76,265,1,,,9.223198016,0.001,5.194327831,161
,,,,280,,138.2421541,5,1142.799185,0.001,4.734776497,177
3.5125,255,-4.681717275,80,281,1,,,,,,
3.452380952,259,0.283942774,84,290,1,,,4832.467041,0.001,0.683285594,189
3.386363636,265,3.726031795,88,298,1,,,5388.830078,0.001,-2.884899259,197
3.315217391,269,5.768020326,92,305,1,,,5729.702393,0.001,-6.538479805,204
3.21875,271,5.319352813,96,309,1,,,4227.674805,0.001,-9.656374931,209
3.14,275,5.57029584,100,314,1,,,10124.50977,0.001,-14.94199085,214
,,,,320,,-5,1,4070.925879,0.001,-25.12922796,220
3.15,283,5.66054068,104,326,1,,,10274.58789,0.001,-21.31263542,222
3.16,290,4.88210098,108,346,1,,,1477.498535,0.001,-19.87318103,242
3.08,293,5.2808915,112,350,1,,,772.9536133,0.001,-13.49618244,250
3.01,297,4.85832339,116,355,1,,,514.8291626,0.001,-11.87610245,255
2.91,351,4.5497096,120,359,1,,,332.9099731,0.001,-7.167217255,259
,,,,360,,-5,1,308.0142212,0.001,-7.324802399,260
2.82,358,3.88223768,124,363,1,,,237.2180481,0.001,-5.884904385,263
2.7,362,3.79784007,128,369,1,,,191.9443665,0.001,-4.208975315,269
2.67,371,3.29935075,132,374,1,,,142.9781342,0.001,-3.221298933,273
2.63,375,3.22896213,136,378,1,,,163.3582916,0.001,-2.985833168,278
2.55,380,3.4545899,140,383,1,,,117.1705475,0.001,-2.197742939,283
2.51,383,3.6545899,144,387,1,,,103.5722351,0.001,-2.460629702,287
2.4,387,4.2045899,148,392,1,,,96.27349854,0.001,-1.56669879,292
2.25,390,4.9545899,152,397,1,,,82.6933136,0.001,-1.209369659,296
,,,,400,,-10,2,69.61833954,0.001,-1.022815943,299
2.1,400,5.76093622,156,402,1,,,66.21276093,0.001,-0.569592774,302
1.94,402,6.56093622,160,406,1,,,62.33499908,0.001,-0.31978488,306
1.81,406,7.21093622,164,410,1,,,54.33679199,0.001,0.09863279,310
1.71,409,8.68175652,168,416,1,,,41.17930222,0.001,0.646072865,315
1.74,415,11.1296029,172,424,1,,,1051.392944,0.001,0.933973134,322
1.71,420,12.00346423,176,436,1,,,3183.262551,0.001,0.214879964,335
,,,,440,,-10,2,3065.515625,0.001,-0.49089703,340
1.65,429,7.80273812,180,446,1,,,1543.68631,0.001,-0.79550308,342
1.76,434,2.81885237,184,466,1,,,747.5373398,0.001,-1.948849161,362
,,,,480,,-25,5,69.33303528,0.001,-1.333631992,377
1.88,446,-1.22154368,188,486,1,,,62.43926926,0.001,-0.755277316,382
2.01,452,-4.2492144,192,506,1,,,37.1173172,0.001,0.870884597,402
,,,,520,,-25,5,19.30551224,0.001,2.503421307,417
2.17,469,-5.0492144,196,526,1,,,14.92766361,0.001,3.052557707,422
2.28,475,-6.31293154,200,542,1,,,6.949616432,0.001,4.084029118,438
2.25,482,-6.02475103,204,551,1,,,7.353429159,0.001,3.753367186,449
2.13,486,-4.48960312,208,559,1,,,399.3402154,0.001,2.872165442,459
,,,,560,,-5,1,1861.020752,0.001,2.266957998,460
2.13,493,-4.48960312,212,563,1,,,247.9076996,0.001,1.929968834,463
2.13,498,-4.48960312,216,568,1,,,23.82369328,0.001,0.831189752,468
2.16,502,-4.63960312,220,575,1,,,27.02572918,0.001,0.621146381,475
2.16,505,-4.63960312,224,579,1,,,323.1231384,0.001,0.175083444,479
2.15,510,-4.39667706,228,584,1,,,332.0302734,0.001,0.098763376,484
2.14,514,-4.34667706,232,588,1,,,142.3569641,0.001,-0.047735211,488
2.15,518,-3.97691729,236,593,1,,,34.71342087,0.001,-0.149111673,493
,,,,600,,-25,5,232.0174294,0.001,0.531789005,497
2.19,531,-3.84032069,240,602,1,,,82.51453552,0.001,0.055134804,502
2.27,537,-4.05823286,244,614,1,,,309.2886543,0.001,0.684812645,514
2.38,544,-4.60823286,248,630,1,,,145.5405596,0.001,1.150451064,526
,,,,640,,-25,5,5.475555897,0.001,1.577772101,537
2.49,557,-5.15823286,252,646,1,,,53.69065886,0.001,1.866120855,542
2.6,564,-5.76457918,256,662,1,,,2.096757364,0.001,3.079814593,562
2.72,569,-6.36457918,260,678,1,,,9.660667419,0.001,2.947895527,574
,,,,680,,-25,5,1.730918527,0.001,3.145741463,579
2.88,581,-7.16457918,264,698,1,,,2.975986767,0.001,3.279748122,594
3.02,590,-8.83539948,268,718,1,,,1.580890322,0.001,3.545947154,614
,,,,720,,-25,5,1.113750815,0.001,3.762069821,619
3.14,606,-11.96999493,272,738,1,,,4.154900688,0.001,3.031022787,634
3.22,612,-12.86414527,276,758,1,,,41.43195506,0.001,3.840298176,654
,,,,760,,-25,5,43.46244788,0.001,3.378604293,659
3.32,625,-13.36414527,280,778,1,,,39.74883884,0.001,2.871295055,674
3.32,631,-13.36414527,284,798,1,,,1.721958908,0.001,3.521595637,694
,,,,800,,-25,5,0.932990562,0.001,3.830126643,699
3.32,645,-13.36414527,288,818,1,,,1.160311258,0.001,4.081780275,714
3.32,652,-13.36414527,292,838,1,,,1.107622024,0.001,4.305881182,734
,,,,840,,-25,5,1.116196534,0.001,4.234480619,739
3.32,664,-13.36414527,296,858,1,,,0.872550714,0.001,4.448583603,754
3.32,670,-13.36414527,300,874,1,,,2.597346425,0.001,4.21698761,770
,,,,880,,-25,5,0.676678231,0.001,4.858868599,780
3.43,683,-14.58133686,304,894,1,,,0.929426949,0.001,4.854406834,790
3.55,689,-16.31417993,308,914,1,,,2.151558661,0.001,4.60436217,810
,,,,920,,-25,5,1.303009745,0.001,4.975911776,820
3.71,704,-17.11417993,312,934,1,,,1.366033162,0.001,4.923857371,830
3.86,709,-17.86417993,316,954,1,,,2.4263004,0.001,4.76174434,850
,,,,960,,-25,5,2.136361092,0.001,5.050762653,860
3.99,723,-18.51417993,320,974,1,,,1.061124146,0.001,5.459095637,870
4.11,730,-19.11417993,324,990,1,,,2.742799568,0.001,5.210273266,886
,,,,1000,,-25,5,3.008008718,0.001,5.148972193,896
4.22,743,-19.85710599,328,1006,1,,,3.4895432,0.001,5.030519485,902
4.3,748,-20.25710599,332,1018,1,,,5.117985725,0.001,5.042892456,914
4.41,756,-21.22686576,336,1034,1,,,4.62785964,0.001,5.217217286,934
,,,,1040,,-25,5,2.973660973,0.001,5.482922236,940
4.52,770,-22.11346236,340,1054,1,,,1.918404162,0.001,5.797287941,950
4.6,779,-22.69555019,344,1074,1,,,2.971125054,0.001,5.838064035,970
,,,,1080,,-25,5,3.232676911,0.001,6.100736141,980
4.64,792,-22.89555019,348,1094,1,,,2.86635618,0.001,6.092969894,990
4.68,799,-23.09555019,352,1114,1,,,3.027672172,0.001,6.149529298,1010
,,,,1120,,-25,5,1.397633243,0.001,6.488538424,1020
4.72,811,-23.29555019,356,1134,1,,,2.928796601,0.001,6.325767676,1030
4.76,818,-23.49555019,360,1154,1,,,4.088073111,0.001,6.379519304,1050
,,,,1160,,-25,5,2.403024864,0.001,6.669216951,1060
4.76,834,-23.49555019,364,1174,1,,,3.225869012,0.001,7.019594828,1070
4.64,837,-22.89555019,368,1182,1,,,3.142101765,0.001,6.67528677,1082
4.52,842,-22.22109928,372,1190,1,,,8.147384644,0.001,6.013069153,1090
4.38,846,-21.49154176,376,1196,1,,,11.31706524,0.001,4.643876553,1096
,,,,1200,,-5,1,58.30315018,0.001,4.593214989,1100
4.22,853,-20.69154176,380,1200,1,,,,,,
4.14,857,-20.29154176,384,1212,1,,,57.501511,0.001,4.076818466,1112
4.05,862,-19.84154176,388,1223,1,,,7.823125124,0.001,4.082758427,1119
3.98,867,-19.49154176,392,1236,1,,,4.801526451,0.001,5.197453499,1136
,,,,1240,,-25,5,8.287542343,0.001,,1137
3.86,880,-18.89154176,396,1244,1,,,4.341630459,0.001,6.137822151,1144
3.78,885,-18.49154176,400,1252,1,,,8.60515976,0.001,5.502686977,1152
3.78,893,-18.50302965,404,1272,1,,,8.836041641,0.001,5.361381849,1168
,,,,1280,,-10,2,8.524118423,0.001,6.151107788,1180
3.7,902,-18.10302965,408,1284,1,,,9.389484227,0.001,5.680608511,1184
3.66,907,-17.90302965,412,1300,1,,,5.850579262,0.001,7.489866734,1196
3.62,912,-17.70302965,416,1316,1,,,14.04373338,0.001,8.138243675,1212
,,,,1320,,-25,5,31.53997993,0.001,8.874759674,1219
3.55,921,-17.35302965,420,1329,1,,,28.43229866,0.001,9.227931817,1225
3.52,925,-17.20302965,424,1342,1,,,11.98211937,0.001,9.973230998,1238
,,,,1360,,-25,5,27.5934536,0.001,8.048429171,1258
3.56,935,-17.40302965,428,1362,1,,,,,,
3.61,940,-17.65302965,432,1379,1,,,24.4258522,0.001,10.30995607,1275
3.61,945,-17.65302965,436,1395,1,,,25.69057274,0.001,10.16523266,1291
,,,,1400,,-10,2,32.48283577,0.001,9.273785591,1300
3.55,955,-17.35302965,440,1409,1,,,30.70346947,0.001,9.435809135,1305
3.51,963,-17.10831153,444,1425,1,,,20.61731199,0.001,9.286747932,1321
3.36,967,-16.28819039,448,1430,1,,,10.7961998,0.001,8.534651756,1329
,,,,1440,,49.45742798,3,16.7765286,0.001,8.790836652,1338
3.26,977,-15.37048454,452,1440,1,,,,,,
3.12,982,-14.67048454,456,1446,1,,,21.36050034,0.001,8.029816628,1346
2.99,985,-14.02048454,460,1453,1,,,22.64603043,0.001,6.459719181,1351
2.86,988,-13.37048454,464,1460,1,,,5.619972229,0.001,5.831896544,1359
2.91,994,-13.40061146,468,1473,1,,,16.67246675,0.001,4.673232794,1372
,,,,1480,,-20.47278479,5,9.28093338,0.001,5.003948689,1377
2.96,1005,-13.67829453,472,1486,1,,,12.22858868,0.001,5.395084699,1382
3.01,1011,-13.93224132,476,1497,1,,,9.413814545,0.001,6.537963867,1393
3.11,1018,-13.792316,480,1511,1,,,42.46396947,0.001,6.638089657,1408
3.07,1022,-13.4582538,484,1519,1,,,48.51315422,0.001,5.676878214,1419
,,,,1520,,-25,5,8.536174774,0.001,5.789524078,1420
3.05,1033,-13.31025702,488,1528,1,,,9.510967255,0.001,5.880608559,1428
3.09,1124,-12.94626494,492,1545,1,,,38.7689043,0.001,4.990010738,1441
3.1,1128,-12.71152913,496,1554,1,,,42.49581003,0.001,5.923965454,1454
3.07,1131,-12.56152913,500,1559,1,,,41.12576294,0.001,5.790928364,1459
,,,,1560,,-10,2,10.95243073,0.001,6.770080566,1460
3,1142,-11.47117266,504,1572,1,,,67.87361956,0.001,4.648925304,1469
2.92,1145,-11.07117266,508,1576,1,,,7.607805252,0.001,6.125268459,1476
2.86,1152,-8.73062517,512,1586,1,,,18.66875076,0.001,4.778133392,1483
2.81,1156,-7.31078936,516,1597,1,,,19.95279503,0.001,3.350498676,1493
,,,,1600,,-25,5,17.00132942,0.001,3.642747323,1499
2.76,1167,-7.06078936,520,1605,1,,,898.8027954,0.001,2.995862325,1505
2.71,1226,-6.81078936,524,1613,1,,,1399.150635,0.001,1.639399469,1513
2.59,1231,-6.21078936,528,1621,1,,,2824.102539,0.001,0.859544694,1521
2.46,1235,-5.56078936,532,1625,1,,,118.915741,0.001,0.578499556,1525
2.38,1296,-5.16078936,536,1633,1,,,76.2049469,0.001,0.797468275,1533
2.28,1301,-4.66078936,540,1637,1,,,46.19805527,0.001,1.626361847,1537
,,,,1640,,-25,5,40.28977966,0.001,3.245589972,1540
2.2,1312,-4.30550748,544,1645,1,,,32.18132782,0.001,3.02059412,1545
2.31,1318,-4.92562862,548,1661,1,,,11.83755608,0.001,7.17972517,1557
2.29,1322,-5.24333447,552,1669,1,,,3.852345943,0.001,5.569197655,1569
2.31,1326,-5.34333447,556,1677,1,,,3.524208212,0.001,5.909084797,1577
,,,,1680,,-5,1,1.536732435,0.001,5.906395435,1580
2.28,1336,-5.19333447,560,1681,1,,,2.250017166,0.001,,1581
2.25,1339,-5.04333447,564,1685,1,,,3.470577717,0.001,6.112309933,1585
2.2,1343,-5.01320755,568,1693,1,,,3.933455467,0.001,6.028347333,1593
2.11,1347,-4.67322632,572,1697,1,,,3.632005215,0.001,5.953742504,1597
2.12,1353,-4.97854804,576,1709,1,,,1.951948762,0.001,6.139641762,1605
,,,,1720,,-25,5,2.204735279,0.001,6.171568394,1617
2.1,1364,-5.51847336,580,1721,1,,,,,,
2.06,1367,-5.45253556,584,1725,1,,,1.727035165,0.001,5.904623985,1625
2.01,1374,-5.25053234,588,1729,1,,,2.639722824,0.001,5.651058674,1629
1.88,1377,-5.16452442,592,1733,1,,,2.228282928,0.001,5.385951042,1633
1.83,1380,-5.19926023,596,1737,1,,,0.939994216,0.001,5.88816452,1637
1.86,1384,-5.34926023,600,1745,1,,,2.792638874,0.001,6.200200796,1645
1.77,1387,-5.6396167,604,1749,1,,,1.605572701,0.001,6.11568594,1649
1.77,1392,-5.6396167,608,1753,1,,,1.035957813,0.001,5.737888813,1653
1.71,1395,-7.38016419,612,1757,1,,,1.984663963,0.001,5.53597784,1657
,,,,1760,,-25,5,1.538623095,0.001,5.56180954,1659
1.68,1406,-8.4,616,1765,1,,,2.530868292,0.001,5.397788048,1665
1.64,1410,-8.2,620,1769,1,,,0.243395016,0.001,5.329732418,1669
1.6,1413,-8,624,1773,1,,,2.169334888,0.001,5.308631897,1673
1.56,1417,-7.8,628,1777,1,,,2.567643642,0.001,5.424478054,1677
1.56,1421,-7.8,632,1781,1,,,1.653270364,0.001,5.368454933,1681
1.6,1488,-8,636,1793,1,,,1.300786495,0.001,5.522761345,1689
1.6,1492,-8,640,1797,1,,,1.771055937,0.001,5.660997868,1697
,,,,1800,,-5,1,1.247107267,0.001,6.366074562,1700
1.56,1498,-7.8,644,1801,1,,,1.651418209,0.001,,1701
1.48,1502,-7.4,648,1809,1,,,0.773701072,0.001,5.848717213,1709
1.44,1506,-7.2,652,1813,1,,,5.485563755,0.001,6.152243614,1713
1.4,1509,-7,656,1817,1,,,2.209317446,0.001,5.810636997,1717
1.4,1512,-7,660,1821,1,,,3.524813175,0.001,6.044679165,1721
1.44,1517,-7.2,664,1829,1,,,2.526778883,0.001,5.586292744,1729
1.4,1523,-7,668,1833,1,,,5.31897068,0.001,6.012660027,1733
1.4,1526,-7,672,1837,1,,,5.640185356,0.001,5.296875954,1737
,,,,1840,,-5,1,2.786693096,0.001,5.742022038,1740
1.32,1534,-6.6,676,1841,1,,,4.572253227,0.001,,1741
1.24,1580,-6.2,680,1845,1,,,0.29861325,0.001,5.299010754,1745
1.28,1583,-6.4,684,1853,1,,,2.434391022,0.001,5.644692421,1749
1.32,1588,-6.6,688,1861,1,,,3.551077843,0.001,5.262976329,1761
,,,,1880,,-25,5,5.625046921,0.001,6.97101903,1777
1.48,1602,-7.4,692,1881,1,,,,,,
1.52,1606,-7.6,696,1889,1,,,6.861783981,0.001,6.284018993,1785
1.54,1613,-7.37048869,700,1899,1,,,5.664772272,0.001,7.158977032,1799
1.56,1616,-5.68919772,704,1905,1,,,7.561428308,0.001,6.637708187,1805
1.59,1619,-5.35398417,708,1912,1,,,376.6710205,0.001,7.353702068,1809
1.61,1626,-5.03509216,712,1918,1,,,968.9077148,0.001,3.014968395,1818
,,,,1920,,-5,1,2199.421387,0.001,2.649448395,1820
1.59,1633,-4.40166442,716,1924,1,,,65.73488617,0.001,1.722525597,1824
1.61,1638,-4.50166442,720,1930,1,,,1183.530217,0.001,0.216841057,1830
1.62,1692,-4.55166442,724,1935,1,,,3956.582275,0.001,0.810476899,1835
1.62,1746,-4.55166442,728,1939,1,,,112.4299622,0.001,-1.198408961,1839
1.63,1750,-4.60166442,732,1944,1,,,166.5762024,0.001,-2.154575109,1844
1.56,1754,-4.25166442,736,1949,1,,,465.7534523,0.001,-1.380694628,1849
1.58,1759,-4.35166442,740,1955,1,,,280.4896469,0.001,-1.283348203,1854
,,,,1960,,-5,1,122.6127167,0.001,-1.082068682,1860
1.61,1766,-4.50166442,744,1962,1,,,66.26816559,0.001,,1861
1.6,1772,-4.45166442,748,1969,1,,,88.33798981,0.001,-0.146072254,1868
1.64,1778,-4.65166442,752,1977,1,,,54.93344879,0.001,0.447600216,1875
1.69,1782,-4.90166442,756,1986,1,,,38.00709279,0.001,1.263867736,1885
1.74,1789,-5.15166442,760,1995,1,,,27.32751274,0.001,1.892093301,1895
,,,,2000,,-20,4,26.99591637,0.001,2.206182241,1898
1.74,1801,-5.15166442,764,2003,1,,,28.54771042,0.001,2.438272238,1903
1.81,1806,-5.50166442,768,2014,1,,,19.93807507,0.001,3.346504688,1913
1.89,1810,-5.90166442,772,2026,1,,,13.73976183,0.001,5.048038006,1925
1.94,1815,-6.15166442,776,2035,1,,,8.506090164,0.001,5.591356277,1933
,,,,2040,,-10,2,10.21655941,0.001,5.767690182,1940
1.99,1825,-6.40166442,780,2044,1,,,8.695630868,0.001,6.074008465,1943
1.99,1828,-6.40166442,784,2052,1,,,7.192425529,0.001,6.445955753,1951
1.98,1835,-6.35166442,788,2059,1,,,6.636888504,0.001,6.296487331,1958
1.92,1840,-5.36796895,792,2073,1,,,10.46929646,0.001,6.611909389,1969
,,,,2080,,22.32393265,5,4.372933388,0.001,6.198749065,1980
1.96,1855,-4.58648512,796,2085,1,,,41.14778392,0.001,5.455677509,1983
1.98,1862,-4.66554933,800,2097,1,,,153.1920131,0.001,4.908685207,1995
2,1866,-6.5468403,804,2105,1,,,61.93199444,0.001,4.399031639,2003
2.03,1871,-7.18205385,808,2115,1,,,390.3796782,0.001,4.780971527,2013
,,,,2120,,-1.799127579,3,33.80725002,0.001,4.312932968,2018
2.08,1881,-7.59119487,812,2126,1,,,42.09620221,0.001,4.296212435,2024
2.08,1885,-8.12462261,816,2132,1,,,14.29185104,0.001,4.39249754,2030
2.12,1891,-8.22754492,820,2142,1,,,21.82701508,0.001,5.416839123,2041
2.14,1894,-8.32754492,824,2149,1,,,21.21957397,0.001,5.283437252,2048
2.16,1898,-8.42754492,828,2155,1,,,18.48877525,0.001,6.022034645,2055
2.15,1902,-8.37754492,832,2159,1,,,93.91921997,0.001,6.070310593,2059
,,,,2160,,-5,1,11.96955395,0.001,6.264324188,2060
2.14,1907,-8.32754492,836,2163,1,,,20.71461105,0.001,5.372725964,2063
2.12,1910,-8.22754492,840,2167,1,,,4.679122448,0.001,5.694402218,2067
2.09,1913,-8.07754492,844,2171,1,,,18.61983299,0.001,5.537316799,2071
2.06,1915,-7.92754492,848,2175,1,,,10.36911201,0.001,6.32990551,2075
2.03,1918,-7.72961387,852,2180,1,,,4.061735153,0.001,5.993842602,2079
2.03,1922,-7.72961387,856,2189,1,,,11.33862209,0.001,5.48514986,2089
,,,,2200,,-25,5,19.71399021,0.001,6.370381991,2100
2.14,1935,-8.27961387,860,2209,1,,,13.80759621,0.001,7.762729645,2105
2.26,1941,-8.87961387,864,2229,1,,,34.10258656,0.001,9.601523399,2125
,,,,2240,,-25,5,25.62407074,0.001,10.53568077,2140
2.35,1953,-9.32961387,868,2249,1,,,25.18419838,0.001,11.28430653,2145
2.41,1960,-9.62961387,872,2267,1,,,51.34868851,0.001,10.10432386,2165
2.44,1965,-9.77961387,876,2279,1,,,31.64170265,0.001,10.36976147,2178
,,,,2280,,-10,2,44.3186245,0.001,10.44690418,2180
2.48,1975,-9.97961387,880,2292,1,,,39.96792908,0.001,10.17250125,2190
2.6,2041,-10.57961387,884,2312,1,,,33.46932182,0.001,9.733088811,2208
,,,,2320,,-10,2,41.10319405,0.001,10.23755598,2219
2.64,2238,-10.77961387,888,2323,1,,,42.84904575,0.001,9.260279655,2221
2.59,2422,-11.21330934,892,2332,0,,,31.70386314,0.001,9.684739113,2232
2.56,2924,-11.9882771,896,2341,0,,,30.78271484,0.001,10.05094433,2239
2.54,3004,-12.2387242,900,2351,0,,,32.68347168,0.001,9.614118576,2249
,,,,2360,,18.48556614,5,236.2779991,0.001,7.402676423,2260
2.59,3725,-11.4234297,904,2364,0,,,213.3383077,0.001,6.649486065,2263
2.53,3728,-11.1234297,908,2368,0,,,29.29386902,0.001,5.405800819,2268
2.49,3732,-11.18318069,912,2375,0,,,35.293396,0.001,5.97019887,2274
2.48,3736,-11.13318069,916,2380,0,,,15.78758144,0.001,5.835077286,2280
2.42,3739,-10.93025838,920,2384,0,,,12.00490475,0.001,6.153841019,2284
2.42,3745,-10.93025838,924,2391,0,,,185.4383364,0.001,5.676368237,2290
2.41,3748,-10.88025838,928,2396,0,,,5.296793938,0.001,4.913395405,2296
,,,,2400,,-10,2,13.78909302,0.001,4.670632839,2300
2.43,3758,-10.98025838,932,2402,0,,,4.569575578,0.001,4.585916996,2302
2.46,3761,-11.11519652,936,2409,0,,,8.781226873,0.001,4.944406986,2308
2.51,3766,-11.33229418,940,2418,0,,,11.27678108,0.001,5.71964407,2317
2.55,3771,-10.74112449,944,2426,0,,,9.924542189,0.001,4.975003719,2325
2.58,3778,-8.83648947,948,2433,0,,,3.839667916,0.001,5.483096123,2333
,,,,2440,,174.3806915,5,12.40125084,0.001,6.018050194,2337
2.63,3793,-6.22511296,952,2443,0,,,4083.250119,0.001,4.90021642,2342
2.65,3798,-1.60545531,956,2454,0,,,4563.51123,0.001,2.39341712,2353
2.53,3801,1.54930541,960,2462,0,,,3393.018066,0.001,1.380648017,2359
2.42,3806,4.93496285,964,2471,0,,,7980.072266,0.001,-0.016020656,2367
2.3,3810,7.79941634,968,2479,0,,,8660.148438,0.001,-2.494357347,2379
,,,,2480,,277.0054562,5,2692.039307,0.001,-4.022105694,2380
2.25,3824,12.60561346,972,2492,0,,,4001.124023,0.001,-11.77267742,2390
2.22,3828,14.00189016,976,2501,0,,,3955.810059,0.001,-16.78795815,2397
2.16,3833,15.19100433,980,2508,0,,,2458.319641,0.001,-33.12448883,2408
2.04,3836,18.22566337,984,2516,0,,,2294.876302,0.001,-27.99223042,2416
,,,,2520,,-5,1,2148.655029,0.001,-22.46014214,2420
1.97,3844,18.57566337,988,2520,0,,,,,,
1.92,3848,18.82566337,992,2524,0,,,1263.713623,0.001,-19.67072105,2424
1.87,3852,19.0191473,996,2528,0,,,1044.225586,0.001,-15.99939919,2428
1.83,3857,19.2191473,1000,2534,0,,,1973.222107,0.001,-17.30109978,2433
1.74,3860,18.6038528,1004,2538,0,,,1291.521729,0.001,-9.220328331,2438
1.74,3863,18.6038528,1008,2542,0,,,425.8152771,0.001,-10.07422256,2442
1.73,3869,18.6538528,1012,2548,0,,,2633.883789,0.001,-8.369791985,2448
1.74,3874,18.6038528,1016,2554,0,,,553.1126785,0.001,-5.206297398,2454
1.74,3963,18.6038528,1020,2558,0,,,166.0355225,0.001,-5.419250011,2458
,,,,2560,,-10,2,233.0876465,0.001,,2459
1.73,3973,18.6538528,1024,2564,0,,,134.9156952,0.001,-4.07402277,2464
1.74,3977,18.6038528,1028,2570,0,,,134.2409821,0.001,-2.918540716,2470
1.74,3982,18.6038528,1032,2576,0,,,79.20704269,0.001,-1.468203902,2475
1.73,3987,19.4654539,1036,2582,0,,,62.86845207,0.001,0.232001305,2482
1.69,3991,19.63255156,1040,2587,0,,,42.06813335,0.001,0.758306503,2487
1.67,3996,18.94138187,1044,2593,0,,,34.12233353,0.001,2.414720297,2492
1.66,4001,16.93674685,1048,2599,0,,,13.90403366,0.001,2.686947346,2498
,,,,2600,,-10,2,13.94317341,0.001,3.080649614,2500
1.62,4012,14.22743929,1052,2605,0,,,13.30019855,0.001,2.951063633,2504
1.58,4018,9.70778164,1056,2612,0,,,1183.789188,0.001,2.932087898,2512
1.56,4061,7.25302092,1060,2618,0,,,17.7752285,0.001,3.020513058,2517
1.57,4065,4.36736348,1064,2628,0,,,36.06557226,0.001,2.778999686,2528
1.55,4068,2.20290999,1068,2634,0,,,39.275424,0.001,2.089287281,2534
,,,,2640,,-10,2,14.76585579,0.001,3.39173317,2539
1.48,4077,-2.00328713,1072,2640,0,,,,,,
1.47,4080,-3.19956383,1076,2648,0,,,25.72588348,0.001,4.053987503,2547
1.52,4085,-3.59365766,1080,2660,0,,,7.567572832,0.001,4.842104435,2559
1.61,4091,-5.70686837,1084,2677,0,,,283.4662888,0.001,3.295884768,2576
,,,,2680,,-10,2,305.2770081,0.001,2.707941771,2580
1.71,4101,-6.20686837,1088,2691,0,,,289.5780365,0.001,2.271349192,2587
1.83,4106,-6.80686837,1092,2707,0,,,24.03758316,0.001,2.401196122,2607
1.91,4110,-7.20686837,1096,2719,0,,,16.7273674,0.001,3.639046907,2619
,,,,2720,,-5,1,15.12535858,0.001,3.366156101,2620
1.97,4118,-7.50686837,1100,2731,0,,,8.784587669,0.001,5.999582052,2631
2.13,4123,-8.30686837,1104,2751,0,,,4.202432919,0.001,5.488346457,2647
,,,,2760,,-25,5,7.073551369,0.001,5.208096981,2657
2.29,4135,-9.10686837,1108,2771,0,,,4.686301279,0.001,4.769559145,2667
2.43,4142,-9.80686837,1112,2791,0,,,5.764908695,0.001,5.710075855,2687
2.45,4145,-9.90686837,1116,2799,0,,,4.031342506,0.001,5.026767731,2695
,,,,2800,,-25,5,4.381252766,0.001,4.012857914,2700
2.47,4155,-10.00686837,1120,2805,0,,,3.132395744,0.001,4.142321587,2705
2.45,4159,-9.90686837,1124,2809,0,,,3.167541265,0.001,4.408270359,2709
2.43,4163,-9.80686837,1128,2813,0,,,3.022304058,0.001,5.431437969,2713
2.43,4168,-9.80686837,1132,2819,0,,,3.252384265,0.001,5.601804256,2719
2.45,4171,-10.73353133,1136,2827,0,,,2.159658432,0.001,5.910495758,2723
2.48,4176,-10.88353133,1140,2835,0,,,3.443398476,0.001,4.806874752,2735
,,,,2840,,-25,5,1.707378864,0.001,5.371582985,2736
2.54,4187,-11.18353133,1144,2847,0,,,4.078235626,0.001,3.93157053,2743
2.64,4195,-11.68353133,1148,2863,0,,,3.84911569,0.001,5.918469906,2759
2.7,4201,-11.98353133,1152,2875,0,,,2.48930645,0.001,4.759976864,2771
,,,,2880,,-25,5,1.313295841,0.001,5.429855824,2778
2.72,4212,-12.08353133,1156,2884,0,,,3.455473304,0.001,5.929994106,2782
2.73,4217,-12.13353133,1160,2891,0,,,2.876104593,0.001,5.725737095,2788
2.71,4220,-12.03353133,1164,2899,0,,,2.805799961,0.001,4.858735561,2797
2.71,4224,-12.03353133,1168,2905,0,,,2.224737942,0.001,5.579827785,2805
2.73,4228,-12.13353133,1172,2913,0,,,1.737369537,0.001,5.338016033,2812
2.69,4231,-11.93353133,1176,2917,0,,,1.329400539,0.001,5.184798717,2817
,,,,2920,,-5,1,0.896609455,0.001,5.668309689,2820
2.65,4271,-12.47855167,1180,2925,0,,,1.591342688,0.001,5.662862301,2822
2.58,4276,-12.9,1184,2935,0,,,1.352048516,0.001,5.640852213,2835
2.49,4280,-12.45,1188,2940,0,,,1.089716136,0.001,6.067521572,2840
2.42,4344,-12.1,1192,2949,0,,,1.163010359,0.001,5.08590126,2848
2.39,4359,-11.95,1196,2958,0,,,1.652116239,0.001,5.749911785,2858
,,,,2960,,-5,1,2.184584856,0.001,5.542685032,2860
2.31,4365,-11.55,1200,2962,0,,,1.311953545,0.001,5.532791138,2862
2.16,4369,-10.8,1204,2967,0,,,0.961134911,0.001,5.410298824,2866
2.02,4373,-10.1,1208,2973,0,,,1.10376668,0.001,5.57669878,2873
1.89,4378,-9.45,1212,2980,0,,,1.083060324,0.001,5.322337627,2880
1.89,4383,-9.45,1216,2988,0,,,2.793589115,0.001,5.428845406,2887
1.88,4387,-9.4,1220,2993,0,,,1.192739904,0.001,5.513961792,2893
,,,,3000,,-20,4,0.641534626,0.001,5.304869652,2898
1.92,4399,-9.6,1224,3001,0,,,,,,
1.94,4432,-9.7,1228,3007,0,,,1.338777602,0.001,5.955679893,2907
1.94,4437,-9.7,1232,3013,0,,,1.43861258,0.001,5.78709507,2912
1.91,4441,-9.55,1236,3018,0,,,4.921169758,0.001,5.954657555,2918
1.88,4444,-9.4,1240,3023,0,,,2.255379558,0.001,5.696502686,2923
1.82,4468,-9.1,1244,3029,0,,,2.670685589,0.001,5.672017574,2928
1.76,4476,-8.8,1248,3039,0,,,2.099169493,0.001,5.429044724,2936
,,,,3040,,-20,4,2.480701834,0.001,5.386419296,2940
1.7,4486,-8.5,1252,3045,0,,,8.036684036,0.001,5.48827076,2944
1.67,4492,-8.35,1256,3051,0,,,2.86724329,0.001,5.346185207,2951
1.68,4517,-8.4,1260,3059,0,,,1.478302836,0.001,6.075338364,2955
1.67,4522,-8.35,1264,3066,0,,,3.439383745,0.001,6.236307144,2966
1.66,4525,-8.3,1268,3071,0,,,5.669415474,0.001,5.818413258,2971
1.62,4582,-8.1,1272,3075,0,,,6.504629135,0.001,5.483198166,2975
,,,,3080,,-5,1,4.02927494,0.001,6.083351135,2980
1.65,4648,-8.25,1276,3082,0,,,2.77419138,0.001,,2981
1.62,4651,-8.1,1280,3087,0,,,2.873746395,0.001,6.086225033,2987
1.57,4654,-7.85,1284,3092,0,,,2.515873194,0.001,5.981823921,2992
1.58,4657,0,1288,3098,0,,,2.371532917,0.001,5.724406719,2997
1.54,4693,0,1292,3103,0,,,3.290649891,0.001,5.221690178,3002
1.52,4697,0,1296,3110,0,,,2.811352849,0.001,5.626696587,3009
1.54,4701,0,1300,3116,0,,,8.55034256,0.001,3.155428886,3016
,,,,3120,,-10,2,11.92073441,0.001,2.139194965,3019
1.54,4729,0,1304,3121,0,,,21.68624783,0.001,1.520283818,3021
1.56,4735,0,1308,3129,0,,,75.46458817,0.001,-1.391915202,3029
1.57,4795,0,1312,3137,0,,,123.9894257,0.001,-4.339484215,3034
1.53,4799,0,1316,3141,0,,,223.1146851,0.001,-7.355024815,3041
1.6,4804,0,1320,3153,0,,,244.1721222,0.001,-6.652793169,3049
1.56,4839,0,1324,3157,0,,,119.486824,0.001,-3.381441593,3057
,,,,3160,,-25,5,118.28759,0.001,-2.514858961,3058
1.62,4849,0,1328,3169,0,,,15.55019188,0.001,2.706647158,3069
1.64,4853,0,1332,3177,0,,,7.997870445,0.001,6.983525276,3073
1.68,4932,0,1336,3186,0,,,6.341833115,0.001,6.590054512,3085
1.71,4938,0,1340,3194,0,,,6.115987619,0.001,5.503176689,3093
,,,,3200,,-15,3,7.595611254,0.001,5.054651737,3099
1.74,5006,0,1344,3203,0,,,12.99434598,0.001,4.164322972,3102
1.72,5012,0,1348,3211,0,,,7.610391299,0.001,5.429182529,3111
1.84,5020,0,1352,3229,0,,,8.238888979,0.001,5.543634176,3125
,,,,3240,,-25,5,5.210284233,0.001,5.165801525,3140
1.91,5136,0,1356,3242,0,,,,,,
1.95,5141,0,1360,3254,0,,,6.450053215,0.001,5.901383877,3151
2.02,5146,0,1364,3268,0,,,8.443974495,0.001,5.39502732,3164
,,,,3280,,-25,5,8.790203667,0.001,6.144772768,3179
2.13,5159,0,1368,3284,0,,,13.41695137,0.001,7.376286825,3184
2.29,5166,0,1372,3304,0,,,7.608186054,0.001,7.391903083,3200
,,,,3320,,-25,5,8.917962646,0.001,6.330748399,3220
2.42,5178,0,1376,3324,0,,,,,,
2.53,5182,0,1380,3340,0,,,5.064287025,0.001,7.718810558,3236
2.64,5187,0,1384,3356,0,,,4.075329304,0.001,7.466389656,3252
,,,,3360,,-25,5,7.328499031,0.001,6.960185528,3257
2.78,5200,-13.85472348,1388,3376,0,,,8.695077562,0.001,6.807905038,3272
2.93,5205,-14.60472348,1392,3396,0,,,3.928286862,0.001,8.021973769,3292
,,,,3400,,-25,5,5.163046265,0.001,7.950102568,3297
3.06,5218,-15.25472348,1396,3416,0,,,6.11310358,0.001,7.198527336,3312
3.16,5223,-15.75472348,1400,3432,0,,,7.48237052,0.001,6.984504064,3332
,,,,3440,,-25,5,4.04461866,0.001,7.595474084,3338
3.31,5234,-16.50472348,1404,3452,0,,,3.912811315,0.001,7.254448096,3348
3.43,5240,-17.10472348,1408,3472,0,,,5.479599953,0.001,7.309803645,3368
,,,,3480,,-25,5,4.852201223,0.001,7.225921313,3378
3.51,5251,-17.50472348,1412,3488,0,,,6.141685963,0.001,7.525985718,3384
3.67,5256,-18.30472348,1416,3508,0,,,6.060607481,0.001,7.147854805,3404
,,,,3520,,-25,5,4.602755356,0.001,7.39832902,3419
3.75,5269,-18.70472348,1420,3528,0,,,7.180576038,0.001,6.901650906,3424
3.91,5703,-19.50472348,1424,3548,0,,,5.837918806,0.001,7.859598955,3444
,,,,3560,,-25,5,6.666305733,0.001,7.190638542,3459
3.99,5716,-19.90472348,1428,3568,0,,,8.842339706,0.001,6.739083767,3464
4.11,5723,-20.50472348,1432,3588,0,,,8.484386635,0.001,7.29098622,3484
,,,,3600,,-25,5,7.039249134,0.001,7.505921364,3499
4.22,5849,-21.05472348,1436,3608,0,,,7.409123659,0.001,7.87340641,3504
4.34,5854,-21.65472348,1440,3628,0,,,9.572436142,0.001,6.8350571,3524
,,,,3640,,-25,5,5.096542954,0.001,8.3317523,3539
4.45,5998,-22.20472348,1444,3648,0,,,8.19362278,0.001,7.845073064,3544
4.53,6004,-22.60472348,1448,3664,0,,,5.721472883,0.001,8.191769123,3560
,,,,3680,,-25,5,9.279209661,0.001,8.116230011,3580
4.55,6016,-22.75,1452,3684,0,,,,,,
4.62,6022,-23.1,1456,3704,0,,,3.726992846,0.001,9.156464259,3600
,,,,3720,,-25,5,5.714499474,0.001,7.751077175,3616
4.66,6034,-23.3,1460,3720,0,,,,,,
4.68,6039,-23.4,1464,3736,0,,,4.949360418,0.001,9.069553693,3636
4.72,6044,-23.6,1468,3756,0,,,10.26384144,0.001,7.83792607,3652
,,,,3760,,-25,5,7.870751762,0.001,8.278594971,3657
4.72,6056,-23.6,1472,3776,0,,,7.877967691,0.001,8.416321119,3672
4.72,6062,-23.6,1476,3796,0,,,6.939045048,0.001,9.279513677,3692
,,,,3800,,-25,5,9.265475368,0.001,9.280857086,3697
4.76,6073,-23.8,1480,3816,0,,,10.81596413,0.001,9.081449509,3712
4.8,6079,-24,1484,3836,0,,,3.805681705,0.001,9.428751628,3732
,,,,3840,,-25,5,9.792836952,0.001,9.617518425,3737
4.8,6093,-24,1488,3856,0,,,7.387493706,0.001,8.950328827,3752
4.8,6099,-24,1492,3876,0,,,17.88912697,0.001,7.812375387,3772
,,,,3880,,-25,5,9.499736357,0.001,9.396038532,3777
4.8,6111,-24,1496,3896,0,,,10.62708626,0.001,9.008735021,3792
4.84,6115,-24.2,1500,3916,0,,,20.13216591,0.001,9.185001373,3812
,,,,3920,,-25,5,21.638237,0.001,10.71891499,3817
4.84,6126,-24.2,1504,3936,0,,,14.30433102,0.001,10.67170461,3832
4.84,6132,-24.2,1508,3956,0,,,22.66523132,0.001,10.00740782,3852
,,,,3960,,-25,5,13.26059132,0.001,10.32685804,3857
4.88,6146,-24.4,1512,3976,0,,,15.05559063,0.001,10.30831559,3872
4.88,6153,-24.4,1516,3996,0,,,19.49420013,0.001,9.933398883,3892
,,,,4000,,-25,5,16.99299412,0.001,9.512741566,3897
4.88,6165,-24.4,1520,4016,0,,,11.75013547,0.001,10.63145542,3912
4.88,6170,-24.4,1524,4036,0,,,16.5518095,0.001,9.125081062,3932
,,,,4040,,-25,5,14.08922958,0.001,8.812064648,3937
4.88,6183,-24.4,1528,4056,0,,,22.41703806,0.001,10.3756717,3952
4.84,6189,-24.2,1532,4072,0,,,12.10980225,0.001,10.41582584,3968
,,,,4080,,-10,2,25.47774696,0.001,9.168014526,3980
4.77,6197,-23.85,1536,4085,0,,,22.56613922,0.001,9.591804504,3983
4.7,6201,-23.5,1540,4098,0,,,26.46224785,0.001,8.599432945,3994
4.66,6206,-23.3,1544,4114,0,,,44.65470092,0.001,11.27742004,4012
,,,,4120,,-15,3,65.42675018,0.001,9.981071472,4019
4.58,6214,-22.9,1548,4122,0,,,,,,
4.46,6219,-22.3,1552,4130,0,,,73.53530375,0.001,9.650987625,4030
4.3,6221,-21.5,1556,4134,0,,,93.40093994,0.001,9.720770836,4034
4.22,6225,-21.1,1560,4142,0,,,97.3671875,0.001,9.596385002,4040
4.1,6241,-20.5,1564,4146,0,,,59.08831024,0.001,7.598557472,4046
3.94,6244,-19.7,1568,4150,0,,,33.89361954,0.001,7.815800667,4050
3.78,6248,-18.9,1572,4154,0,,,14.68943596,0.001,5.772030354,4054
3.62,6253,-18.1,1576,4158,0,,,8.554672241,0.001,6.142059803,4058
,,,,4160,,40.32386017,3,13.27007675,0.001,,4059
3.48,6261,-16.8467614,1580,4164,0,,,25.82415962,0.001,5.747576237,4064
3.32,6264,-16.0467614,1584,4168,0,,,13.13430119,0.001,6.361446857,4068
3.19,6270,-15.04550828,1588,4175,0,,,10.74369144,0.001,5.56294775,4074
3.03,6273,-14.24550828,1592,4179,0,,,1.599285007,0.001,5.790314674,4079
2.88,6277,-13.49550828,1596,4184,0,,,535.6151727,0.001,5.203485489,4084
2.8,6282,-11.6547484,1600,4196,0,,,207.7014027,0.001,4.821625233,4092
,,,,4200,,79.49911118,5,221.7029829,0.001,4.695918798,4097
2.73,6292,-9.39311161,1604,4209,0,,,82.14192557,0.001,3.778994083,4108
2.58,6297,-8.64311161,1608,4214,0,,,742.8397217,0.001,2.932304382,4113
2.43,6301,-7.42174183,1612,4219,0,,,20.34339905,0.001,1.408741593,4119
2.37,6306,-6.87425175,1616,4233,0,,,310.2946262,0.001,-0.739540905,4129
,,,,4240,,-20,4,928.8400421,0.001,-0.600198165,4138
2.36,6317,-6.82425175,1620,4252,0,,,323.8065498,0.001,0.066557934,4148
2.34,6323,-6.72425175,1624,4270,0,,,34.50432158,0.001,3.94683063,4167
,,,,4280,,-20,4,23.74135518,0.001,8.099634171,4180
2.3,6335,-6.52425175,1628,4286,0,,,10.93101435,0.001,9.110544205,4185
2.34,6341,-6.72425175,1632,4306,0,,,13.8808979,0.001,7.431205432,4202
,,,,4320,,-10,2,11.32186222,0.001,7.929982185,4219
2.35,6351,-6.77425175,1636,4320,0,,,,,,
2.42,6356,-7.12425175,1640,4340,0,,,5.574943018,0.001,8.508477529,4236
,,,,4360,,-25,5,10.80885849,0.001,8.700365067,4256
2.46,6369,-7.32425175,1644,4360,0,,,,,,
2.54,6376,-7.72425175,1648,4376,0,,,9.57640152,0.001,8.462362289,4276
2.59,6382,-7.97425175,1652,4389,0,,,13.69955683,0.001,8.560590744,4285
,,,,4400,,-25,5,8.124796295,0.001,9.326086362,4300
2.75,6396,-8.77425175,1656,4409,0,,,8.5650105,0.001,9.263531685,4305
2.83,6402,-9.17425175,1660,4425,0,,,11.42637367,0.001,8.358819962,4325
,,,,4440,,-25,5,10.18079166,0.001,8.866522471,4336
2.99,6414,-9.97425175,1664,4445,0,,,8.229690456,0.001,9.000692368,4341
3.15,6420,-10.77425175,1668,4465,0,,,20.03449669,0.001,9.438551903,4361
,,,,4480,,-25,5,14.51699543,0.001,8.484954516,4377
3.27,6432,-11.37425175,1672,4481,0,,,,,,
3.39,6483,-11.97425175,1676,4497,0,,,14.78547649,0.001,9.461520672,4393
3.49,6487,-13.02749035,1680,4513,0,,,14.22943687,0.001,9.444339116,4409
,,,,4520,,-25,5,34.69022751,0.001,9.88973999,4420
3.61,6499,-13.62749035,1684,4529,0,,,16.97707615,0.001,9.786570072,4425
3.66,6566,-14.22874347,1688,4541,0,,,18.49887676,0.001,9.644559383,4437
3.78,6571,-14.82874347,1692,4557,0,,,17.73539162,0.001,9.011475563,4453
,,,,4560,,-25,5,18.75019646,0.001,9.163600922,4458
3.89,6582,-15.37874347,1696,4573,0,,,17.19569588,0.001,9.4727513,4469
3.97,6589,-17.21950335,1700,4593,0,,,16.98136549,0.001,10.17010832,4489
,,,,4600,,-25,5,15.4161644,0.001,10.49082851,4500
4,6601,-19.28114014,1704,4609,0,,,23.40590038,0.001,10.06988335,4505
4.15,6608,-20.03114014,1708,4629,0,,,18.10185776,0.001,10.55371523,4525
,,,,4640,,-25,5,9.552407312,0.001,10.99671936,4537
4.22,6618,-20.85250992,1712,4641,0,,,,,,
4.28,6623,-21.4,1716,4661,0,,,27.31486664,0.001,11.03663111,4557
4.21,6628,-21.05,1720,4673,0,,,19.82036114,0.001,9.900788307,4573
,,,,4680,,-25,5,23.37231903,0.001,9.8030653,4579
4.23,6640,-21.15,1724,4693,0,,,28.56334648,0.001,10.70493984,4589
4.23,6683,-21.15,1728,4709,0,,,25.80597267,0.001,9.75205946,4609
,,,,4720,,-25,5,17.03362293,0.001,10.44961898,4620
4.23,6695,-21.15,1732,4729,0,,,17.81769142,0.001,11.10862255,4625
4.29,6701,-21.45,1736,4749,0,,,21.23408175,0.001,11.16875839,4645
,,,,4760,,-25,5,29.97744331,0.001,10.43419361,4660
4.29,6712,-21.45,1740,4769,0,,,23.83173752,0.001,10.27587938,4665
4.25,6718,-21.25,1744,4785,0,,,4.447481155,0.001,11.88078626,4681
,,,,4800,,-25,5,11.68662143,0.001,12.31698481,4696
4.29,6730,-21.45,1748,4805,0,,,11.29805088,0.001,12.59068203,4701
4.32,6737,-21.6,1752,4821,0,,,46.93760681,0.001,11.58135096,4717
,,,,4840,,-25,5,31.21433773,0.001,11.68473816,4736
4.31,6748,-21.55,1756,4840,0,,,,,,
4.29,6754,-21.45,1760,4854,0,,,21.45004487,0.001,11.94027996,4753
4.21,6758,-21.05,1764,4866,0,,,32.14209366,0.001,11.15095806,4762
4.14,6763,-20.7,1768,4879,0,,,36.58276939,0.001,10.87957287,4775
,,,,4880,,-25,5,27.35353508,0.001,11.2987388,4780
4.14,6773,-20.7,1772,4895,0,,,24.28015137,0.001,10.81936789,4795
4.15,6780,-20.75,1776,4912,0,,,25.62384524,0.001,10.6477747,4811
4.06,6834,-20.3,1780,4919,0,,,26.14426374,0.001,12.15342236,4819
,,,,4920,,-10,2,35.47738647,0.001,10.95824337,4820
4.1,6845,-19.55710363,1784,4939,0,,,149.1556076,0.001,11.51023722,4835
4.07,6849,-19.40710363,1788,4948,0,,,33.27464676,0.001,9.003375053,4848
3.96,6853,-18.85710363,1792,4953,0,,,112.7567215,0.001,7.9614501,4853
3.84,6857,-18.25710363,1796,4957,0,,,150.1081848,0.001,7.410675049,4857
,,,,4960,,-10,2,42.11907959,0.001,6.610417366,4860
3.71,6865,-17.60710363,1800,4964,0,,,24.11205864,0.001,6.360635281,4862
3.6,6869,-17.05710363,1804,4969,0,,,46.9013176,0.001,6.241111279,4869
3.44,6901,-16.25710363,1808,4973,0,,,29.28643036,0.001,7.303315163,4873
3.36,6903,-15.85710363,1812,4977,0,,,19.00470352,0.001,7.816376686,4877
3.24,6907,-15.25710363,1816,4985,0,,,38.60296135,0.001,6.821189642,4885
,,,,5000,,-25,5,86.978302,0.001,8.055865606,4897
3.28,6918,-15.4110899,1820,5001,0,,,,,,
3.12,6921,-14.6110899,1824,5005,0,,,27.85716248,0.001,12.33464718,4905
3.04,6925,-14.2110899,1828,5013,0,,,61.51251984,0.001,11.85430559,4913
2.88,6928,-13.4110899,1832,5017,0,,,63.72673035,0.001,11.74960327,4917
2.76,6932,-12.18589227,1836,5025,0,,,40.26603699,0.001,9.787390709,4925
2.6,6934,-11.38589227,1840,5029,0,,,27.89241219,0.001,9.552528381,4929
2.52,6938,-10.40727286,1844,5037,0,,,53.76612854,0.001,8.257468224,4933
,,,,5040,,-5,1,1208.828125,0.001,6.756462097,4940
2.36,6944,-9.60727286,1848,5041,0,,,46.83856964,0.001,,4941
2.24,6947,-9.00727286,1852,5045,0,,,63.20676422,0.001,7.125626564,4945
2.09,7003,-8.25727286,1856,5049,0,,,37.78351593,0.001,6.426421642,4949
1.99,7005,-7.75727286,1860,5053,0,,,1184.309082,0.001,6.766554356,4953
1.91,7008,-7.35727286,1864,5057,0,,,1.775460362,0.001,6.216070652,4957
1.82,7068,-6.90727286,1868,5061,0,,,6.912801743,0.001,6.39916563,4961
1.72,7072,-6.14156293,1872,5067,0,,,0.743235886,0.001,5.270336866,4967
1.6,7076,-5.54156293,1876,5072,0,,,6.133392811,0.001,5.601655006,4972
1.57,7080,-5.39156293,1880,5076,0,,,28.14736938,0.001,4.743775845,4976
,,,,5080,,-5,1,26.75255203,0.001,4.659183502,4980
1.41,7086,-5.5344593,1884,5080,0,,,,,,
1.37,7090,-5.3344593,1888,5085,0,,,316.1002197,0.001,5.746751785,4984
1.38,7093,-5.3844593,1892,5091,0,,,1.357300321,0.001,4.839570999,4991
1.38,7097,-5.3844593,1896,5095,0,,,25.49902534,0.001,5.343467236,4995
1.35,7100,-5.2344593,1900,5099,0,,,24.82243347,0.001,5.301949501,4999
1.34,7104,-5.1844593,1904,5103,0,,,48.41581726,0.001,5.204444408,5003
1.36,7108,-5.02522957,1908,5109,0,,,283.844574,0.001,5.983542442,5009
1.39,7216,-5.17522957,1912,5116,0,,,76.6253742,0.001,5.902122974,5016
,,,,5120,,-5,1,120.6284866,0.001,5.874616146,5020
1.36,7224,-5.02522957,1916,5121,0,,,3.69452095,0.001,,5021
1.26,7227,-4.5712433,1920,5127,0,,,13.8259989,0.001,6.290493965,5027
1.26,7230,-4.5712433,1924,5131,0,,,23.25966644,0.001,5.698951244,5031
1.24,7235,-4.4712433,1928,5137,0,,,11.74021423,0.001,5.801510811,5036
1.26,7239,-4.5712433,1932,5143,0,,,38.62969549,0.001,5.800229549,5043
1.25,7243,-5.14644093,1936,5150,0,,,37.98936844,0.001,6.204750299,5049
1.26,7248,-5.19644093,1940,5155,0,,,19.63078308,0.001,6.557740211,5055
,,,,5160,,-10,2,23.85531616,0.001,7.406373501,5060
1.24,7257,-5.67506034,1944,5161,0,,,,,,
1.26,7261,-5.49073106,1948,5167,0,,,37.32533264,0.001,6.96955204,5067
1.29,7265,-5.64073106,1952,5174,0,,,19.3878212,0.001,6.649757385,5072
1.29,7267,-5.64073106,1956,5178,0,,,54.3616066,0.001,7.006199837,5078
1.29,7270,-5.64073106,1960,5182,0,,,33.18540192,0.001,7.133421421,5082
1.36,7387,-5.48342099,1964,5193,0,,,130.4291359,0.001,6.599709272,5093
,,,,5200,,-15,3,45.13920975,0.001,7.184658051,5098
1.41,7397,-5.46349566,1968,5202,0,,,44.92447281,0.001,6.837971687,5101
1.41,7400,-5.63456907,1972,5208,0,,,35.89032364,0.001,7.080358982,5108
1.41,7403,-5.63456907,1976,5213,0,,,58.69296646,0.001,7.107712746,5113
1.43,7409,-5.38666383,1980,5219,0,,,111.1061172,0.001,7.442657471,5119
1.45,7413,-5.21119994,1984,5225,0,,,135.94104,0.001,7.480813026,5125
1.48,7418,-5.17052552,1988,5233,0,,,230.5698547,0.001,6.932804267,5133
,,,,5240,,-5,1,60.41911316,0.001,6.936076641,5140
1.49,7426,-4.9833399,1992,5240,0,,,,,,
1.51,7431,-5.02071871,1996,5246,0,,,55.49337594,0.001,6.665908813,5146
1.51,7434,-5.02071871,2000,5250,0,,,18.53898239,0.001,6.911216259,5150
1.51,7436,-5.02071871,2004,5254,0,,,48.65664673,0.001,5.438500881,5154
1.49,7439,-5.17994844,2008,5258,0,,,43.22494507,0.001,6.963684082,5158
1.5,7443,-4.83917329,2012,5266,0,,,29.53490448,0.001,5.532191753,5164
1.51,7448,-4.5373492,2016,5272,0,,,5.135369301,0.001,6.630836487,5170
,,,,5280,,-5,1,125.3505675,0.001,4.526403308,5180
1.53,7456,-4.04891287,2020,5280,0,,,,,,
1.55,7461,-3.76592047,2024,5286,0,,,236.5390015,0.001,3.478075504,5186
1.53,7465,-3.66592047,2028,5290,0,,,0.589158535,0.001,5.21120739,5190
1.53,7468,-3.45470705,2032,5296,0,,,41.05853271,0.001,5.18554163,5196
1.5,7471,-3.30470705,2036,5300,0,,,240.9489136,0.001,3.642218113,5200
1.53,7476,-3.07432362,2040,5308,0,,,292.0046692,0.001,4.264536381,5206
1.53,7479,-2.91918873,2044,5314,0,,,21.16462362,0.001,5.426534176,5214
,,,,5320,,-6.049983025,3,23.26617432,0.001,3.018322706,5220
1.54,7490,-3.16395955,2048,5321,0,,,,,,
1.51,7528,-3.01395955,2052,5325,0,,,24.65781212,0.001,2.788025856,5225
1.55,7531,-2.99573277,2056,5333,0,,,11.60239029,0.001,6.558546543,5231
1.61,7537,-3.25945123,2060,5343,0,,,63.862854,0.001,6.951681614,5241
1.58,7589,-3.48531888,2064,5351,0,,,56.60044861,0.001,5.233327389,5251
1.53,7592,-3.50524421,2068,5355,0,,,45.08890915,0.001,6.349816799,5255
,,,,5360,,-3.901265144,3,31.48738511,0.001,5.152781129,5260
1.55,7601,-3.50517432,2072,5363,0,,,53.44458389,0.001,4.648068428,5263
1.54,7606,-3.45517432,2076,5367,0,,,78.75325012,0.001,5.027823448,5267
1.54,7610,-3.75423034,2080,5373,0,,,22.80254364,0.001,5.120257854,5271
1.54,7692,-3.83330317,2084,5379,0,,,73.75932312,0.001,7.048648357,5277
1.5,7694,-3.82397759,2088,5383,0,,,18.43784714,0.001,6.83453846,5283
1.47,7697,-3.91116321,2092,5387,0,,,8.122221947,0.001,5.915755749,5287
1.51,7702,-3.48764048,2096,5397,0,,,27.82987086,0.001,6.673230648,5293
,,,,5400,,-25,5,358.5187674,0.001,6.255795638,5298
1.64,7715,-4.13764048,2100,5414,0,,,75.59851456,0.001,5.483810902,5313
1.8,7720,-4.93764048,2104,5434,0,,,49.80419922,0.001,12.08174515,5330
,,,,5440,,-25,5,38.10560188,0.001,13.23134708,5340
1.96,7732,-5.73764048,2108,5454,0,,,23.51081808,0.001,13.34708468,5350
2.08,7737,-6.70693949,2112,5474,0,,,38.63679595,0.001,12.56809648,5370
,,,,5480,,-25,5,43.28960495,0.001,12.6027867,5380
2.22,7750,-7.75876358,2116,5494,0,,,59.26229248,0.001,11.55016295,5390
2.26,7757,-8.54719991,2120,5506,0,,,52.21784973,0.001,11.86303806,5406
,,,,5520,,-25,5,44.71835995,0.001,12.06534529,5417
2.4,7769,-9.63019231,2124,5526,0,,,39.77919769,0.001,12.67305533,5422
2.52,7777,-10.16900677,2128,5542,0,,,48.94986763,0.001,11.97983646,5442
2.62,7781,-10.88022019,2132,5558,0,,,52.61018372,0.001,11.13255946,5454
,,,,5560,,-5,1,52.50506973,0.001,11.42543507,5460
2.62,7787,-10.88022019,2136,5562,0,,,56.41739655,0.001,10.01723194,5462
2.6,7790,-10.29048106,2140,5568,0,,,58.75748698,0.001,10.81226397,5468
2.59,7793,-10.39561595,2144,5573,0,,,35.58258057,0.001,11.28563976,5473
2.59,7797,-10.46684546,2148,5580,0,,,38.66585859,0.001,10.1899519,5479
2.59,7799,-10.46684546,2152,5584,0,,,32.74891281,0.001,8.404748917,5484
2.58,7803,-10.63507224,2156,5591,0,,,73.82711792,0.001,6.945500374,5491
2.52,7807,-10.37135378,2160,5595,0,,,42.85864258,0.001,6.199331284,5495
2.48,7810,-10.3027962,2164,5599,0,,,0.647905946,0.001,6.207593441,5499
,,,,5600,,-5,1,1.186953187,0.001,5.500542641,5500
2.49,7816,-10.3527962,2168,5604,0,,,16.04123497,0.001,3.773754835,5504
2.45,7821,-10.34750261,2172,5608,0,,,59.50378418,0.001,3.190882921,5508
2.47,7824,-10.44750261,2176,5614,0,,,13.48019028,0.001,3.077262163,5514
2.45,7828,-10.39635183,2180,5618,0,,,3.023339272,0.001,4.520311832,5518
2.43,7864,-10.49274289,2184,5622,0,,,82.39964294,0.001,4.491269588,5522
2.43,7866,-10.49274289,2188,5626,0,,,7.096126556,0.001,5.706519127,5526
2.43,7870,-10.49274289,2192,5630,0,,,2.712430954,0.001,5.885275364,5530
,,,,5640,,-15,3,486.7473981,0.001,5.622173786,5540
2.44,7879,-9.71645115,2196,5641,0,,,,,,
2.37,7884,-7.56154878,2200,5651,0,,,2092.023285,0.001,1.034471989,5551
2.25,7888,-6.30704026,2204,5659,0,,,234.3373337,0.001,-1.091322422,5559
2.09,7892,-5.50704026,2208,5663,0,,,115.0378723,0.001,-1.665646195,5563
1.93,7896,-4.7285164,2212,5667,0,,,83.33464813,0.001,-2.157705784,5567
1.77,7901,-3.9285164,2216,5671,0,,,2799.350586,0.001,-1.835898638,5571
