time/total_timesteps,eval/mean_ep_length,eval/mean_reward,time/time_elapsed,time/fps,rollout/ep_len_mean,rollout/ep_rew_mean,time/iterations,train/explained_variance,train/policy_gradient_loss,train/value_loss,train/learning_rate,train/entropy_loss,train/std,train/clip_fraction,train/approx_kl,train/clip_range,train/n_updates,train/loss
40,5.0,51.965248107910156,,,,,,,,,,,,,,,,
40,,,25,1,3.9,53.6070668,1,,,,,,,,,,,
80,3.0,-13.21225643157959,,,,,,0.001299440860748291,-0.040405220543107134,4007.34160990715,0.0003,-4.251803708076477,0.9959966540336609,0.3000000070780516,0.02095557,0.2,10,2615.893798828125
80,,,56,1,3.16,30.574237000000004,2,,,,,,,,,,,
120,2.0,-10.0,,,,,,0.011137604713439941,-0.008771027179172964,1068.0170651435851,0.0003,-4.243106234073639,0.9965184926986694,0.1650000024586916,0.018344324,0.2,20,56.24602127075195
120,,,216,0,3.051282051282051,27.80762551282051,3,,,,,,,,,,,
160,3.0,19.30427646636963,,,,,,-0.0014519691467285156,-0.029360573402082046,640.5422094345092,0.0003,-4.244094473123551,0.9946432113647461,0.24250000473111868,0.018323742,0.2,30,84.71484375
160,,,276,0,3.0980392156862746,38.101063627450976,4,,,,,,,,,,,
200,3.0,2.1360148191452026,,,,,,0.002546072006225586,-0.014635327886662709,6117.587214279175,0.0003,-4.237582600116729,0.9934510588645935,0.0875000013038516,0.007662751,0.2,40,673.036376953125
200,,,394,0,3.046153846153846,32.890608276923075,5,,,,,,,,,,,
240,3.0,83.73118591308594,,,,,,0.037350356578826904,-0.011403869798732558,563.4040771484375,0.0003,-4.230894005298614,0.9891510009765625,0.1325000025331974,0.0039439127,0.2,50,312.2621765136719
240,,,421,0,3.103896103896104,38.09919472727273,6,,,,,,,,,,,
280,1.0,-5.0,,,,,,-0.023409128189086914,-0.026342082151095392,5718.038199234009,0.0003,-4.2218043327331545,0.9881062507629395,0.0725000012665987,0.011868842,0.2,60,2160.230224609375
280,,,723,0,3.0434782608695654,37.18795705434782,7,,,,,,,,,,,
320,5.0,74.52218103408813,,,,,,-0.0029909610748291016,-0.012316438444595401,1249.316428565979,0.0003,-4.2133536577224735,0.9831509590148926,0.08750000167638064,0.005250819,0.2,70,223.7989501953125
320,,,794,0,2.92,33.23143826,8,,,,,,,,,,,
360,5.0,117.97468972206116,,,,,,0.020124077796936035,-0.03320844565954757,2921.5905338287353,0.0003,-4.202318811416626,0.9810940623283386,0.20750000439584254,0.03159833,0.2,80,382.2688293457031
360,,,820,0,2.9,37.11460797,9,,,,,,,,,,,
400,5.0,-1.8104655742645264,,,,,,-0.014276504516601562,-0.01752424492529826,2523.8691677093507,0.0003,-4.198126006126404,0.980646550655365,0.15000000279396772,0.027323999,0.2,90,324.57159423828125
400,,,926,0,3.02,43.061960469999995,10,,,,,,,,,,,
440,1.0,-5.0,,,,,,0.0018132925033569336,-0.014022742233646569,2350.151190948486,0.0003,-4.195248126983643,0.9790298342704773,0.12000000216066838,0.01876445,0.2,100,2260.773681640625
440,,,948,0,3.04,37.457640960000006,11,,,,,,,,,,,
480,2.0,42.69776916503906,,,,,,-0.02368748188018799,-0.01158955836727955,1405.9334579467773,0.0003,-4.1944031596183775,0.9806966781616211,0.14250000230968,0.009995731,0.2,110,480.748291015625
480,,,984,0,3.0,35.11250973,12,,,,,,,,,,,
520,5.0,151.60204601287842,,,,,,-0.04429769515991211,-0.014166205948531574,516.8139903068543,0.0003,-4.194019150733948,0.9771875739097595,0.12500000204890965,0.013129323,0.2,120,159.08616638183594
520,,,1009,0,2.93,33.815530429999995,13,,,,,,,,,,,
560,1.0,-5.0,,,,,,-0.026984810829162598,-0.021536112588437396,3233.7748668670656,0.0003,-4.180505430698394,0.9743883609771729,0.1875000039115548,0.013064198,0.2,130,1745.1090087890625
560,,,1054,0,2.89,30.512242689999994,14,,,,,,,,,,,
600,5.0,104.71020889282227,,,,,,-0.0037915706634521484,-0.031130901026881475,974.1028270721436,0.0003,-4.177567666769027,0.9736894369125366,0.2625000048428774,0.032756437,0.2,140,1145.6363525390625
600,,,1167,0,2.96,33.84690713,15,,,,,,,,,,,
640,5.0,230.0089626312256,,,,,,-0.0332181453704834,0.006262077085521023,2303.5703460693358,0.0003,-4.177213096618653,0.974524199962616,0.3625000072643161,0.015440948,0.2,150,875.1201782226562
640,,,1272,0,2.99,36.81119254,16,,,,,,,,,,,
680,5.0,43.85451412200928,,,,,,-0.027313947677612305,-0.008862991735963988,3755.340517616272,0.0003,-4.176702725887298,0.9730336666107178,0.027500000409781934,0.004089631,0.2,160,3198.302978515625
680,,,1356,0,2.85,34.24019541,17,,,,,,,,,,,
720,2.0,-10.0,,,,,,0.02290952205657959,-0.03776698729940109,1859.8448150634765,0.0003,-4.1746351480484005,0.9726752638816833,0.23500000461935996,0.046716005,0.2,170,1618.32421875
720,,,1437,0,2.75,36.79957056999999,18,,,,,,,,,,,
760,2.0,-10.0,,,,,,-0.00829458236694336,-0.01977423762291437,1529.5353809356689,0.0003,-4.164745211601257,0.9672386050224304,0.1625000039115548,0.00967467,0.2,180,645.3294677734375
760,,,1541,0,2.73,36.92849286999999,19,,,,,,,,,,,
800,5.0,120.54187440872192,,,,,,-0.07954370975494385,-0.01088941454727319,1138.0106296539307,0.0003,-4.1536903321743015,0.9668900966644287,0.2650000063702464,0.03730527,0.2,190,309.0939025878906
800,,,1658,0,2.75,35.98220499000001,20,,,,,,,,,,,
840,1.0,-5.0,,,,,,-0.04865694046020508,-0.00721966946257453,1146.436122894287,0.0003,-4.158640259504319,0.9693405628204346,0.24500000551342965,0.012126057,0.2,200,708.2998657226562
840,,,1717,0,2.8,37.59528692,21,,,,,,,,,,,
880,3.0,26.931662559509277,,,,,,-0.04739844799041748,-0.0215246842846318,1681.0265392303468,0.0003,-4.157989609241485,0.9673155546188354,0.38500000853091476,0.046058074,0.2,210,1380.310791015625
880,,,1738,0,2.85,37.091863950000004,22,,,,,,,,,,,
920,1.0,-5.0,,,,,,-0.04630756378173828,-0.034692352173442485,3744.7869506835937,0.0003,-4.151248633861542,0.9658724665641785,0.5350000122562051,0.057025343,0.2,220,2127.115234375
920,,,1758,0,2.87,38.443458129999996,23,,,,,,,,,,,
960,5.0,63.52005195617676,,,,,,-0.03832566738128662,-0.022428151498752415,1609.3885765075684,0.0003,-4.146830451488495,0.9626200199127197,0.3475000062957406,0.04815635,0.2,230,994.390869140625
960,,,1789,0,2.88,34.88948499,24,,,,,,,,,,,
1000,1.0,-5.0,,,,,,-0.0017713308334350586,-0.002898498325812393,1291.775993347168,0.0003,-4.13583871126175,0.9600832462310791,0.15500000286847354,0.022740189,0.2,240,1412.047119140625
1000,,,1850,0,2.9,35.027713059999996,25,,,,,,,,,,,
1040,1.0,-5.0,,,,,,-0.0032731294631958008,-0.013641030782091512,2580.8667385101317,0.0003,-4.127670586109161,0.9573254585266113,0.24250000510364772,0.037168168,0.2,250,434.85235595703125
1040,,,1871,0,2.93,38.41221812,26,,,,,,,,,,,
1080,4.0,19.536273956298828,,,,,,-0.0510631799697876,0.008691596888274367,2933.077409362793,0.0003,-4.122941082715988,0.9571268558502197,0.45000001024454833,0.012189251,0.2,260,4260.1904296875
1080,,,1893,0,2.98,43.42862932999999,27,,,,,,,,,,,
1120,3.0,-10.941956102848053,,,,,,-0.005641818046569824,-0.015481063505867499,3883.79178276062,0.0003,-4.122001439332962,0.956857442855835,0.12750000301748515,0.014033375,0.2,270,3456.211181640625
1120,,,1914,0,2.95,46.34709118999999,28,,,,,,,,,,,
1160,2.0,-1.7057263851165771,,,,,,0.03410595655441284,-0.028069143403263296,2003.9804439544678,0.0003,-4.122178328037262,0.9579529762268066,0.31000000741332767,0.028768282,0.2,280,2316.013671875
1160,,,1968,0,3.02,50.30224769,29,,,,,,,,,,,
1200,5.0,125.89818286895752,,,,,,-0.07576799392700195,-0.027899734356287807,2819.644018173218,0.0003,-4.121491217613221,0.9554946422576904,0.2825000064447522,0.024991391,0.2,290,1110.4853515625
1200,,,1990,0,3.07,55.141504690000005,30,,,,,,,,,,,
1240,1.0,-5.0,,,,,,-0.05496644973754883,-5.860570763616124e-05,7106.885265350342,0.0003,-4.115314191579818,0.9554159045219421,0.042500000633299354,0.005681913,0.2,300,2407.378662109375
1240,,,2052,0,3.11,58.972601260000005,31,,,,,,,,,,,
1280,4.0,89.45487225055695,,,,,,-0.0968252420425415,-0.010879573447527945,4395.721591949463,0.0003,-4.115171897411346,0.9548075199127197,0.17750000339001418,0.0076979054,0.2,310,1103.6124267578125
1280,,,2074,0,3.14,838.5545216599999,32,,,,,,,,,,,
1320,2.0,-3.6691465377807617,,,,,,-6.461143493652344e-05,-0.005672641687488067,400619667.3602997,0.0003,-4.110998862981797,0.9528899192810059,0.005000000074505806,0.00479507,0.2,320,1071059072.0
1320,,,2096,0,3.08,834.46991921,33,,,,,,,,,,,
1360,5.0,10.791786193847656,,,,,,-0.012481689453125,-0.020798498623043993,3638.8074310302736,0.0003,-4.10465504527092,0.9514095783233643,0.16500000301748513,0.012588847,0.2,330,1217.37060546875
1360,,,2133,0,3.11,836.4271839800001,34,,,,,,,,,,,
1400,4.0,124.99151039123535,,,,,,-0.04348647594451904,-0.017520790607359227,3051.644167327881,0.0003,-4.098859810829163,0.9493901133537292,0.23250000402331353,0.016327346,0.2,340,2354.19384765625
1400,,,2156,0,3.2,838.6535661499998,35,,,,,,,,,,,
1440,3.0,99.02067565917969,,,,,,-0.06269872188568115,-0.015292151471948045,2292.65531539917,0.0003,-4.095666152238846,0.9492082595825195,0.17750000413507222,0.025908958,0.2,350,2225.82177734375
1440,,,2181,0,3.12,838.2179810099999,36,,,,,,,,,,,
1480,2.0,-10.0,,,,,,-0.03376889228820801,-0.022584191261012167,3042.264394378662,0.0003,-4.094723027944565,0.948636531829834,0.3300000078976154,0.0332248,0.2,360,1152.49267578125
1480,,,2257,0,3.1,842.32675705,37,,,,,,,,,,,
1520,3.0,41.18835926055908,,,,,,-0.11873555183410645,-0.014742647590537672,7053.489596557617,0.0003,-4.093787115812302,0.9486570358276367,0.15500000286847354,0.00975662,0.2,370,3479.91845703125
1520,,,2334,0,3.01,835.31386843,38,,,,,,,,,,,
1560,5.0,127.86319732666016,,,,,,-0.055652737617492676,-0.0215218322166038,3980.630823516846,0.0003,-4.090891033411026,0.9466890096664429,0.2075000049546361,0.030937467,0.2,380,4376.76513671875
1560,,,2357,0,2.97,62.365620449999994,39,,,,,,,,,,,
1600,3.0,143.07999420166016,,,,,,-0.04693186283111572,-0.03940113879332785,5135.117571258545,0.0003,-4.087428063154221,0.9467487335205078,0.352500007674098,0.023318296,0.2,390,1573.88330078125
1600,,,2382,0,2.85,60.385417050000015,40,,,,,,,,,,,
1640,3.0,26.262577056884766,,,,,,-0.03419387340545654,-0.006683430298944604,3875.3209476470947,0.0003,-4.083506989479065,0.9444441199302673,0.16500000264495612,0.0069537372,0.2,400,4260.08642578125
1640,,,2404,0,2.96,60.89833711,41,,,,,,,,,,,
1680,5.0,128.41892623901367,,,,,,-0.0011477470397949219,-0.010202854631352242,2196.0574604034423,0.0003,-4.078395521640777,0.9440130591392517,0.18750000428408384,0.008998616,0.2,410,509.2565612792969
1680,,,2426,0,3.06,70.17336189999999,42,,,,,,,,,,,
1720,5.0,61.50329917669296,,,,,,-0.01272892951965332,-0.01581948318256764,9035.134869384765,0.0003,-4.077890855073929,0.9441752433776855,0.15000000316649675,0.018546509,0.2,420,2943.58447265625
1720,,,2451,0,3.04,67.80119568,43,,,,,,,,,,,
1760,2.0,35.205169677734375,,,,,,-0.006842970848083496,-0.029328586343181084,2725.367010116577,0.0003,-4.0793949365615845,0.946021318435669,0.3475000085309148,0.050932176,0.2,430,3372.602783203125
1760,,,2606,0,2.9,58.55558582,44,,,,,,,,,,,
1800,3.0,12.1490478515625,,,,,,-0.03973352909088135,-0.010930084943975094,1614.376901245117,0.0003,-4.0811442017555235,0.945473849773407,0.355000009201467,0.028978867,0.2,440,410.59735107421875
1800,,,2667,0,2.99,65.10936982,45,,,,,,,,,,,
1840,5.0,27.629756927490234,,,,,,-0.02294135093688965,-0.005217469120980245,6441.5245140075685,0.0003,-4.077027523517609,0.9439690113067627,0.3000000059604645,0.023549484,0.2,450,2618.0322265625
1840,,,2765,0,3.03,61.24235713000001,46,,,,,,,,,,,
1880,5.0,305.21922302246094,,,,,,-0.12379837036132812,0.004514126822468878,1792.4607730865478,0.0003,-4.0742276310920715,0.9434963464736938,0.15500000305473804,0.008489206,0.2,460,424.9659729003906
1880,,,2823,0,3.16,65.3808328,47,,,,,,,,,,,
1920,5.0,278.0757827758789,,,,,,0.03754544258117676,-0.010202289873195691,7509.832137870789,0.0003,-4.069775938987732,0.940900444984436,0.05500000100582838,0.004375118,0.2,470,1725.090576171875
1920,,,2849,0,3.13,63.08296702,48,,,,,,,,,,,
1960,5.0,80.2985110282898,,,,,,-0.14114785194396973,-0.012583855796533516,5623.600552368164,0.0003,-4.062200373411178,0.9402717351913452,0.20000000409781932,0.017568072,0.2,480,1082.280517578125
1960,,,2930,0,3.12,65.38116208,49,,,,,,,,,,,
2000,4.0,68.55780029296875,,,,,,0.02051645517349243,-0.028716673594026364,3470.699311065674,0.0003,-4.062366640567779,0.9399935603141785,0.4625000100582838,0.033767875,0.2,490,1338.580322265625
2000,,,2958,0,2.95,58.725183949999995,50,,,,,,,,,,,
2040,4.0,67.57468783855438,,,,,,-0.059973835945129395,-0.033003130294273444,4761.779734039306,0.0003,-4.058169883489609,0.9386067390441895,0.3000000059604645,0.034795664,0.2,500,530.4727783203125
2040,,,3013,0,2.89,58.81020998000001,51,,,,,,,,,,,
2080,5.0,244.6533088684082,,,,,,0.02323693037033081,-0.03234720713058774,2842.3400802612305,0.0003,-4.059573119878769,0.9410024881362915,0.25500000491738317,0.02562099,0.2,510,980.833740234375
2080,,,3034,0,3.0,66.81421044,52,,,,,,,,,,,
2120,5.0,229.98828125,,,,,,-0.033083558082580566,0.006862224229844283,8462.490097808837,0.0003,-4.065536296367645,0.9420989751815796,0.250000006146729,0.0071069375,0.2,520,9137.033203125
2120,,,3058,0,2.88,64.62898424,53,,,,,,,,,,,
2160,5.0,272.97496795654297,,,,,,-0.008773446083068848,-0.02095610235453931,4281.239566040039,0.0003,-4.069521731138229,0.944286048412323,0.19750000406056642,0.014794353,0.2,530,1234.1292724609375
2160,,,3081,0,2.82,65.74632636,54,,,,,,,,,,,
2200,4.0,38.65248489379883,,,,,,-0.07112443447113037,-0.005433414373837886,3832.1542505264283,0.0003,-4.0689110398292545,0.9426923990249634,0.27750000506639483,0.028654858,0.2,540,816.2384033203125
2200,,,3104,0,2.87,70.4062141,55,,,,,,,,,,,
2240,5.0,140.69082355499268,,,,,,-0.005488872528076172,-0.012195744446289614,7953.771560668945,0.0003,-4.063619440793991,0.9410245418548584,0.32750000786036254,0.01847897,0.2,550,6711.87353515625
2240,,,3173,0,2.71,63.41780429000001,56,,,,,,,,,,,
2280,3.0,86.96079635620117,,,,,,-0.03546786308288574,-0.00783839090850975,4262.561441040039,0.0003,-4.054570549726487,0.936659574508667,0.10000000149011612,0.010919687,0.2,560,1129.2498779296875
2280,,,3194,0,2.92,71.60578308,57,,,,,,,,,,,
2320,5.0,153.24684715270996,,,,,,-0.013442635536193848,-0.014740261144761457,5167.900296401977,0.0003,-4.043543964624405,0.9357954263687134,0.2525000059977174,0.03903083,0.2,570,887.744384765625
2320,,,3277,0,2.88,70.03412512999998,58,,,,,,,,,,,
2360,5.0,118.55428314208984,,,,,,-0.03588509559631348,-0.01913835260347696,3885.1256362915037,0.0003,-4.043113511800766,0.9360958933830261,0.4400000099092722,0.045876272,0.2,580,3316.230712890625
2360,,,3357,0,2.84,64.39482068000001,59,,,,,,,,,,,
2400,3.0,77.36376190185547,,,,,,0.025718510150909424,-0.026950656428816732,2695.214028930664,0.0003,-4.039098644256592,0.9345029592514038,0.3175000075250864,0.016529188,0.2,590,604.0408935546875
2400,,,3428,0,2.97,66.85973256,60,,,,,,,,,,,
2440,5.0,128.0462589263916,,,,,,0.06573575735092163,-0.028580446310152174,3265.439924621582,0.0003,-4.033303999900818,0.9320262670516968,0.35000000819563865,0.0322381,0.2,600,710.7753295898438
2440,,,3451,0,3.07,70.30611563000001,61,,,,,,,,,,,
2480,3.0,82.82693862915039,,,,,,-0.04465162754058838,-0.03519531404745067,3618.484415245056,0.0003,-4.026957923173905,0.9309951066970825,0.31250000689178703,0.033644937,0.2,610,99.670654296875
2480,,,3474,0,3.06,64.6491978,62,,,,,,,,,,,
2520,3.0,91.3703498840332,,,,,,-0.12034928798675537,-0.0312877230727463,3011.5136811256407,0.0003,-4.023537766933441,0.9292654991149902,0.44500001054257154,0.056512855,0.2,620,1166.8385009765625
2520,,,3579,0,3.02,62.16149600999999,63,,,,,,,,,,,
2560,1.0,-5.0,,,,,,-0.047153353691101074,0.01957918800995685,2572.974065208435,0.0003,-4.014897394180298,0.9276623129844666,0.49500001035630703,0.035711333,0.2,630,1263.86181640625
2560,,,3602,0,2.94,57.977633989999994,64,,,,,,,,,,,
2600,2.0,-6.306849360466003,,,,,,0.05621492862701416,-0.01682535247746273,1994.8227195739746,0.0003,-4.008055484294891,0.9248008728027344,0.24000000413507222,0.022011891,0.2,640,1638.3829345703125
2600,,,3673,0,2.97,62.5989003,65,,,,,,,,,,,
2640,2.0,42.2044563293457,,,,,,6.437301635742188e-05,-0.023231217174998164,10010.500935363769,0.0003,-4.000896227359772,0.9237661361694336,0.12500000298023223,0.015618501,0.2,650,9028.7451171875
2640,,,3778,0,2.95,65.30955824,66,,,,,,,,,,,
2680,5.0,174.93730926513672,,,,,,-0.04607975482940674,-0.03178688587748182,5935.367147827148,0.0003,-3.9944484651088716,0.9209675192832947,0.17500000353902578,0.0164454,0.2,660,2388.83203125
2680,,,3829,0,2.89,65.06380573999999,67,,,,,,,,,,,
2720,5.0,191.95762014389038,,,,,,-0.05385124683380127,-0.016974652005883394,4227.692652893066,0.0003,-3.984793338179588,0.9179856181144714,0.18500000312924386,0.018943137,0.2,670,2323.22021484375
2720,,,3853,0,2.8,60.86428730000001,68,,,,,,,,,,,
2760,5.0,158.95753383636475,,,,,,0.04241746664047241,-0.002673634140228387,2384.4165019989014,0.0003,-3.9773641407489775,0.9173280596733093,0.17250000331550835,0.021880906,0.2,680,1505.04345703125
2760,,,3878,0,2.8,67.7640036,69,,,,,,,,,,,
2800,1.0,-5.0,,,,,,-0.08637058734893799,-0.01025199118303135,8811.590177154541,0.0003,-3.973431670665741,0.9161561727523804,0.3100000062957406,0.030387718,0.2,690,1811.077392578125
2800,,,3911,0,2.71,68.2194019,70,,,,,,,,,,,
2840,5.0,256.60019874572754,,,,,,-0.18134033679962158,-0.008958850125200113,3857.1036010742187,0.0003,-3.972058889269829,0.9165091514587402,0.25750000551342966,0.026165344,0.2,700,2702.813232421875
2840,,,3933,0,2.87,76.655806,71,,,,,,,,,,,
2880,5.0,248.66470909118652,,,,,,-0.017255783081054688,-0.009344670512655284,6864.564567947387,0.0003,-3.9713516026735305,0.9150681495666504,0.2025000037625432,0.017823707,0.2,710,2156.646240234375
2880,,,3959,0,2.85,74.20061256,72,,,,,,,,,,,
2920,1.0,-5.0,,,,,,0.0005428791046142578,-0.005827632889267997,4595.723342895508,0.0003,-3.9672775834798815,0.914034366607666,0.09000000152736902,0.0057124333,0.2,720,2079.428466796875
2920,,,3984,0,2.77,69.42889926,73,,,,,,,,,,,
2960,2.0,15.400768280029297,,,,,,-0.023018836975097656,-0.008795374719629833,2859.9246994018554,0.0003,-3.9604190438985825,0.9124972224235535,0.15750000327825547,0.014033796,0.2,730,1171.1990966796875
2960,,,4109,0,2.75,66.29426737,74,,,,,,,,,,,
3000,5.0,73.01233148574829,,,,,,0.03560328483581543,-0.009430867740738902,1721.0151290893555,0.0003,-3.9576247334480286,0.9111196994781494,0.21000000443309547,0.027919568,0.2,740,584.6668090820312
3000,,,4185,0,2.57,56.757974860000004,75,,,,,,,,,,,
3040,5.0,157.4152126312256,,,,,,0.02911984920501709,-0.014375175824989128,1749.899102973938,0.0003,-3.9553238213062287,0.9147796034812927,0.2650000061839819,0.03474138,0.2,750,410.5180358886719
3040,,,4269,0,2.66,57.12165284,76,,,,,,,,,,,
3080,5.0,347.2256965637207,,,,,,-0.03087007999420166,-0.006051521677873062,4751.453650665283,0.0003,-3.9624997824430466,0.9146341681480408,0.2200000049546361,0.009663835,0.2,760,2934.96240234375
3080,,,4292,0,2.73,62.324069279999996,77,,,,,,,,,,,
3120,2.0,15.400650024414062,,,,,,-0.03640282154083252,-0.013036933756520685,7531.29744644165,0.0003,-3.9547122418880463,0.9113203287124634,0.4250000104308128,0.027360883,0.2,770,4058.848388671875
3120,,,4364,0,2.57,53.5862285,78,,,,,,,,,,,
3160,5.0,264.31151580810547,,,,,,0.033026933670043945,-0.00729037871969922,3356.0903244018555,0.0003,-3.9499428421258926,0.9124042391777039,0.16500000283122063,0.025503019,0.2,780,2168.372802734375
3160,,,4422,0,2.72,59.41330484000001,79,,,,,,,,,,,
3200,4.0,171.49988174438477,,,,,,0.027978897094726562,-0.043186316463597905,6651.402741241455,0.0003,-3.9502429246902464,0.9119989275932312,0.4000000098720193,0.024673203,0.2,790,8719.408203125
3200,,,4448,0,2.74,66.1104599,80,,,,,,,,,,,
3240,5.0,175.65460777282715,,,,,,-0.024057626724243164,-0.01242881717800628,12272.607693481445,0.0003,-3.9449075400829314,0.9098114967346191,0.14000000208616256,0.008387428,0.2,800,5818.77734375
3240,,,4473,0,2.84,72.8892955,81,,,,,,,,,,,
3280,2.0,32.6332893371582,,,,,,-0.03569626808166504,-0.009538565611328532,7603.246991729737,0.0003,-3.936959797143936,0.9080886840820312,0.12500000204890965,0.010208499,0.2,810,8994.62890625
3280,,,4497,0,2.93,80.38221999000001,82,,,,,,,,,,,
3320,3.0,26.472230911254883,,,,,,-0.0720670223236084,-0.032681323206052194,8440.725633239746,0.0003,-3.931367966532707,0.9075902700424194,0.275000006146729,0.027182259,0.2,820,1609.633056640625
3320,,,4521,0,2.93,85.96368283,83,,,,,,,,,,,
3360,5.0,208.30570602416992,,,,,,-0.0001767873764038086,-0.017553550625398207,8007.933050537109,0.0003,-3.9296348869800566,0.907329261302948,0.3075000062584877,0.0264471,0.2,830,2682.19921875
3360,,,4546,0,2.8,83.05659047,84,,,,,,,,,,,
3400,4.0,43.255794525146484,,,,,,0.07131129503250122,-0.0028777215744048568,8370.132513427734,0.0003,-3.9237348407506945,0.9054131507873535,0.09250000156462193,0.0050630076,0.2,840,1778.8321533203125
3400,,,4570,0,2.89,92.29080916999999,85,,,,,,,,,,,
3440,5.0,73.10875988006592,,,,,,-0.12438201904296875,-0.017778501774846522,8524.838716125489,0.0003,-3.920555108785629,0.9049584269523621,0.20000000428408385,0.0270673,0.2,850,1597.72412109375
3440,,,4594,0,2.94,95.12299138,86,,,,,,,,,,,
3480,4.0,75.10192489624023,,,,,,-0.031575679779052734,-0.007192459715588484,6346.236554718018,0.0003,-3.9126411110162733,0.9007304906845093,0.2325000051409006,0.050212234,0.2,860,1585.3477783203125
3480,,,4621,0,2.97,96.67347724000001,87,,,,,,,,,,,
3520,1.0,-5.0,,,,,,-0.047402143478393555,-0.010822743864414397,8405.282297515869,0.0003,-3.9041928112506867,0.9007918834686279,0.20500000417232514,0.012176821,0.2,870,3125.964599609375
3520,,,4644,0,2.93,92.41902607,88,,,,,,,,,,,
3560,2.0,5.805474281311035,,,,,,0.012021958827972412,-0.03231056804143462,5765.244201660156,0.0003,-3.89764299094677,0.8969721794128418,0.2800000060349703,0.038859937,0.2,880,2342.0654296875
3560,,,4668,0,2.88,89.53691164999998,89,,,,,,,,,,,
3600,3.0,67.50485324859619,,,,,,-0.06388735771179199,-0.015791819741862122,5972.190299987793,0.0003,-3.8919135451316835,0.8973029851913452,0.17250000350177289,0.028116753,0.2,890,4050.05908203125
3600,,,4736,0,2.9,89.66825773000001,90,,,,,,,,,,,
3640,3.0,63.75120544433594,,,,,,0.012490928173065186,-0.021137263523432905,8425.455354309082,0.0003,-3.8942718744277953,0.8969782590866089,0.20000000409781932,0.024114203,0.2,900,2859.391357421875
3640,,,4760,0,2.95,91.80852442999999,91,,,,,,,,,,,
3680,5.0,357.6186294555664,,,,,,-0.07005369663238525,-0.0318365034359158,7808.802963256836,0.0003,-3.8889724254608153,0.8945052027702332,0.3250000076368451,0.02794683,0.2,910,4555.34228515625
3680,,,4782,0,3.02,94.56330347,92,,,,,,,,,,,
3720,3.0,75.23392868041992,,,,,,0.023090898990631104,0.006667970452981531,7906.104247665406,0.0003,-3.882693925499916,0.8928807973861694,0.34500000849366186,0.034244806,0.2,920,2758.14404296875
3720,,,4805,0,2.99,97.40158299000001,93,,,,,,,,,,,
3760,5.0,255.9503402709961,,,,,,-0.11108434200286865,0.0073803222250717225,9567.3918258667,0.0003,-3.8821383833885195,0.8951506614685059,0.5425000099465251,0.022936815,0.2,930,1775.5189208984375
3760,,,4827,0,2.99,96.02895781,94,,,,,,,,,,,
3800,2.0,6.9219560623168945,,,,,,-0.021487832069396973,-0.01904239006369608,6927.649551391602,0.0003,-3.8891090512275697,0.8964889049530029,0.14750000294297932,0.018295433,0.2,940,2224.1875
3800,,,4901,0,3.1,103.23533039999998,95,,,,,,,,,,,
3840,5.0,213.88291931152344,,,,,,0.02390158176422119,-0.020068578128775695,8320.425331878661,0.0003,-3.895172342658043,0.9004578590393066,0.2600000059232116,0.030946085,0.2,950,5946.1328125
3840,,,4920,0,3.18,115.35665427999999,96,,,,,,,,,,,
3880,2.0,44.086578369140625,,,,,,-0.030274033546447754,-0.02331763810110714,13663.758676147461,0.0003,-3.9023855298757555,0.9010710120201111,0.08750000149011612,0.011402996,0.2,960,2140.322265625
3880,,,4944,0,3.2,119.56981554,97,,,,,,,,,,,
3920,3.0,94.55289840698242,,,,,,-0.08917248249053955,-0.011707514080098912,8511.285423278809,0.0003,-3.9047167211771012,0.9024945497512817,0.12750000208616258,0.011265036,0.2,970,5900.771484375
3920,,,5037,0,3.21,121.85271909000001,98,,,,,,,,,,,
3960,5.0,358.6892738342285,,,,,,0.008339226245880127,-0.011631265444448213,11028.269300842285,0.0003,-3.9092986553907396,0.9047634601593018,0.1600000036880374,0.035609983,0.2,980,6684.38427734375
3960,,,5062,0,3.21,125.58728644000001,99,,,,,,,,,,,
4000,1.0,-5.0,,,,,,-0.01219785213470459,0.0010674485936033261,12252.824105834961,0.0003,-3.9096186995506286,0.9031766653060913,0.037500000558793545,0.0036508532,0.2,990,6471.62255859375
4000,,,5081,0,3.17,126.65664015,100,,,,,,,,,,,
4040,1.0,-5.0,,,,,,-0.05780792236328125,0.0033809721489160395,9560.12409210205,0.0003,-3.9101732552051542,0.9051371812820435,0.3350000068545341,0.04890826,0.2,1000,5970.6689453125
4040,,,5156,0,3.21,133.25545002,101,,,,,,,,,,,
4080,2.0,42.9994010925293,,,,,,-0.00708925724029541,0.016389337734508447,12476.48115234375,0.0003,-3.912138804793358,0.9044990539550781,0.3275000059977174,0.035316654,0.2,1010,5858.404296875
4080,,,5176,0,3.28,146.0928477,102,,,,,,,,,,,
4120,5.0,318.5299987792969,,,,,,-0.059911251068115234,-0.02632399521709885,16255.08583984375,0.0003,-3.907589665055275,0.9031021595001221,0.24750000536441802,0.031785145,0.2,1020,10651.8076171875
4120,,,5198,0,3.29,147.59062138000002,103,,,,,,,,,,,
4160,4.0,159.58655548095703,,,,,,0.06533271074295044,-0.023534718923365294,9985.895739746094,0.0003,-3.9034609884023665,0.9018176794052124,0.36000000815838573,0.034069136,0.2,1030,2802.023681640625
4160,,,5220,0,3.18,140.24443775,104,,,,,,,,,,,
4200,5.0,322.8270378112793,,,,,,0.04304397106170654,-0.006701005262459025,10586.760775756837,0.0003,-3.9040244996547697,0.9041486978530884,0.0700000012293458,0.002863206,0.2,1040,4684.5439453125
4200,,,5240,0,3.2,146.97000534,105,,,,,,,,,,,
4240,5.0,276.7924995422363,,,,,,0.043776869773864746,-0.03201898013485334,11837.935906982422,0.0003,-3.90656800866127,0.9043573141098022,0.2700000058859587,0.019463634,0.2,1050,8795.568359375
4240,,,5297,0,3.21,150.6302609,106,,,,,,,,,,,
4280,2.0,16.827899932861328,,,,,,0.10229355096817017,-0.027623203568364264,11887.121801757812,0.0003,-3.9020872503519057,0.9013371467590332,0.2775000063702464,0.0302534,0.2,1060,3649.629150390625
4280,,,5470,0,3.24,154.85940239,107,,,,,,,,,,,
4320,5.0,362.81037521362305,,,,,,0.06787961721420288,-0.026569676336112024,11350.919320678711,0.0003,-3.8934268832206724,0.9003486633300781,0.1250000024214387,0.023428718,0.2,1070,6212.63525390625
4320,,,5596,0,3.21,158.13193136,108,,,,,,,,,,,
4360,5.0,159.44546222686768,,,,,,0.056265950202941895,-0.02472315036065993,15049.691787719727,0.0003,-3.8917996019124983,0.8999537229537964,0.3675000075250864,0.033007238,0.2,1080,4810.42431640625
4360,,,5713,0,3.31,168.46194577000003,109,,,,,,,,,,,
4400,5.0,431.3242988586426,,,,,,0.19312667846679688,-0.03810553753912245,8698.513791656495,0.0003,-3.8906097948551177,0.8993721008300781,0.3725000092759728,0.04869378,0.2,1090,2020.00341796875
4400,,,5832,0,3.31,165.90405810000001,110,,,,,,,,,,,
4440,2.0,-10.0,,,,,,0.04032087326049805,-0.018246850179421025,13831.477183532716,0.0003,-3.8904961705207826,0.9001870155334473,0.19500000327825545,0.013378108,0.2,1100,6720.05517578125
4440,,,6008,0,3.25,166.28695847999998,111,,,,,,,,,,,
4480,5.0,375.9751625061035,,,,,,0.03900575637817383,-0.010773663220170437,12911.446922302246,0.0003,-3.888814094662666,0.8990859985351562,0.1925000037997961,0.028984336,0.2,1110,3764.2998046875
4480,,,6094,0,3.24,165.92151901999998,112,,,,,,,,,,,
4520,5.0,350.9318733215332,,,,,,-0.031348347663879395,-0.029834115179473875,15700.936149597168,0.0003,-3.8853711754083635,0.8984898924827576,0.1400000022724271,0.009280614,0.2,1120,3772.176513671875
4520,,,6115,0,3.31,172.00417514,113,,,,,,,,,,,
4560,4.0,190.35113525390625,,,,,,-0.024004578590393066,-0.02816992486643357,15354.31014404297,0.0003,-3.882825142145157,0.8977038264274597,0.2075000036507845,0.014237331,0.2,1130,7404.2216796875
4560,,,6136,0,3.27,168.49180121,114,,,,,,,,,,,
4600,5.0,355.0340156555176,,,,,,0.00619429349899292,-0.03680351225790218,13021.575494384766,0.0003,-3.877460500597954,0.8953948020935059,0.2425000049173832,0.028306102,0.2,1140,4993.2236328125
4600,,,6209,0,3.42,184.67028898999996,115,,,,,,,,,,,
4640,4.0,191.40558624267578,,,,,,0.21038663387298584,-0.017830753065136352,11693.076231384277,0.0003,-3.8708155184984205,0.894493579864502,0.21750000454485416,0.027846811,0.2,1150,3558.818603515625
4640,,,6251,0,3.44,183.68035629000002,116,,,,,,,,,,,
4680,5.0,331.4206199645996,,,,,,0.07569193840026855,-0.019344121992762663,11415.770970153808,0.0003,-3.8685079157352447,0.8952797651290894,0.4400000086054206,0.08781944,0.2,1160,4678.7451171875
4680,,,6276,0,3.34,170.45652472,117,,,,,,,,,,,
4720,3.0,112.47283554077148,,,,,,0.07220184803009033,-0.05066420449729776,13328.18882446289,0.0003,-3.869026455283165,0.8934804797172546,0.37500000912696124,0.07540595,0.2,1170,6979.66064453125
4720,,,6332,0,3.33,169.73614827999998,118,,,,,,,,,,,
4760,3.0,109.0527458190918,,,,,,0.12338340282440186,-0.029380460239481182,9869.331590270996,0.0003,-3.86531762778759,0.8939728736877441,0.38500000908970833,0.042774007,0.2,1180,3378.9296875
4760,,,6352,0,3.41,177.30506368,119,,,,,,,,,,,
4800,3.0,120.96088409423828,,,,,,0.13329839706420898,0.018523968220852116,9974.671562194824,0.0003,-3.865228921175003,0.8934621810913086,0.16250000316649676,0.0057403957,0.2,1190,6441.3818359375
4800,,,6375,0,3.46,183.31132118000002,120,,,,,,,,,,,
4840,5.0,154.49348258972168,,,,,,0.08468180894851685,-0.043549953782348896,11591.07541809082,0.0003,-3.8599271804094313,0.8914694786071777,0.43250000905245545,0.08430512,0.2,1200,6429.8525390625
4840,,,6400,0,3.36,171.4837467,121,,,,,,,,,,,
4880,1.0,-5.0,,,,,,0.02452141046524048,-0.024099362796841883,10853.587438964843,0.0003,-3.852777177095413,0.8918838500976562,0.32750000804662704,0.03747992,0.2,1210,7689.935546875
4880,,,6476,0,3.36,175.32140475,122,,,,,,,,,,,
4920,5.0,392.9736442565918,,,,,,0.09617513418197632,-0.011654004237789195,11610.868998718262,0.0003,-3.8544066101312637,0.8926926851272583,0.3250000081956387,0.016509965,0.2,1220,10118.50390625
4920,,,6521,0,3.3,167.08398391000003,123,,,,,,,,,,,
4960,4.0,234.94512176513672,,,,,,0.1154751181602478,0.11201092750823591,11511.234161376953,0.0003,-3.8579068332910538,0.8964005708694458,0.48750000540167093,0.22425617,0.2,1230,4485.18701171875
4960,,,6541,0,3.25,165.56757389999999,124,,,,,,,,,,,
5000,5.0,365.48705673217773,,,,,,-0.07428717613220215,-0.0131810957507696,12663.988980102538,0.0003,-3.8585103154182434,0.8940914869308472,0.552500014193356,0.053531423,0.2,1240,10192.7021484375
5000,,,6598,0,3.24,165.68333957,125,,,,,,,,,,,
5040,3.0,72.13582420349121,,,,,,0.07318788766860962,-0.0018354010235634988,12985.429150390624,0.0003,-3.8500094443559645,0.8931329250335693,0.2850000074133277,0.007444476,0.2,1250,6072.693359375
5040,,,6617,0,3.35,174.21870551,126,,,,,,,,,,,
5080,5.0,295.355167388916,,,,,,0.2605658769607544,-0.019549755994084993,8591.315411376952,0.0003,-3.8499227672815324,0.8942152261734009,0.10500000137835741,0.011772677,0.2,1260,2627.346923828125
5080,,,6685,0,3.35,175.00461524,127,,,,,,,,,,,
5120,1.0,-5.0,,,,,,0.0012550950050354004,-0.014247613643019574,12382.452593994141,0.0003,-3.8522416830062864,0.8954113721847534,0.0875000013038516,0.009284824,0.2,1270,4475.20263671875
5120,,,6704,0,3.34,174.10064456,128,,,,,,,,,,,
5160,5.0,339.32865142822266,,,,,,-0.050598740577697754,-0.018016157947060928,17932.559017944335,0.0003,-3.851034551858902,0.8940378427505493,0.09500000178813935,0.011427619,0.2,1280,14311.6904296875
5160,,,6723,0,3.45,184.28216663,129,,,,,,,,,,,
5200,5.0,351.63207244873047,,,,,,0.1870654821395874,-0.011616316163708684,9589.899126434326,0.0003,-3.850554019212723,0.8960725665092468,0.22000000458210706,0.021580398,0.2,1290,3309.201904296875
5200,,,6742,0,3.5,190.7602191,130,,,,,,,,,,,
5240,5.0,302.4697799682617,,,,,,0.11670148372650146,-0.020921530838677427,11335.422985839843,0.0003,-3.8525242835283278,0.8951106071472168,0.33750000726431606,0.05153031,0.2,1300,6318.5634765625
5240,,,6772,0,3.32,173.42798684000002,131,,,,,,,,,,,
5280,5.0,370.0537643432617,,,,,,-0.268194317817688,-0.001893847841929519,20255.543673706055,0.0003,-3.8493012368679045,0.8943885564804077,0.18750000409781933,0.017875323,0.2,1310,9380.4140625
5280,,,6789,0,3.42,183.28659663000002,132,,,,,,,,,,,
5320,5.0,399.22481536865234,,,,,,0.04618591070175171,-0.024277175238312344,14765.442163085938,0.0003,-3.8477106034755706,0.8952922821044922,0.20750000420957804,0.033733457,0.2,1320,5539.033203125
5320,,,6832,0,3.5,192.47525337,133,,,,,,,,,,,
5360,5.0,357.34061431884766,,,,,,0.05278104543685913,-0.038873429312679945,13095.762796020508,0.0003,-3.843883663415909,0.8931254148483276,0.41000000946223736,0.050392225,0.2,1330,14864.2763671875
5360,,,6851,0,3.57,200.20484816,134,,,,,,,,,,,
5400,5.0,280.4119682312012,,,,,,0.1427043080329895,-0.031207264178374317,11870.8721244812,0.0003,-3.8397166579961777,0.8930312395095825,0.33750000689178705,0.029072229,0.2,1340,4756.7802734375
5400,,,6869,0,3.47,194.71568108,135,,,,,,,,,,,
5440,5.0,344.2666206359863,,,,,,0.14670521020889282,-0.005327772415403142,9236.902452087403,0.0003,-3.8428612530231474,0.8949238657951355,0.24500000532716512,0.017411016,0.2,1350,7063.37060546875
5440,,,6926,0,3.57,207.96899668000003,136,,,,,,,,,,,
5480,5.0,294.29699325561523,,,,,,0.13360804319381714,-0.03974193994858073,12119.579467773438,0.0003,-3.8518601655960083,0.8973139524459839,0.3200000075623393,0.042574525,0.2,1360,15664.291015625
5480,,,6943,0,3.59,208.34927464,137,,,,,,,,,,,
5520,5.0,310.88939666748047,,,,,,0.10756230354309082,-0.029939742598362497,10310.354916381835,0.0003,-3.8551769345998763,0.8973509073257446,0.2700000060722232,0.012062832,0.2,1370,5846.81005859375
5520,,,6960,0,3.65,215.34698420999996,138,,,,,,,,,,,
5560,5.0,412.2563247680664,,,,,,0.1523699164390564,-0.038054299152281604,10718.956219482421,0.0003,-3.8561302453279493,0.898134708404541,0.35250000804662707,0.029859655,0.2,1380,10481.9306640625
5560,,,6977,0,3.75,222.74116973,139,,,,,,,,,,,
5600,5.0,440.7394676208496,,,,,,0.23034530878067017,-0.011710577300909786,9205.51983947754,0.0003,-3.8540842860937117,0.8969720602035522,0.3675000073388219,0.020148017,0.2,1390,6034.39501953125
5600,,,6994,0,3.87,237.58497154,140,,,,,,,,,,,
5640,4.0,192.73453903198242,,,,,,0.020304322242736816,-0.02460407784761629,17535.514349365236,0.0003,-3.848484382033348,0.894512414932251,0.2675000047311187,0.019611146,0.2,1400,13693.6826171875
5640,,,7016,0,3.81,233.13569925,141,,,,,,,,,,,
5680,5.0,358.85839080810547,,,,,,0.04038059711456299,-0.023864721677528,13912.935855674743,0.0003,-3.8423019468784334,0.8944209814071655,0.4550000101327896,0.039334174,0.2,1410,3620.14697265625
5680,,,7083,0,3.88,238.50849465,142,,,,,,,,,,,
5720,5.0,322.5029983520508,,,,,,0.2350301742553711,-0.020314527501996048,7907.743757629394,0.0003,-3.843652954697609,0.8940385580062866,0.22750000432133674,0.017843902,0.2,1420,4369.4951171875
5720,,,7102,0,3.83,231.99117243000003,143,,,,,,,,,,,
5760,5.0,368.9189338684082,,,,,,-0.12530529499053955,-0.030499931054073403,16788.10075683594,0.0003,-3.8373533338308334,0.8915162086486816,0.33750000726431606,0.039595533,0.2,1430,9064.24609375
5760,,,7120,0,3.93,237.843951,144,,,,,,,,,,,
5800,5.0,226.22987365722656,,,,,,0.34756267070770264,-0.016617909838169,7516.8505187988285,0.0003,-3.832864573597908,0.8931673765182495,0.15500000286847354,0.008034987,0.2,1440,3139.58154296875
5800,,,7138,0,3.9,237.03482597000004,145,,,,,,,,,,,
5840,5.0,392.1881332397461,,,,,,0.060478925704956055,-0.04527066513830504,14376.13392944336,0.0003,-3.83599097430706,0.8931074142456055,0.2950000062584877,0.027524434,0.2,1450,9280.0078125
5840,,,7157,0,3.88,237.05312136999999,146,,,,,,,,,,,
5880,5.0,387.4974899291992,,,,,,0.08255785703659058,-0.0015607824285689298,18029.222549438477,0.0003,-3.8327469527721405,0.8917368650436401,0.03000000063329935,0.0045429813,0.2,1460,4366.0341796875
5880,,,7173,0,3.9,242.95387828,147,,,,,,,,,,,
5920,5.0,379.2922821044922,,,,,,0.380071759223938,0.007128263907652599,7291.558575439453,0.0003,-3.827074807882309,0.8906865119934082,0.13250000290572644,0.0105864685,0.2,1470,2152.55810546875
5920,,,7194,0,3.82,235.82193686,148,,,,,,,,,,,
5960,5.0,339.04908752441406,,,,,,-0.05618488788604736,0.04678521748108324,18714.372650146484,0.0003,-3.8227875024080276,0.8898516893386841,0.38500001057982447,0.014398124,0.2,1480,14269.599609375
5960,,,7211,0,3.86,236.33942476999997,149,,,,,,,,,,,
6000,5.0,416.364990234375,,,,,,0.29640471935272217,0.002380223638392637,8459.827774047852,0.0003,-3.811745670437813,0.8850188255310059,0.32750000767409804,0.02341419,0.2,1490,5034.654296875
6000,,,7271,0,3.86,234.37304361999998,150,,,,,,,,,,,
6040,1.0,-5.0,,,,,,0.020608961582183838,-0.027997571341111315,14863.25594482422,0.0003,-3.8002892673015594,0.8854155540466309,0.300000006519258,0.018308835,0.2,1500,1807.453857421875
6040,,,7379,0,3.76,230.35806447000002,151,,,,,,,,,,,
6080,5.0,393.9423828125,,,,,,-0.21530485153198242,-0.015208019205751955,20942.45171356201,0.0003,-3.800349625945091,0.8853304386138916,0.10250000189989805,0.031715576,0.2,1510,950.8482666015625
6080,,,7431,0,3.76,232.71184067,152,,,,,,,,,,,
6120,5.0,348.4802436828613,,,,,,0.005083322525024414,0.020696219178207687,12696.245388793945,0.0003,-3.7993221312761305,0.8848406672477722,0.4225000083446503,0.014677909,0.2,1520,5539.4443359375
6120,,,7450,0,3.74,231.24340197,153,,,,,,,,,,,
6160,3.0,121.83483123779297,,,,,,0.26158106327056885,0.006316483453338151,9478.999175262452,0.0003,-3.8007237315177917,0.8859424591064453,0.08500000163912773,0.0155993,0.2,1530,3302.618408203125
6160,,,7475,0,3.68,225.73758329,154,,,,,,,,,,,
6200,3.0,153.66231536865234,,,,,,0.05813467502593994,-0.03627404814535111,15174.478993225097,0.0003,-3.800077494978905,0.8852846026420593,0.30000000782310965,0.011342024,0.2,1540,8042.0302734375
6200,,,7493,0,3.76,232.13698983000003,155,,,,,,,,,,,
6240,5.0,420.08848571777344,,,,,,0.29063230752944946,-0.010950902730874068,7621.962211990356,0.0003,-3.797695428133011,0.8839887380599976,0.2600000059232116,0.042621825,0.2,1550,2208.63671875
6240,,,7520,0,3.67,225.57590513000002,156,,,,,,,,,,,
6280,5.0,348.46921730041504,,,,,,0.24707090854644775,0.038009482862617,11850.423736572266,0.0003,-3.797272589802742,0.8843868970870972,0.4800000086426735,0.014734732,0.2,1560,1716.8780517578125
6280,,,7541,0,3.64,227.72225726,157,,,,,,,,,,,
6320,5.0,403.7964859008789,,,,,,0.15643280744552612,-0.02754391868940729,13676.758432006836,0.0003,-3.7961667865514754,0.8841134905815125,0.12500000260770322,0.016043598,0.2,1570,2471.304931640625
6320,,,7559,0,3.74,237.33435636,158,,,,,,,,,,,
6360,5.0,500.31341552734375,,,,,,0.31294000148773193,-0.035522048217608224,8892.612422180177,0.0003,-3.791582080721855,0.8806676268577576,0.3975000087171793,0.06454854,0.2,1580,5296.0302734375
6360,,,7614,0,3.8,242.97857919999998,159,,,,,,,,,,,
6400,5.0,410.5081253051758,,,,,,0.28200602531433105,-0.0007914360476388715,7577.540769958496,0.0003,-3.7791038304567337,0.8764599561691284,0.16500000301748513,0.013427211,0.2,1590,1630.9437255859375
6400,,,7635,0,3.96,259.05013856,160,,,,,,,,,,,
6440,5.0,229.39541244506836,,,,,,0.2906039357185364,-0.01313825387504039,8175.014422607422,0.0003,-3.77215781211853,0.8760719299316406,0.43500001039355995,0.024576299,0.2,1600,2872.62939453125
6440,,,7682,0,3.99,262.51325683999994,161,,,,,,,,,,,
6480,5.0,346.96678924560547,,,,,,-0.12545466423034668,-0.02684640436928105,17418.785305786132,0.0003,-3.7726167261600496,0.8767914772033691,0.13250000234693288,0.017871037,0.2,1610,12049.3173828125
6480,,,7703,0,4.04,265.90992639999996,162,,,,,,,,,,,
6520,5.0,409.15047454833984,,,,,,0.16718518733978271,-0.03914294542293646,10288.953696441651,0.0003,-3.773070767521858,0.8769135475158691,0.43250000979751346,0.018897805,0.2,1620,3799.97900390625
6520,,,7766,0,4.05,265.23807998,163,,,,,,,,,,,
6560,5.0,407.83717346191406,,,,,,0.3811849355697632,-0.025640764011332064,8054.200035095215,0.0003,-3.766636314988136,0.8720061182975769,0.24000000525265933,0.017991805,0.2,1630,492.4879455566406
6560,,,7785,0,4.01,261.33574368999996,164,,,,,,,,,,,
6600,5.0,450.0431900024414,,,,,,-0.12539827823638916,-0.001158727473666632,17659.856991577148,0.0003,-3.75605326294899,0.8715661764144897,0.18250000439584255,0.006006253,0.2,1640,11672.396484375
6600,,,7806,0,4.03,264.08790367999995,165,,,,,,,,,,,
6640,2.0,67.30399322509766,,,,,,0.1656133532524109,0.01579347710896397,9328.925825500488,0.0003,-3.7423915028572083,0.8645281791687012,0.5275000106543303,0.025609545,0.2,1650,11548.205078125
6640,,,7822,0,4.15,274.12351848000003,166,,,,,,,,,,,
6680,5.0,296.7586097717285,,,,,,0.4283292293548584,-0.005793625427540983,7026.961276245117,0.0003,-3.7242094963788985,0.8616074323654175,0.26500000562518833,0.011164675,0.2,1660,1923.6778564453125
6680,,,7840,0,4.13,271.99529270000005,167,,,,,,,,,,,
6720,5.0,428.6662826538086,,,,,,-0.03662693500518799,-0.011781017708658493,19163.838897705078,0.0003,-3.713774761557579,0.8590794801712036,0.08000000137835742,0.0071500973,0.2,1670,3135.10888671875
6720,,,7858,0,4.13,269.89827389000004,168,,,,,,,,,,,
6760,5.0,421.33341217041016,,,,,,0.44746559858322144,-0.024192469680238027,7229.392085266113,0.0003,-3.705778533220291,0.8571259379386902,0.31500000786036253,0.017994575,0.2,1680,3830.808837890625
6760,,,7896,0,4.14,274.71345706,169,,,,,,,,,,,
6800,5.0,413.6228485107422,,,,,,0.2806156873703003,-0.01431016300302872,11946.002366638184,0.0003,-3.7046949476003648,0.8603248000144958,0.3175000077113509,0.009234011,0.2,1690,3778.8828125
6800,,,7913,0,4.16,276.02920221999995,170,,,,,,,,,,,
6840,5.0,372.6543655395508,,,,,,0.3316326141357422,-0.03207457460433942,9833.42846069336,0.0003,-3.709601718187332,0.8608831167221069,0.2000000037252903,0.018613862,0.2,1700,7852.99169921875
6840,,,7928,0,4.23,281.38000568,171,,,,,,,,,,,
6880,5.0,340.9411964416504,,,,,,0.5109824240207672,0.01438714375199197,6266.478537750244,0.0003,-3.7016345411539078,0.8576812744140625,0.2675000064074993,0.027337022,0.2,1710,2724.78857421875
6880,,,7987,0,4.35,296.38356165000005,172,,,,,,,,,,,
6920,5.0,245.27385711669922,,,,,,0.6544865071773529,-0.02030229362714635,4835.805941772461,0.0003,-3.692077946662903,0.8572806715965271,0.13000000230967998,0.015403362,0.2,1720,1590.6539306640625
6920,,,8015,0,4.34,297.06205489999996,173,,,,,,,,,,,
6960,5.0,334.1305503845215,,,,,,-0.03135514259338379,-0.025920470994969948,17392.440625,0.0003,-3.6864406913518906,0.8559873104095459,0.30250000711530445,0.028625134,0.2,1730,13357.568359375
6960,,,8032,0,4.34,299.41503454,174,,,,,,,,,,,
7000,5.0,435.3786849975586,,,,,,0.3264586925506592,-0.01881566655720235,9758.564234924317,0.0003,-3.680302080512047,0.8535730838775635,0.24750000592321159,0.028056873,0.2,1740,3942.68212890625
7000,,,8048,0,4.43,308.98277234,175,,,,,,,,,,,
7040,5.0,322.4494094848633,,,,,,0.03747659921646118,-0.012190908065385874,14526.005067443848,0.0003,-3.6791445523500443,0.8556747436523438,0.1650000035762787,0.013942311,0.2,1750,12438.607421875
7040,,,8068,0,4.45,310.07718989,176,,,,,,,,,,,
7080,4.0,195.63451385498047,,,,,,0.07686758041381836,-0.00958207473842776,12578.352229309083,0.0003,-3.6803731650114058,0.8549155592918396,0.1575000025331974,0.016265374,0.2,1760,1381.1690673828125
7080,,,8085,0,4.4,306.73631789,177,,,,,,,,,,,
7120,5.0,410.4172554016113,,,,,,0.30735552310943604,-0.018164980507572183,9212.386764526367,0.0003,-3.6801450192928313,0.8567175269126892,0.20500000417232514,0.027937427,0.2,1770,3781.0791015625
7120,,,8103,0,4.53,319.52620417,178,,,,,,,,,,,
7160,5.0,215.881103515625,,,,,,0.30322831869125366,0.05637496046765591,8864.644830322266,0.0003,-3.6799344033002854,0.8538529872894287,0.4450000083073974,0.7835527,0.2,1780,3489.341552734375
7160,,,8121,0,4.43,305.5111977,179,,,,,,,,,,,
7200,5.0,274.75628662109375,,,,,,0.3605426549911499,-0.030479221587156647,13820.542837524414,0.0003,-3.6745749682188036,0.8536422252655029,0.17750000357627868,0.027893776,0.2,1790,4279.66259765625
7200,,,8139,0,4.51,305.91597273,180,,,,,,,,,,,
7240,4.0,227.0048828125,,,,,,0.5567137002944946,-0.04678725435922389,4297.6174591064455,0.0003,-3.6671972304582594,0.8486061096191406,0.4275000087916851,0.07454148,0.2,1800,439.97149658203125
7240,,,8158,0,4.48,300.91835835000006,181,,,,,,,,,,,
7280,5.0,197.71173477172852,,,,,,0.35500162839889526,-0.00542410704998475,7577.994860839844,0.0003,-3.6530867606401443,0.846086859703064,0.14750000275671482,0.012175629,0.2,1810,4627.18212890625
7280,,,8178,0,4.49,296.7187061,182,,,,,,,,,,,
7320,5.0,239.1538543701172,,,,,,0.526499480009079,0.030988609081323393,4844.559801864624,0.0003,-3.6529953122138976,0.8479700088500977,0.6475000059232116,0.021056412,0.2,1820,3726.502685546875
7320,,,8196,0,4.34,279.41522647000005,183,,,,,,,,,,,
7360,3.0,69.53095626831055,,,,,,0.22091466188430786,-0.009751915805063627,12073.075061035157,0.0003,-3.6479114055633546,0.8445366621017456,0.15500000342726708,0.0106835235,0.2,1830,1902.5418701171875
7360,,,8213,0,4.38,279.46543562,184,,,,,,,,,,,
7400,5.0,299.0433769226074,,,,,,0.42824894189834595,-0.014309558637323794,5383.60407409668,0.0003,-3.638416513800621,0.8471273183822632,0.34000000823289156,0.017464625,0.2,1840,2885.064453125
7400,,,8230,0,4.41,276.10931174,185,,,,,,,,,,,
7440,5.0,245.30521392822266,,,,,,0.5247704386711121,-0.0249429416780913,5122.483517456055,0.0003,-3.6412832707166674,0.846852719783783,0.3325000064447522,0.04980595,0.2,1850,3302.8173828125
7440,,,8245,0,4.44,281.21502003,186,,,,,,,,,,,
7480,5.0,423.4452438354492,,,,,,0.45572924613952637,-0.007584152467825333,8656.714303588868,0.0003,-3.637140193581581,0.8442134261131287,0.3000000067055225,0.038223777,0.2,1860,3792.4775390625
7480,,,8261,0,4.47,283.90010362000004,187,,,,,,,,,,,
7520,5.0,316.5587577819824,,,,,,0.30768686532974243,-0.012540611379808997,8203.730442810058,0.0003,-3.628814271092415,0.8435313701629639,0.25500000547617674,0.022704192,0.2,1870,557.7289428710938
7520,,,8282,0,4.43,278.41533202999995,188,,,,,,,,,,,
7560,5.0,249.8692169189453,,,,,,0.119357168674469,0.039413353358395395,14779.498501586913,0.0003,-3.6328086733818052,0.8467426300048828,0.5625000104308129,0.0391744,0.2,1880,6525.08544921875
7560,,,8299,0,4.47,280.96831898000005,189,,,,,,,,,,,
7600,5.0,370.07969665527344,,,,,,0.43451905250549316,-0.03164551420719364,6719.528837585449,0.0003,-3.633181059360504,0.8461233973503113,0.34500000830739735,0.018135982,0.2,1890,1884.1485595703125
7600,,,8316,0,4.55,295.48776061,190,,,,,,,,,,,
7640,5.0,439.70399475097656,,,,,,0.5491802096366882,-0.01178177972597041,6715.6427001953125,0.0003,-3.631316375732422,0.8464540243148804,0.22500000502914191,0.046834487,0.2,1900,1702.4766845703125
7640,,,8337,0,4.57,303.49358635000004,191,,,,,,,,,,,
7680,5.0,435.06763076782227,,,,,,0.5557958781719208,-0.021399256012664413,7019.000351715088,0.0003,-3.6293967187404634,0.8458332419395447,0.20000000428408385,0.010629877,0.2,1910,7967.00244140625
7680,,,8353,0,4.58,309.53267199000004,192,,,,,,,,,,,
7720,5.0,377.2482452392578,,,,,,0.42764848470687866,0.004216776560315339,7870.542012023926,0.0003,-3.622194144129753,0.8433837890625,0.09250000175088643,0.003306699,0.2,1920,1584.051025390625
7720,,,8368,0,4.56,315.55866010000005,193,,,,,,,,,,,
7760,5.0,411.99163818359375,,,,,,0.32117700576782227,0.0010579969759783037,10229.466409301758,0.0003,-3.6119992256164553,0.8410792350769043,0.18500000350177287,0.015003333,0.2,1930,2144.6943359375
7760,,,8425,0,4.65,326.05238854000004,194,,,,,,,,,,,
7800,5.0,198.772855758667,,,,,,0.46975094079971313,0.0028465927421348347,5684.05283241272,0.0003,-3.6040266185998915,0.8390325903892517,0.4375000100582838,0.026251176,0.2,1940,3837.632568359375
7800,,,8485,0,4.71,336.24723252,195,,,,,,,,,,,
7840,5.0,326.540340423584,,,,,,0.3652907609939575,0.01028344468766591,8240.600259399414,0.0003,-3.597769868373871,0.8387895822525024,0.37250000759959223,0.09367256,0.2,1950,4386.5576171875
7840,,,8502,0,4.74,344.03106696,196,,,,,,,,,,,
7880,5.0,369.4403953552246,,,,,,0.5999594926834106,-0.015441635714050795,4563.5300239562985,0.0003,-3.5965347051620484,0.8383786678314209,0.4075000101700425,0.017252117,0.2,1960,2005.6519775390625
7880,,,8517,0,4.74,349.09619391,197,,,,,,,,,,,
7920,5.0,406.7760887145996,,,,,,0.4880412817001343,0.05770827068816289,7436.985256958008,0.0003,-3.6029017895460127,0.8410491943359375,0.41500000916421415,0.07469325,0.2,1970,2401.392578125
7920,,,8534,0,4.73,348.3556759599999,198,,,,,,,,,,,
7960,5.0,451.5923767089844,,,,,,0.45741069316864014,-0.03304973877355222,7794.950076293945,0.0003,-3.6058232605457308,0.8404530882835388,0.342500008456409,0.026621267,0.2,1980,3100.160888671875
7960,,,8574,0,4.73,348.77000611000005,199,,,,,,,,,,,
8000,1.0,-5.0,,,,,,0.1577296257019043,-0.002931915896460846,13187.914605712891,0.0003,-3.5976279973983765,0.8376039862632751,0.20000000428408385,0.049243588,0.2,1990,6046.81298828125
8000,,,8637,0,4.59,333.08375357,200,,,,,,,,,,,
