time/fps,rollout/ep_rew_mean,time/iterations,rollout/ep_len_mean,time/total_timesteps,time/time_elapsed,train/policy_gradient_loss,train/value_loss,train/explained_variance,train/clip_range,train/std,train/learning_rate,train/approx_kl,train/loss,train/n_updates,train/entropy_loss,train/clip_fraction,eval/mean_ep_length,eval/mean_reward
1,-4.2752885,1,2.0,10,5,,,,,,,,,,,,,
0,-6.778790666666667,2,2.2222222222222223,20,58,-0.0016906858189074114,54.25186347961426,-0.019290804862976074,0.2,0.9781181812286377,0.0003,3.9744376e-05,35.73430252075195,1,-4.191150426864624,0.0,,
0,-6.8047894375,3,1.875,30,65,0.00013802051835654083,86.47412872314453,0.0849258303642273,0.2,0.9779301881790161,0.0003,0.0002106607,37.324180603027344,2,-4.189843416213989,0.0,,
,,,,40,,-0.0015233397251002145,71.1183967590332,0.015542685985565186,0.2,0.9779304265975952,0.0003,7.3808435e-05,41.652915954589844,3,-4.1895952224731445,0.0,1.0,-5.0
0,-5.92665285,4,2.0,40,73,,,,,,,,,,,,,
0,-5.353853679999999,5,2.0,50,79,-0.002092385431751609,110.56019401550293,-0.03324401378631592,0.2,0.97786545753479,0.0003,8.2576276e-05,20.740663528442383,4,-4.189536094665527,0.0,,
0,-3.484277517241379,6,2.0344827586206895,60,94,-0.006692755222320379,77.56656074523926,-0.049597859382629395,0.2,0.9777965545654297,0.0003,8.559823e-05,28.932958602905273,5,-4.189276695251465,0.0,,
0,-2.583477314285714,7,2.0,70,100,-0.0008238971233360814,516.7944183349609,-0.006265997886657715,0.2,0.9777461886405945,0.0003,0.00026239158,297.51422119140625,6,-4.189111709594727,0.0,,
,,,,80,,-0.0008373975870199502,120.26778793334961,0.002221524715423584,0.2,0.9777731895446777,0.0003,0.0001872778,72.70905303955078,7,-4.189010143280029,0.0,4.0,-7.41771399974823
0,-2.4117143157894736,8,2.026315789473684,80,115,,,,,,,,,,,,,
0,-1.9959464285714283,9,2.142857142857143,90,119,0.0001920789538409906,66.91573905944824,0.002900063991546631,0.2,0.9778138399124146,0.0003,5.272627e-05,25.989559173583984,8,-4.189102649688721,0.0,,
0,-2.0240885454545454,10,2.2045454545454546,100,122,-0.003644430590793668,96.36348533630371,0.012923955917358398,0.2,0.9778894186019897,0.0003,2.372861e-05,66.03246307373047,9,-4.189228057861328,0.0,,
0,-1.8741573673469387,11,2.204081632653061,110,127,-0.0048535652458667755,55.16822624206543,-0.0032842159271240234,0.2,0.9779354333877563,0.0003,0.00015112758,23.87800407409668,10,-4.189445495605469,0.0,,
,,,,120,,-0.0013717681868001819,27.872519493103027,0.03792738914489746,0.2,0.9779531359672546,0.0003,3.7497284e-05,16.54593849182129,11,-4.1895482540130615,0.0,4.0,88.79337882995605
0,-1.5221953018867924,12,2.207547169811321,120,167,,,,,,,,,,,,,
0,1.8324913928571431,13,2.3214285714285716,130,171,-0.0030434966087327098,1306.5361938476562,0.005140364170074463,0.2,0.9779790639877319,0.0003,3.2293796e-05,893.5879516601562,12,-4.189603567123413,0.0,,
0,1.7980850500000003,14,2.3333333333333335,140,175,-0.0002861499786375177,642.8936614990234,-0.009070515632629395,0.2,0.9780244827270508,0.0003,4.205704e-05,153.7687530517578,13,-4.189693450927734,0.0,,
0,1.6054495937500002,15,2.34375,150,179,-0.00384323005564724,41.6669864654541,0.010262012481689453,0.2,0.9780652523040771,0.0003,3.324151e-05,23.174402236938477,14,-4.1898298263549805,0.0,,
,,,,160,,-0.0028481482993809593,59.728219985961914,-0.006880044937133789,0.2,0.9780640602111816,0.0003,9.124279e-05,36.457298278808594,15,-4.189911365509033,0.0,5.0,31.374241828918457
0,1.9075627121212122,16,2.378787878787879,160,240,,,,,,,,,,,,,
0,2.2560420857142858,17,2.4285714285714284,170,294,0.0023550869431350208,101.09315490722656,-0.041448354721069336,0.2,0.9780518412590027,0.0003,3.6013127e-05,48.16476058959961,16,-4.189888954162598,0.0,,
0,3.433241648648649,18,2.418918918918919,180,298,-0.00033917427645047127,136.498046875,-0.004873514175415039,0.2,0.9780453443527222,0.0003,3.0261279e-05,43.34239196777344,17,-4.189858436584473,0.0,,
0,11.898387205128206,19,2.423076923076923,190,321,0.0008927583810871553,2497.1340942382812,-0.0020748376846313477,0.2,0.9780334234237671,0.0003,3.3777953e-05,818.217529296875,18,-4.1898193359375,0.0,,
,,,,200,,0.0012994110584259033,129317.578125,-0.000141143798828125,0.2,0.9780270457267761,0.0003,6.0379507e-06,38069.94140625,19,-4.189786672592163,0.0,4.0,30.369714736938477
0,11.599354060975609,20,2.4390243902439024,200,331,,,,,,,,,,,,,
0,11.881959799999999,21,2.447058823529412,210,335,0.002832931419834317,69.10222244262695,0.006085693836212158,0.2,0.9779948592185974,0.0003,3.9958955e-05,30.488245010375977,20,-4.189754247665405,0.0,,
0,11.1749894494382,22,2.460674157303371,220,338,-0.0006281793233924304,594.9985198974609,-0.010553479194641113,0.2,0.9779659509658813,0.0003,6.943941e-06,198.70176696777344,21,-4.1896326541900635,0.0,,
0,11.350299064516127,23,2.4623655913978495,230,447,0.0012927710777148604,105.5263671875,0.0027146339416503906,0.2,0.9779409766197205,0.0003,3.731251e-06,61.37521743774414,22,-4.1895551681518555,0.0,,
,,,,240,,-0.0011551261181015349,858.4011840820312,-0.0034074783325195312,0.2,0.9779180288314819,0.0003,1.0550022e-05,384.1082458496094,23,-4.18947172164917,0.0,5.0,18.733186423778534
0,11.8758380625,24,2.4895833333333335,240,458,,,,,,,,,,,,,
0,11.304274569999997,25,2.48,250,463,-0.000828045594971627,2101.1449584960938,-0.0003116130828857422,0.2,0.9778990745544434,0.0003,1.0484458e-05,886.294677734375,24,-4.18939995765686,0.0,,
0,11.59733549,26,2.52,260,466,-0.0018454313976690173,48.223148345947266,-0.019843101501464844,0.2,0.9778969287872314,0.0003,1.642108e-05,25.765663146972656,25,-4.189351320266724,0.0,,
0,11.706569490000001,27,2.54,270,469,-0.002847826573997736,63.94118690490723,-0.007291197776794434,0.2,0.977803111076355,0.0003,1.7535687e-05,47.712432861328125,26,-4.189273357391357,0.0,,
,,,,280,,0.002410209272056818,144.7658348083496,0.026952624320983887,0.2,0.9777180552482605,0.0003,3.9285424e-05,61.49050521850586,27,-4.1889777183532715,0.0,4.0,43.08255100250244
0,12.28297628,28,2.58,280,479,,,,,,,,,,,,,
0,13.115543060000002,29,2.61,290,483,-0.0010003686649726617,115.32453155517578,-0.007544398307800293,0.2,0.977705717086792,0.0003,1.695156e-05,76.34303283691406,28,-4.188765525817871,0.0,,
0,13.237196260000001,30,2.64,300,604,-0.0023665428161621094,322.3365936279297,0.004674732685089111,0.2,0.9776809215545654,0.0003,3.3295157e-05,235.8404083251953,29,-4.188713312149048,0.0,,
0,13.430348270000003,31,2.6,310,610,-0.0006185770267621571,81.40095138549805,-0.015624284744262695,0.2,0.9776052236557007,0.0003,1.5991927e-05,23.12360954284668,30,-4.188618421554565,0.0,,
,,,,320,,-0.004882127139717252,50.72639274597168,-0.01441037654876709,0.2,0.977486789226532,0.0003,0.00013611317,30.504640579223633,31,-4.188310384750366,0.0,4.0,-7.118507385253906
0,12.849614270000004,32,2.62,320,622,,,,,,,,,,,,,
0,13.465370940000005,33,2.66,330,625,-0.004211172368377092,120.8086051940918,-0.0030303001403808594,0.2,0.9773675799369812,0.0003,7.364154e-05,67.15923309326172,32,-4.187927961349487,0.0,,
0,13.654466130000003,34,2.72,340,627,-0.0008585274452341807,511.8179168701172,0.0021507740020751953,0.2,0.9772700071334839,0.0003,2.771616e-05,203.86407470703125,33,-4.187573432922363,0.0,,
0,13.67245151,35,2.78,350,631,0.0008806109777665938,91.00016021728516,-0.08020246028900146,0.2,0.9771756529808044,0.0003,2.425909e-06,35.21406173706055,34,-4.18726921081543,0.0,,
,,,,360,,0.0011275410652160645,100.50292778015137,-0.011913061141967773,0.2,0.9770805835723877,0.0003,1.0472536e-05,26.530839920043945,35,-4.1869730949401855,0.0,5.0,-14.228189468383789
0,13.596073130000002,36,2.83,360,640,,,,,,,,,,,,,
0,13.427372500000004,37,2.81,370,728,0.0011234164936464452,86.62323379516602,0.02970510721206665,0.2,0.9769866466522217,0.0003,7.05719e-06,41.49386978149414,36,-4.186672925949097,0.0,,
0,13.008900270000002,38,2.73,380,734,0.0006906271213664716,111.57995223999023,0.012973964214324951,0.2,0.9769126176834106,0.0003,3.1471252e-06,72.5213394165039,37,-4.1863977909088135,0.0,,
0,13.42269706,39,2.74,390,738,4.650950577200774e-05,60.29322814941406,0.0028039216995239258,0.2,0.9768465757369995,0.0003,6.8426134e-06,27.75197410583496,38,-4.186167240142822,0.0,,
,,,,400,,-0.0007301926845686424,287.6038360595703,-0.0033725500106811523,0.2,0.976791262626648,0.0003,1.0764599e-05,231.2821807861328,39,-4.185969352722168,0.0,2.0,3.895646095275879
0,11.989637280000002,40,2.69,400,746,,,,,,,,,,,,,
0,11.636276800000001,41,2.69,410,752,-0.002301700366661663,208.50425148010254,-0.0071544647216796875,0.2,0.9766710996627808,0.0003,1.6880036e-05,190.75953674316406,40,-4.185739994049072,0.0,,
0,11.77861901,42,2.74,420,754,-0.00042389035224932314,115.72808837890625,0.02739131450653076,0.2,0.9765612483024597,0.0003,2.1618605e-05,61.72876739501953,41,-4.185372352600098,0.0,,
0,12.038446880000002,43,2.77,430,758,0.0012885571224616754,258.53765869140625,-0.020734310150146484,0.2,0.9765371084213257,0.0003,2.821088e-05,104.88014221191406,42,-4.185112953186035,0.0,,
,,,,440,,-0.0005114853614940351,104.62501907348633,0.035497188568115234,0.2,0.9765097498893738,0.0003,2.488494e-05,56.32537078857422,43,-4.185016393661499,0.0,1.0,-5.0
0,11.592781870000001,44,2.71,440,765,,,,,,,,,,,,,
0,10.34026746,45,2.69,450,770,-0.0009252786636353427,91.64329528808594,0.004777073860168457,0.2,0.9765107035636902,0.0003,8.660555e-06,67.3077621459961,44,-4.184942960739136,0.0,,
0,3.5174679099999993,46,2.7,460,844,0.0026776911225141475,72.2890796661377,0.03855776786804199,0.2,0.9764701724052429,0.0003,1.3524294e-05,31.061460494995117,45,-4.184943199157715,0.0,,
0,3.2586484599999994,47,2.75,470,848,0.003157317684963523,82.02416610717773,-0.04436826705932617,0.2,0.9764169454574585,0.0003,2.0349025e-05,53.392398834228516,46,-4.184783458709717,0.0,,
,,,,480,,-0.0008760273572985255,125.5436897277832,0.027236521244049072,0.2,0.9763619303703308,0.0003,2.7477743e-06,59.08301544189453,47,-4.1846091747283936,0.0,5.0,-2.1510868072509766
0,3.0505432999999993,48,2.74,480,858,,,,,,,,,,,,,
0,3.1626590899999996,49,2.76,490,917,0.0010244965320449495,36.384870529174805,0.00468367338180542,0.2,0.9763316512107849,0.0003,2.1064281e-05,26.386314392089844,48,-4.184442758560181,0.0,,
0,4.3246191199999995,50,2.79,500,921,-0.000348508369640399,973.9220886230469,-0.0030633211135864258,0.2,0.9763251543045044,0.0003,1.7547607e-05,393.26483154296875,49,-4.184369802474976,0.0,,
0,3.7819745999999994,51,2.79,510,923,-0.002011579228565097,715.5246047973633,0.0025234222412109375,0.2,0.976321816444397,0.0003,6.175041e-06,72.38319396972656,50,-4.184342384338379,0.0,,
,,,,520,,0.000991502427496016,312.9928894042969,-0.006242871284484863,0.2,0.976318359375,0.0003,3.2776596e-05,86.08317565917969,51,-4.184325218200684,0.0,2.0,-5.654352009296417
0,3.28156028,52,2.75,520,931,,,,,,,,,,,,,
0,3.943632509999999,53,2.82,530,968,-0.001078581879847107,44.816749572753906,0.04696476459503174,0.2,0.9763170480728149,0.0003,1.13248825e-05,24.777908325195312,52,-4.184309244155884,0.0,,
0,3.5975931500000002,54,2.82,540,1020,0.0005532324314110326,637.1821899414062,0.0028802156448364258,0.2,0.9763336181640625,0.0003,3.5226346e-06,150.49501037597656,53,-4.1843016147613525,0.0,,
0,3.45003312,55,2.8,550,1216,9.651780565045343e-05,77.39937210083008,0.04527115821838379,0.2,0.9763741493225098,0.0003,1.5497208e-07,41.15557861328125,54,-4.184390306472778,0.0,,
,,,,560,,0.00016570091247558594,119.32833480834961,0.022337496280670166,0.2,0.9763991832733154,0.0003,5.185604e-07,46.61541748046875,55,-4.184486150741577,0.0,2.0,4.889919281005859
0,2.87710872,56,2.8,560,1223,,,,,,,,,,,,,
0,2.3828728599999995,57,2.8,570,1227,-0.0010366678936408746,137.60813522338867,-0.0001767873764038086,0.2,0.9764232635498047,0.0003,7.0869924e-06,90.6803970336914,56,-4.184571027755737,0.0,,
0,2.5326246299999995,58,2.81,580,1231,0.0019580006599433375,211.47313499450684,0.013907968997955322,0.2,0.9764053821563721,0.0003,1.9079447e-05,186.1544647216797,57,-4.184606313705444,0.0,,
0,2.951994129999999,59,2.83,590,1235,-0.0015247106784954667,74.9066219329834,0.006040692329406738,0.2,0.9764618873596191,0.0003,2.0086765e-05,52.74879455566406,58,-4.184597492218018,0.0,,
,,,,600,,0.0010326743591573262,480.86993408203125,-0.009258270263671875,0.2,0.9765046834945679,0.0003,1.3011694e-05,131.34117126464844,59,-4.184770107269287,0.0,4.0,-3.1529507637023926
0,3.4338211499999995,60,2.88,600,1454,,,,,,,,,,,,,
0,3.4737711399999993,61,2.91,610,1458,0.00019079447083658607,51.00846290588379,0.02591639757156372,0.2,0.9764940738677979,0.0003,1.8239021e-05,18.867658615112305,60,-4.184874773025513,0.0,,
0,2.54934126,62,2.81,620,1461,0.00014671981625724584,36.833797454833984,-0.006589293479919434,0.2,0.9764961004257202,0.0003,3.516674e-07,18.109678268432617,61,-4.184852838516235,0.0,,
0,3.3440171699999994,63,2.79,630,1465,-0.0008255064720286143,456.70208740234375,0.0039463043212890625,0.2,0.9764348864555359,0.0003,4.196167e-06,131.235107421875,62,-4.18484091758728,0.0,,
,,,,640,,-0.00039944350719456345,354.82591247558594,-0.0009322166442871094,0.2,0.9763452410697937,0.0003,2.2375583e-05,197.9231414794922,63,-4.184592962265015,0.0,2.0,-7.896120548248291
0,4.91680528,64,2.75,640,1514,,,,,,,,,,,,,
0,5.05164033,65,2.79,650,1517,2.6267767316401347e-05,2293.0025634765625,-0.01214146614074707,0.2,0.9762775301933289,0.0003,8.428097e-06,1068.7933349609375,64,-4.1843342781066895,0.0,,
0,5.5310341,66,2.85,660,1520,-0.002381265163421631,105.34479904174805,0.007346749305725098,0.2,0.9762975573539734,0.0003,1.1986494e-05,29.11894416809082,65,-4.184183597564697,0.0,,
0,6.7802759,67,2.89,670,1523,-0.0010575056541712868,208.8492431640625,-0.02914583683013916,0.2,0.9762856960296631,0.0003,2.0283462e-05,124.26202392578125,66,-4.184221982955933,0.0,,
,,,,680,,0.0007048547617158896,2063.6005249023438,0.0021200180053710938,0.2,0.9762679934501648,0.0003,3.1751395e-05,1504.285888671875,67,-4.18416690826416,0.0,5.0,-6.27943229675293
0,5.716658079999999,68,2.84,680,1533,,,,,,,,,,,,,
0,6.15703487,69,2.9,690,1538,-0.000445735460379737,68.56148338317871,0.02347022294998169,0.2,0.9762381911277771,0.0003,1.6868114e-05,42.33013916015625,68,-4.184093952178955,0.0,,
0,6.7796649900000014,70,2.91,700,1542,-0.00014234185509831576,58.175392150878906,0.0222814679145813,0.2,0.9761910438537598,0.0003,8.779764e-06,27.632028579711914,69,-4.184000730514526,0.0,,
0,6.4346114,71,2.76,710,1547,-0.0015585244400426745,343.9806098937988,0.0027976632118225098,0.2,0.976119875907898,0.0003,4.1115283e-05,42.99644470214844,70,-4.18381404876709,0.0,,
,,,,720,,0.0017542183399199551,322.1880569458008,-0.026182174682617188,0.2,0.9760955572128296,0.0003,7.2181225e-05,86.75980377197266,71,-4.183611869812012,0.0,3.0,15.823118209838867
0,6.27525728,72,2.78,720,1557,,,,,,,,,,,,,
0,6.3270420000000005,73,2.69,730,1692,-0.0004658639372792095,83.06375122070312,0.028045594692230225,0.2,0.976066529750824,0.0003,8.684993e-05,53.22383117675781,72,-4.183518886566162,0.0,,
0,7.231652069999999,74,2.68,740,1696,0.003570258617401123,44.42653846740723,-0.008086085319519043,0.2,0.976030707359314,0.0003,3.834963e-05,25.78500747680664,73,-4.183408975601196,0.0,,
0,7.43534802,75,2.66,750,1714,-0.0006154179573059082,1177.5703430175781,0.0010543465614318848,0.2,0.9759923815727234,0.0003,1.4656783e-05,864.714111328125,74,-4.183287620544434,0.0,,
,,,,760,,-0.0006827764329493391,357.1766052246094,0.005532205104827881,0.2,0.9759606122970581,0.0003,3.552437e-06,177.02645874023438,75,-4.183168649673462,0.0,5.0,-14.353774785995483
0,6.92477367,76,2.64,760,1723,,,,,,,,,,,,,
0,6.999779020000001,77,2.63,770,1727,0.0007339001051152039,1048.1161193847656,0.00875622034072876,0.2,0.975930392742157,0.0003,4.762411e-06,493.8334045410156,76,-4.183064937591553,0.0,,
0,6.877322359999999,78,2.62,780,1762,0.0014330983394756913,487.5244903564453,-0.004147768020629883,0.2,0.9758870601654053,0.0003,3.6358833e-06,409.36785888671875,77,-4.182958602905273,0.0,,
0,6.616017260000001,79,2.59,790,1767,-0.00029469729051889715,226.37741088867188,-0.007516384124755859,0.2,0.9758504629135132,0.0003,2.7894973e-06,72.3371353149414,78,-4.182827949523926,0.0,,
,,,,800,,0.0020978331565855157,60.38522148132324,0.006036877632141113,0.2,0.9757957458496094,0.0003,9.351969e-06,30.98162841796875,79,-4.182705879211426,0.0,4.0,-7.566174507141113
0,6.339099690000001,80,2.58,800,1778,,,,,,,,,,,,,
0,6.44389593,81,2.61,810,1782,-0.0007917404407633555,124.1075668334961,-0.027334213256835938,0.2,0.975727915763855,0.0003,8.195639e-06,67.29686737060547,80,-4.182507038116455,0.0,,
0,7.090253760000001,82,2.61,820,1786,0.0008642226574011591,81.95293617248535,-0.09120166301727295,0.2,0.9757043719291687,0.0003,2.3126602e-06,51.64308166503906,81,-4.182331323623657,0.0,,
0,6.766664469999999,83,2.57,830,1791,-0.0010152339935300958,134.21054458618164,0.007259488105773926,0.2,0.9756554961204529,0.0003,3.6597253e-06,37.231685638427734,82,-4.182258129119873,0.0,,
,,,,840,,-0.0002451658365316689,101.25848007202148,0.014980971813201904,0.2,0.9756029844284058,0.0003,2.0551683e-05,39.808162689208984,83,-4.182067632675171,0.0,5.0,13.056953847408295
0,6.8797010599999995,84,2.59,840,1802,,,,,,,,,,,,,
0,7.542146,85,2.64,850,1805,0.003012114902958274,82.32656860351562,0.010237336158752441,0.2,0.9755666255950928,0.0003,3.0469895e-05,48.5389404296875,84,-4.1819422245025635,0.0,,
0,7.818265170000001,86,2.66,860,1809,-0.0006055712816301906,1639.2808532714844,0.011849701404571533,0.2,0.9755061864852905,0.0003,1.9907952e-06,1200.7635498046875,85,-4.181766033172607,0.0,,
0,8.47424827,87,2.67,870,1871,-0.0010161280399181294,132.07030868530273,-0.025092124938964844,0.2,0.9754329919815063,0.0003,3.2365322e-06,56.243370056152344,86,-4.181590795516968,0.0,,
,,,,880,,-0.001968580437823775,954.7753601074219,0.00609588623046875,0.2,0.9753226041793823,0.0003,1.5854836e-05,391.900634765625,87,-4.181289911270142,0.0,5.0,41.01771020889282
0,8.69210092,88,2.69,880,1880,,,,,,,,,,,,,
0,9.17533331,89,2.73,890,1884,-0.002068006992340443,144.76627731323242,0.04531615972518921,0.2,0.9752267599105835,0.0003,6.2167646e-06,56.82639694213867,88,-4.1809399127960205,0.0,,
0,9.374089740000002,90,2.74,900,1911,-0.0037363530602307904,121.36876678466797,0.0043749213218688965,0.2,0.9751119613647461,0.0003,3.863573e-05,71.19005584716797,89,-4.180646896362305,0.0,,
0,7.8590911100000005,91,2.76,910,1915,0.0011800647014750254,555.5788269042969,-0.014964818954467773,0.2,0.9749631881713867,0.0003,1.4549494e-05,227.3340301513672,90,-4.18023157119751,0.0,,
,,,,920,,0.0031559586524965155,68.35512924194336,0.0044214725494384766,0.2,0.9748174548149109,0.0003,5.081296e-05,42.69635772705078,91,-4.179766654968262,0.0,2.0,-4.330959677696228
0,8.48495018,92,2.75,920,1923,,,,,,,,,,,,,
0,8.955365270000001,93,2.75,930,1928,-0.0034986138343811035,187.40808868408203,-0.0038993358612060547,0.2,0.9746882915496826,0.0003,3.361702e-05,99.11768341064453,92,-4.179331302642822,0.0,,
0,7.40479513,94,2.67,940,1933,0.0007610380998812616,1362.8701629638672,0.008522391319274902,0.2,0.9745858907699585,0.0003,1.5997886e-05,1132.7059326171875,93,-4.1789391040802,0.0,,
0,7.4435122200000015,95,2.67,950,1985,0.0005781889194622636,84.42249298095703,-0.003273606300354004,0.2,0.9744965434074402,0.0003,1.3715029e-05,30.51119613647461,94,-4.178631067276001,0.0,,
,,,,960,,-0.00146741874050349,81.61209869384766,0.027956724166870117,0.2,0.9744145274162292,0.0003,1.4382601e-05,40.909149169921875,95,-4.178352117538452,0.0,2.0,1.2692680358886719
0,6.548965199999999,96,2.64,960,1996,,,,,,,,,,,,,
0,6.45082715,97,2.64,970,2028,-0.0013630270957945,69.60849380493164,-0.009479165077209473,0.2,0.9743008613586426,0.0003,5.1021576e-05,32.574825286865234,96,-4.178091764450073,0.0,,
0,6.595257069999999,98,2.68,980,2108,-0.0005115509266033769,136.32296180725098,-0.001893758773803711,0.2,0.9741818308830261,0.0003,2.0337106e-05,104.99403381347656,97,-4.177707672119141,0.0,,
0,7.36497306,99,2.72,990,2153,-0.0007580161443918598,46.872344970703125,0.0036568045616149902,0.2,0.974041223526001,0.0003,3.3140184e-06,24.332223892211914,98,-4.177351474761963,0.0,,
,,,,1000,,0.00046100618201272425,1271.8597412109375,0.0016951560974121094,0.2,0.9738917350769043,0.0003,8.624792e-06,900.1118774414062,99,-4.1768834590911865,0.0,3.0,21.451024055480957
0,7.436557959999999,100,2.76,1000,2265,,,,,,,,,,,,,
0,7.99649033,101,2.8,1010,2268,0.00023361444473124493,85.79145050048828,0.008265376091003418,0.2,0.9737555980682373,0.0003,1.3887883e-06,38.46845245361328,100,-4.176419258117676,0.0,,
0,7.561443359999998,102,2.8,1020,2272,0.0007264852756634355,175.20755767822266,0.04885023832321167,0.2,0.973634660243988,0.0003,7.4744225e-06,65.67411804199219,101,-4.176015615463257,0.0,,
0,6.885779209999999,103,2.76,1030,2470,-0.0015475332504131245,358.0439910888672,-0.018839001655578613,0.2,0.9735326766967773,0.0003,4.309416e-06,184.5200653076172,102,-4.17565393447876,0.0,,
,,,,1040,,-0.0009411215665764416,33.63908386230469,0.020368456840515137,0.2,0.9734323024749756,0.0003,4.9233436e-06,17.315149307250977,103,-4.175338983535767,0.0,1.0,-5.0
0,5.89837898,104,2.69,1040,2664,,,,,,,,,,,,,
0,5.130705210000001,105,2.67,1050,2668,-0.0010915636783463967,51.810150146484375,-0.007706880569458008,0.2,0.9733239412307739,0.0003,1.013875e-05,31.404029846191406,104,-4.175021409988403,0.0,,
0,5.6126995,106,2.69,1060,2670,-0.00036306084948733996,87.05333709716797,-0.01477038860321045,0.2,0.9732112884521484,0.0003,1.937151e-06,49.89560317993164,105,-4.174675703048706,0.0,,
0,6.119040920000001,107,2.66,1070,2712,-0.0036487938370557416,463.20506286621094,-0.0003644227981567383,0.2,0.9731507301330566,0.0003,4.144907e-05,390.46563720703125,106,-4.174370288848877,0.0,,
,,,,1080,,-0.002446913672611295,93.82699584960938,0.012739777565002441,0.2,0.9730581641197205,0.0003,2.5421381e-05,62.7891845703125,107,-4.174146890640259,0.0,4.0,-1.0758256912231445
0,6.2590458400000015,108,2.64,1080,2724,,,,,,,,,,,,,
0,5.987194099999999,109,2.65,1090,2728,0.0013409078354023052,174.55944061279297,-0.0011892318725585938,0.2,0.9729635119438171,0.0003,1.4853477e-05,110.91151428222656,108,-4.1738691329956055,0.0,,
0,6.369993430000001,110,2.7,1100,2732,-0.003367948578670621,187.1424446105957,-0.01541900634765625,0.2,0.9728297591209412,0.0003,1.6713142e-05,123.62491607666016,109,-4.1735451221466064,0.0,,
0,6.472385659999999,111,2.67,1110,2735,-0.0010701715713352655,80.05900001525879,-0.022158145904541016,0.2,0.9727358818054199,0.0003,2.0688773e-05,53.65923309326172,110,-4.173149347305298,0.0,,
,,,,1120,,0.003064542962238015,383.51918029785156,-0.00017547607421875,0.2,0.9726629257202148,0.0003,0.0001431346,300.1875305175781,111,-4.172878980636597,0.0,5.0,100.14329862594604
0,6.15357812,112,2.64,1120,2744,,,,,,,,,,,,,
0,6.179128389999999,113,2.66,1130,2842,-0.0036025762557985175,1439.1216735839844,-0.003328680992126465,0.2,0.9725860953330994,0.0003,2.720952e-05,1172.2919921875,112,-4.172639608383179,0.0,,
0,5.1988977499999995,114,2.59,1140,2846,-0.0013837516540657901,80.1397762298584,0.020669162273406982,0.2,0.9725301265716553,0.0003,4.1192772e-05,31.252906799316406,113,-4.172411203384399,0.0,,
0,4.776945049999999,115,2.59,1150,2849,0.002690148353576838,72.21234893798828,0.00026798248291015625,0.2,0.972463071346283,0.0003,5.900264e-05,40.02425003051758,114,-4.172222137451172,0.0,,
,,,,1160,,0.0022531182039529085,74.8770751953125,0.05041146278381348,0.2,0.9723746180534363,0.0003,0.00011888742,29.848241806030273,115,-4.171983480453491,0.0,5.0,34.77071303129196
0,4.19132609,116,2.62,1160,2859,,,,,,,,,,,,,
0,4.46563104,117,2.57,1170,2863,-6.88910469763826e-05,264.9039840698242,0.006122708320617676,0.2,0.9722999334335327,0.0003,2.501011e-05,115.6095199584961,116,-4.1717188358306885,0.0,,
0,4.724077439999999,118,2.6,1180,2866,0.00257031926885265,187.22306442260742,0.012542307376861572,0.2,0.9721688628196716,0.0003,2.7567148e-05,133.5120086669922,117,-4.171432733535767,0.0,,
0,5.63720552,119,2.65,1190,2869,-0.0035941630136218095,575.4216461181641,0.018124163150787354,0.2,0.9720556139945984,0.0003,2.8568507e-05,213.23944091796875,118,-4.171027898788452,0.0,,
,,,,1200,,0.00029846430989000083,253.27784729003906,-0.009839892387390137,0.2,0.9719825983047485,0.0003,1.1128187e-05,156.23577880859375,119,-4.17069673538208,0.0,5.0,55.06037664413452
0,5.083488630000001,120,2.65,1200,2895,,,,,,,,,,,,,
0,6.724937580000001,121,2.71,1210,2898,7.566213607823613e-05,489.6412887573242,0.02307307720184326,0.2,0.9719126224517822,0.0003,6.9975854e-06,86.84996795654297,120,-4.170477867126465,0.0,,
0,6.429915609999999,122,2.65,1220,2902,0.00038111211615632357,1076.8876342773438,0.013705432415008545,0.2,0.971834659576416,0.0003,4.5180323e-06,484.6596984863281,121,-4.170239448547363,0.0,,
0,6.78965512,123,2.68,1230,2904,0.00039492846117372693,179.80037689208984,0.0035456418991088867,0.2,0.9717522859573364,0.0003,1.4722348e-06,98.90962982177734,122,-4.169992685317993,0.0,,
,,,,1240,,-0.00010932684381259605,97.19556427001953,0.020501434803009033,0.2,0.9716272354125977,0.0003,3.9696693e-06,38.848716735839844,123,-4.169689893722534,0.0,5.0,10.152622103691101
0,7.286493569999999,124,2.71,1240,2914,,,,,,,,,,,,,
0,7.733030650000001,125,2.79,1250,2917,0.0001595258800080046,196.3756561279297,-0.00687253475189209,0.2,0.9715023040771484,0.0003,3.7252903e-06,94.7691421508789,124,-4.169273138046265,0.0,,
0,7.87469528,126,2.79,1260,2922,0.00358563666231948,52.609426498413086,0.04776948690414429,0.2,0.9714454412460327,0.0003,6.529093e-05,42.9322624206543,125,-4.168935298919678,0.0,,
0,7.72725401,127,2.76,1270,2927,-0.0007867098203862,37.06076526641846,-0.0652318000793457,0.2,0.9713115692138672,0.0003,0.00029158592,23.680736541748047,126,-4.168686866760254,0.0,,
,,,,1280,,-0.004852318763733265,153.28656768798828,-0.015322208404541016,0.2,0.9712406992912292,0.0003,6.843209e-05,68.95561981201172,127,-4.168296813964844,0.0,4.0,21.818124055862427
0,7.9892705899999985,128,2.77,1280,2956,,,,,,,,,,,,,
0,8.01984571,129,2.78,1290,2959,-0.001289987540803672,214.75147247314453,0.005940675735473633,0.2,0.9712144732475281,0.0003,1.679063e-05,138.84677124023438,128,-4.168120384216309,0.0,,
0,7.705440859999999,130,2.77,1300,2964,-0.003569853305816828,179.29088973999023,0.02266460657119751,0.2,0.9711885452270508,0.0003,2.7304888e-05,43.35395431518555,129,-4.168023586273193,0.0,,
0,8.11645545,131,2.79,1310,3003,0.0005019754404216314,69.74858283996582,-0.014005661010742188,0.2,0.9711565971374512,0.0003,7.2723626e-05,41.48576736450195,130,-4.16792631149292,0.0,,
,,,,1320,,-0.002367115160450517,372.06346130371094,0.01690584421157837,0.2,0.9711307287216187,0.0003,2.5486946e-05,69.07740020751953,131,-4.167823553085327,0.0,1.0,-5.0
0,8.80840541,132,2.84,1320,3249,,,,,,,,,,,,,
0,9.44530669,133,2.89,1330,3253,-1.5780329340131516e-05,424.8362045288086,0.0021314620971679688,0.2,0.9711248874664307,0.0003,5.6093933e-05,127.4887924194336,132,-4.167755603790283,0.0,,
0,10.773005580000001,134,2.92,1340,3256,0.0010179400444032538,855.7044067382812,0.018634021282196045,0.2,0.9711291790008545,0.0003,1.2481213e-05,578.9781494140625,133,-4.167733907699585,0.0,,
0,10.428955740000001,135,2.86,1350,3468,0.001696521113629501,844.5754089355469,-0.02769458293914795,0.2,0.971123218536377,0.0003,1.5920401e-05,398.1555480957031,134,-4.167735815048218,0.0,,
,,,,1360,,0.0011631697416305542,89.89180374145508,-0.012626290321350098,0.2,0.9710181951522827,0.0003,1.1336803e-05,57.522518157958984,135,-4.1676836013793945,0.0,4.0,32.27171516418457
0,10.303456109999999,136,2.89,1360,3478,,,,,,,,,,,,,
0,10.14603425,137,2.9,1370,3531,0.002964806556701838,122.7772331237793,0.04117327928543091,0.2,0.970902681350708,0.0003,3.9708615e-05,46.52199935913086,136,-4.167281866073608,0.0,,
0,10.864082759999999,138,2.94,1380,3535,0.0017744124634191394,74.73565101623535,-0.001688241958618164,0.2,0.9707009196281433,0.0003,3.2800435e-05,44.67932891845703,137,-4.166859149932861,0.0,,
0,11.121412499999998,139,2.95,1390,3538,0.001141697214916526,235.82176971435547,0.002380549907684326,0.2,0.9704927206039429,0.0003,8.183718e-06,83.23390197753906,138,-4.166226148605347,0.0,,
,,,,1400,,0.0006233573309160079,624.0990142822266,0.009383797645568848,0.2,0.9702916145324707,0.0003,2.6345253e-06,200.0990753173828,139,-4.165550708770752,0.0,2.0,-10.0
0,10.585151569999999,140,2.91,1400,3548,,,,,,,,,,,,,
0,9.36033543,141,2.86,1410,3553,0.0004412829817739272,63.385738372802734,-0.0394669771194458,0.2,0.9700725078582764,0.0003,2.6762486e-06,35.72332000732422,140,-4.164899110794067,0.0,,
0,9.677962979999998,142,2.89,1420,3557,-0.0004861414432526523,88.82831573486328,-0.020055651664733887,0.2,0.9698941111564636,0.0003,9.638071e-06,37.151981353759766,141,-4.164247035980225,0.0,,
0,9.74198725,143,2.84,1430,3660,0.0007193327182903886,80.0487117767334,0.010115087032318115,0.2,0.9697662591934204,0.0003,1.9043684e-05,25.79636573791504,142,-4.163713455200195,0.0,,
,,,,1440,,-0.0024714111816139805,100.37047958374023,0.045750558376312256,0.2,0.9696547985076904,0.0003,5.8758258e-05,39.092681884765625,143,-4.163351058959961,0.0,5.0,-14.286663055419922
0,9.33756195,144,2.82,1440,3673,,,,,,,,,,,,,
0,8.196486810000001,145,2.72,1450,3859,0.00030348300933802363,182.02591705322266,-0.023711442947387695,0.2,0.9695394039154053,0.0003,3.7008525e-05,60.756160736083984,144,-4.163008213043213,0.0,,
0,7.85480002,146,2.7,1460,4046,-0.0037043691147120583,85.99027824401855,-0.018219828605651855,0.2,0.9694783091545105,0.0003,9.836555e-05,24.01143455505371,145,-4.162672281265259,0.0,,
0,7.6163279,147,2.69,1470,4457,0.00025744439917607664,175.87554550170898,0.005887925624847412,0.2,0.9694218039512634,0.0003,5.273223e-05,32.29955291748047,146,-4.162507772445679,0.0,,
,,,,1480,,0.0020571172237398017,91.44264030456543,-0.002874135971069336,0.2,0.9692867994308472,0.0003,2.2071601e-05,28.009174346923828,147,-4.162284851074219,0.0,5.0,19.663504362106323
0,6.092518760000001,148,2.71,1480,4469,,,,,,,,,,,,,
0,6.2519456400000015,149,2.75,1490,4472,-0.0013683795696124434,41.36316680908203,-0.04889333248138428,0.2,0.9691163897514343,0.0003,1.0889768e-05,22.912736892700195,148,-4.161804437637329,0.0,,
0,7.38528384,150,2.83,1500,4476,-0.0009741186979228544,228.66278839111328,-0.0030595064163208008,0.2,0.9689809083938599,0.0003,2.0062924e-05,147.6881561279297,149,-4.1613171100616455,0.0,,
0,6.205575819999999,151,2.7,1510,4578,-0.002226543379947543,209.00789260864258,-0.022481918334960938,0.2,0.9688754081726074,0.0003,2.5111438e-05,26.18837547302246,150,-4.160909414291382,0.0,,
,,,,1520,,-0.0007824361207893205,53.081268310546875,-0.00030803680419921875,0.2,0.9687741994857788,0.0003,6.485581e-05,23.862913131713867,151,-4.160604238510132,0.0,2.0,-1.4978315830230713
0,5.72954225,152,2.68,1520,4587,,,,,,,,,,,,,
0,6.132011219999999,153,2.66,1530,4590,-0.0014776110649137308,58.55908393859863,0.11450004577636719,0.2,0.9686968326568604,0.0003,4.1782855e-06,34.95994186401367,152,-4.160315275192261,0.0,,
0,5.3898769600000005,154,2.61,1540,4644,0.0009580165031366494,318.9394760131836,0.003894031047821045,0.2,0.9686059951782227,0.0003,7.4267386e-06,88.05325317382812,153,-4.160085916519165,0.0,,
0,4.45557787,155,2.52,1550,4648,0.0004558772023308677,57.2121696472168,-0.03908240795135498,0.2,0.9684839248657227,0.0003,6.80089e-06,26.673952102661133,154,-4.159761667251587,0.0,,
,,,,1560,,-1.4747679234261568e-05,61.43541145324707,0.06918078660964966,0.2,0.9683448076248169,0.0003,2.592802e-06,28.849449157714844,155,-4.159376859664917,0.0,2.0,11.229318618774414
0,4.602755210000001,156,2.59,1560,4657,,,,,,,,,,,,,
0,3.9519700799999997,157,2.54,1570,4662,0.00041325391503055364,55.69814491271973,0.02197742462158203,0.2,0.9683102369308472,0.0003,5.4717066e-06,21.960765838623047,156,-4.158935070037842,0.0,,
0,3.4343613399999997,158,2.6,1580,4665,0.0006104082101945352,117.1312255859375,-0.06831252574920654,0.2,0.968363881111145,0.0003,3.1590462e-06,54.32512283325195,157,-4.158979177474976,0.0,,
0,2.7017217,159,2.57,1590,4668,0.0009435057756492782,74.83156204223633,0.060141682624816895,0.2,0.9683898687362671,0.0003,1.0806322e-05,47.38848876953125,158,-4.159115791320801,0.0,,
,,,,1600,,0.00013928413391095518,339.1226501464844,0.01116323471069336,0.2,0.9683810472488403,0.0003,6.6637995e-06,180.15711975097656,159,-4.15916109085083,0.0,5.0,50.31227946281433
0,2.902721,160,2.58,1600,4677,,,,,,,,,,,,,
0,3.29797033,161,2.65,1610,4682,-0.0005620241281576455,796.3270797729492,-0.005741000175476074,0.2,0.9684196710586548,0.0003,3.504753e-06,82.90463256835938,160,-4.159113883972168,0.0,,
0,3.8863406599999997,162,2.66,1620,4685,0.002101421495899203,60.34593200683594,0.0031312108039855957,0.2,0.9684768915176392,0.0003,1.3160706e-05,37.292179107666016,161,-4.1592857837677,0.0,,
0,4.033418300000001,163,2.64,1630,4691,0.0033495783340189433,794.2633056640625,0.004752039909362793,0.2,0.9685131311416626,0.0003,6.129742e-05,387.81781005859375,162,-4.159429550170898,0.0,,
,,,,1640,,0.0015808135969563875,400.4856414794922,-0.0031408071517944336,0.2,0.9685001373291016,0.0003,7.778406e-06,238.71160888671875,163,-4.159486293792725,0.0,5.0,50.54029703140259
0,4.7047457,164,2.68,1640,4700,,,,,,,,,,,,,
0,3.74557259,165,2.61,1650,4705,-6.0772895085214884e-05,1026.3880310058594,0.0005258917808532715,0.2,0.9684944152832031,0.0003,9.012222e-06,478.4358825683594,164,-4.15944504737854,0.0,,
0,4.36662588,166,2.63,1660,4708,-0.002318018674850375,49.875627517700195,0.05465155839920044,0.2,0.9686126112937927,0.0003,7.301569e-06,31.527645111083984,165,-4.159486770629883,0.0,,
0,4.524587909999999,167,2.64,1670,4995,-0.0014731168514119375,168.80730438232422,0.012027382850646973,0.2,0.9687110781669617,0.0003,2.7531385e-05,67.20201110839844,166,-4.159873008728027,0.0,,
,,,,1680,,-0.0005107164499351668,61.59162902832031,0.0036377310752868652,0.2,0.968758225440979,0.0003,1.3411045e-05,20.668846130371094,167,-4.160098075866699,0.0,5.0,-9.767101049423218
0,4.1432351899999995,168,2.64,1680,5008,,,,,,,,,,,,,
0,4.13685659,169,2.66,1690,5013,-0.00029759706230869654,152.98968887329102,0.0226670503616333,0.2,0.9687854647636414,0.0003,4.8041343e-06,50.795772552490234,168,-4.16022253036499,0.0,,
0,4.16886883,170,2.69,1700,5201,-0.003804528806358398,88.7923812866211,0.019569814205169678,0.2,0.9686899185180664,0.0003,8.465648e-05,44.71311950683594,169,-4.1602067947387695,0.0,,
0,4.706270579999998,171,2.65,1710,5255,0.005032235477120395,51.45456314086914,0.026177525520324707,0.2,0.9686052799224854,0.0003,5.3346157e-05,27.717426300048828,170,-4.159898042678833,0.0,,
,,,,1720,,5.030036118114367e-05,46.95626449584961,0.014375090599060059,0.2,0.9685450792312622,0.0003,1.8304587e-05,22.965158462524414,171,-4.159667730331421,0.0,3.0,14.436487555503845
0,4.3073134600000005,172,2.62,1720,5324,,,,,,,,,,,,,
0,4.70113438,173,2.64,1730,5375,-0.0025102318730212403,67.10209465026855,0.030480802059173584,0.2,0.9685083627700806,0.0003,3.9100647e-05,41.24551773071289,172,-4.159510135650635,0.0,,
0,4.942693129999999,174,2.58,1740,5378,-0.009388918057084084,149.42989349365234,-0.013070344924926758,0.2,0.9684398174285889,0.0003,0.00025398136,110.3078384399414,173,-4.159367561340332,0.0,,
0,4.4011118399999996,175,2.5,1750,5382,-0.0015909791225565684,250.87374114990234,0.021838128566741943,0.2,0.9683758020401001,0.0003,3.2103064e-05,76.05906677246094,174,-4.159144401550293,0.0,,
,,,,1760,,0.000865554844494909,338.54029083251953,0.009145617485046387,0.2,0.968324601650238,0.0003,1.3959408e-05,121.53755187988281,175,-4.158944845199585,0.0,4.0,13.210509300231934
0,4.847925399999999,176,2.57,1760,5391,,,,,,,,,,,,,
0,5.80218952,177,2.63,1770,5394,0.00015377402305638554,306.84288787841797,0.00014013051986694336,0.2,0.968219518661499,0.0003,2.4998188e-05,97.9321517944336,176,-4.158789157867432,0.0,,
0,6.86363065,178,2.66,1780,5398,-0.00038083196850458023,741.1398468017578,-0.01815176010131836,0.2,0.9680883884429932,0.0003,1.181364e-05,597.8997192382812,177,-4.158395528793335,0.0,,
0,6.869825319999999,179,2.68,1790,5456,-0.002020794106647017,954.9764099121094,0.012316882610321045,0.2,0.968000054359436,0.0003,4.3684246e-05,654.6079711914062,178,-4.158021688461304,0.0,,
,,,,1800,,0.0008280753972940147,174.11035537719727,-0.05612468719482422,0.2,0.9679304957389832,0.0003,2.987981e-05,113.69158935546875,179,-4.157756090164185,0.0,1.0,-5.0
0,7.0720941900000005,180,2.71,1800,5465,,,,,,,,,,,,,
0,6.902386579999999,181,2.75,1810,5525,0.00023608207993675023,946.7578735351562,0.0007008910179138184,0.2,0.9678799510002136,0.0003,6.270409e-06,684.72314453125,180,-4.157553672790527,0.0,,
0,7.7786389,182,2.77,1820,5529,-0.0013131022220491673,179.77612113952637,-0.024450302124023438,0.2,0.9678207635879517,0.0003,2.5862455e-05,28.382762908935547,181,-4.157392740249634,0.0,,
0,7.8910105999999995,183,2.78,1830,5584,0.0007277250406332314,1646.5995330810547,-0.006836295127868652,0.2,0.9677696228027344,0.0003,4.6610835e-06,244.19192504882812,182,-4.157209634780884,0.0,,
,,,,1840,,0.0018778800731524825,205.56387329101562,-0.0685950517654419,0.2,0.9677254557609558,0.0003,1.36554245e-05,69.71444702148438,183,-4.157069206237793,0.0,5.0,41.93244647979736
0,7.78982363,184,2.77,1840,5594,,,,,,,,,,,,,
0,8.593981139999999,185,2.83,1850,5597,-2.5415421623709022e-05,269.05474853515625,0.030701160430908203,0.2,0.9675945043563843,0.0003,8.744001e-06,176.48641967773438,184,-4.156857252120972,0.0,,
0,8.385293299999999,186,2.8,1860,5601,-0.00049680473748559,143.41139602661133,-0.018523812294006348,0.2,0.9674906730651855,0.0003,2.3424625e-06,104.79669189453125,185,-4.156482696533203,0.0,,
0,8.64000593,187,2.8,1870,5605,-0.0020202667918063355,180.0462188720703,-0.024029254913330078,0.2,0.9673682451248169,0.0003,1.656413e-05,103.90727233886719,186,-4.156103849411011,0.0,,
,,,,1880,,-8.85516419657506e-05,1372.6646728515625,-0.007748842239379883,0.2,0.9672638177871704,0.0003,4.2557717e-06,543.03369140625,187,-4.155735731124878,0.0,5.0,16.825629234313965
0,8.19793703,188,2.82,1880,5617,,,,,,,,,,,,,
0,8.4277111,189,2.86,1890,5622,0.00014145374007057399,66.16424179077148,-0.013790488243103027,0.2,0.96710604429245,0.0003,1.9311906e-06,36.07205581665039,188,-4.155354022979736,0.0,,
0,7.717151170000001,190,2.81,1900,5628,0.0003251254674978554,103.57147026062012,0.052366435527801514,0.2,0.9669632315635681,0.0003,3.516674e-07,71.93875122070312,189,-4.15487265586853,0.0,,
0,7.681153939999999,191,2.79,1910,5632,0.0003389537509064233,55.66265678405762,-0.018426179885864258,0.2,0.9667099714279175,0.0003,6.29127e-05,25.02682876586914,190,-4.154336214065552,0.0,,
,,,,1920,,-0.001298308442346574,134.59629440307617,0.01894056797027588,0.2,0.9664075374603271,0.0003,5.4627657e-05,98.65634155273438,191,-4.1535234451293945,0.0,5.0,45.93849849700928
0,6.617609069999999,192,2.74,1920,5645,,,,,,,,,,,,,
0,7.74121711,193,2.79,1930,5649,-0.0018197000492357063,534.712028503418,0.003580749034881592,0.2,0.9661417007446289,0.0003,7.712245e-05,125.86592102050781,192,-4.15258002281189,0.0,,
0,7.83873374,194,2.76,1940,5655,0.0008217632886955428,251.33335876464844,0.0004730820655822754,0.2,0.9658717513084412,0.0003,1.7619133e-05,170.2157440185547,193,-4.151734352111816,0.0,,
0,7.90035905,195,2.8,1950,5703,-0.0007257223478518426,840.7947692871094,-0.0024635791778564453,0.2,0.9656347632408142,0.0003,9.167195e-06,659.0313110351562,194,-4.150906562805176,0.0,,
,,,,1960,,-0.00350265512242931,629.5144958496094,-0.0011019706726074219,0.2,0.9654518365859985,0.0003,2.3049117e-05,284.8482971191406,195,-4.150203227996826,0.0,3.0,5.162953294813633
0,8.556618089999999,196,2.8,1960,5833,,,,,,,,,,,,,
0,9.571522879999998,197,2.8,1970,5883,0.0006544828298498118,77.52581024169922,-0.012223482131958008,0.2,0.9653109312057495,0.0003,8.326769e-06,32.87267303466797,196,-4.149660587310791,0.0,,
0,9.516901990000001,198,2.82,1980,5886,-0.004526102822273614,2941.6819915771484,-0.015993475914001465,0.2,0.9651782512664795,0.0003,3.706813e-05,2690.86962890625,197,-4.149231433868408,0.0,,
0,10.480148600000001,199,2.88,1990,5889,0.0008072137832639825,745.4152984619141,-0.0025614500045776367,0.2,0.9650706052780151,0.0003,2.2810698e-05,137.53684997558594,198,-4.148833513259888,0.0,,
,,,,2000,,0.0008650839678012723,410.7508544921875,-0.0264357328414917,0.2,0.9650602340698242,0.0003,4.118681e-06,293.5394592285156,199,-4.14857292175293,0.0,5.0,29.16723108291626
0,11.258872100000001,200,2.95,2000,5898,,,,,,,,,,,,,
0,10.830420830000001,201,2.99,2010,5902,-0.0006337166181751286,846.9730224609375,-0.005282402038574219,0.2,0.9650535583496094,0.0003,7.3313714e-07,256.81591796875,200,-4.148536682128906,0.0,,
0,11.497116230000001,202,2.98,2020,5906,0.0002324044704438144,174.81028366088867,0.05631899833679199,0.2,0.9650346040725708,0.0003,1.4603138e-06,50.69680404663086,201,-4.148504734039307,0.0,,
0,11.96281979,203,3.0,2030,5957,-0.0007686853292394602,1025.6076049804688,-0.009397149085998535,0.2,0.965007483959198,0.0003,1.4781953e-06,527.1187133789062,202,-4.148426532745361,0.0,,
,,,,2040,,0.0002565145667183799,624.7745361328125,-0.02281630039215088,0.2,0.9649960994720459,0.0003,1.5854836e-06,472.4820556640625,203,-4.1483423709869385,0.0,5.0,29.246158123016357
0,12.153828540000001,204,3.04,2040,5970,,,,,,,,,,,,,
0,12.10841702,205,3.05,2050,6000,-0.0011059195036065006,208.7750186920166,0.01010066270828247,0.2,0.9649969339370728,0.0003,1.026392e-05,181.35830688476562,204,-4.148328065872192,0.0,,
0,12.624744170000001,206,3.07,2060,6003,0.0013680577976629138,56.043556213378906,0.0229722261428833,0.2,0.9649146795272827,0.0003,3.2913686e-05,33.386863708496094,205,-4.148228645324707,0.0,,
0,11.440330920000001,207,3.02,2070,6007,0.0008213222259652042,685.1913299560547,-0.026624202728271484,0.2,0.9648422598838806,0.0003,1.4036894e-05,222.34901428222656,206,-4.147963047027588,0.0,,
,,,,2080,,0.0006320178508758545,386.94310760498047,-0.0125349760055542,0.2,0.9647828936576843,0.0003,3.8141014e-05,108.21317291259766,207,-4.147723913192749,0.0,4.0,15.124726101756096
0,10.4917863,208,3.01,2080,6018,,,,,,,,,,,,,
0,11.59032881,209,3.02,2090,6022,-0.002079653693362715,110.87836837768555,-0.029415130615234375,0.2,0.9647499322891235,0.0003,9.196997e-06,64.70056915283203,208,-4.147542476654053,0.0,,
0,11.532313650000003,210,3.05,2100,6025,-0.001740467548370539,477.8546371459961,-0.039471983909606934,0.2,0.9647272825241089,0.0003,1.29520895e-05,385.736328125,209,-4.147424936294556,0.0,,
0,11.87814307,211,3.09,2110,6071,0.0009605914354331446,144.9630241394043,-0.03181147575378418,0.2,0.964760959148407,0.0003,1.0395051e-05,56.04819869995117,210,-4.147380590438843,0.0,,
,,,,2120,,0.0019220679765568072,400.43873596191406,0.015927493572235107,0.2,0.9647990465164185,0.0003,8.302927e-06,204.0687713623047,211,-4.147474765777588,0.0,3.0,-15.0
0,12.564566489999997,212,3.08,2120,6082,,,,,,,,,,,,,
0,11.3782826,213,3.09,2130,6085,-0.0010745286708697677,102.156494140625,0.009127378463745117,0.2,0.9647554159164429,0.0003,8.33869e-06,74.75553894042969,212,-4.147552013397217,0.0,,
0,12.005298349999999,214,3.12,2140,6088,-0.0004489824234044093,137.59598922729492,0.03815740346908569,0.2,0.9646958112716675,0.0003,5.2821637e-05,76.88101196289062,213,-4.147339820861816,0.0,,
0,12.18635129,215,3.18,2150,6092,0.001083779335021795,122.7519645690918,0.0007201433181762695,0.2,0.9646466970443726,0.0003,0.00011968613,90.64645385742188,214,-4.1471452713012695,0.0,,
,,,,2160,,-0.002291047712787986,125.3196029663086,-0.0012879371643066406,0.2,0.9646197557449341,0.0003,1.1450053e-05,60.810848236083984,215,-4.146982431411743,0.0,5.0,15.414757788181305
0,11.782650270000001,216,3.14,2160,6103,,,,,,,,,,,,,
0,12.409423219999999,217,3.08,2170,6107,0.00020901561074415653,145.43323516845703,0.04832053184509277,0.2,0.9646358489990234,0.0003,0.00013391375,68.86988067626953,216,-4.1469197273254395,0.0,,
0,11.152114590000002,218,2.97,2180,6113,0.00044658183469437063,522.1665802001953,0.003922522068023682,0.2,0.9646199941635132,0.0003,1.69158e-05,375.3502197265625,217,-4.146941900253296,0.0,,
0,10.599408609999998,219,2.94,2190,6118,-0.0019620061852023696,58.75665283203125,0.062361717224121094,0.2,0.9646145701408386,0.0003,6.7532064e-06,27.25904655456543,218,-4.146892070770264,0.0,,
,,,,2200,,-0.0015420139068709204,126.90331268310547,0.03504413366317749,0.2,0.9646022319793701,0.0003,9.554625e-06,72.76036071777344,219,-4.14686131477356,0.0,1.0,-5.0
0,10.487283770000001,220,2.94,2200,6125,,,,,,,,,,,,,
0,11.059371380000002,221,2.98,2210,6129,0.00033039451227523386,353.98756408691406,-0.0070629119873046875,0.2,0.9645874500274658,0.0003,4.798174e-06,206.3855743408203,220,-4.146811246871948,0.0,,
0,11.074240200000004,222,3.02,2220,6133,0.001426875567995367,402.711950302124,0.011365354061126709,0.2,0.9645514488220215,0.0003,3.6597253e-06,377.8860168457031,221,-4.146746635437012,0.0,,
0,9.629996339999998,223,2.96,2230,6138,0.00042951107025146484,109.71922302246094,0.0639391541481018,0.2,0.9645389318466187,0.0003,1.1563301e-06,66.71031951904297,222,-4.146645784378052,0.0,,
,,,,2240,,0.0001881718635559082,137.55485153198242,0.003207981586456299,0.2,0.9644590616226196,0.0003,2.1988153e-05,51.442848205566406,223,-4.146585702896118,0.0,5.0,34.67115370184183
0,9.580151729999999,224,2.99,2240,6150,,,,,,,,,,,,,
0,9.49571311,225,2.98,2250,6154,0.00012987256923224777,77.6285171508789,0.02399587631225586,0.2,0.9643133878707886,0.0003,9.608269e-06,33.54117965698242,224,-4.146261692047119,0.0,,
0,8.300150279999999,226,2.95,2260,6159,-0.0005301535129547119,204.1534194946289,0.028797924518585205,0.2,0.9643248915672302,0.0003,1.346469e-05,162.77694702148438,225,-4.145928859710693,0.0,,
0,7.50612464,227,2.82,2270,6222,0.0016703963745383632,94.94248390197754,6.669759750366211e-05,0.2,0.9643254280090332,0.0003,6.290674e-05,25.123140335083008,226,-4.145941257476807,0.0,,
,,,,2280,,-0.002323436830192982,192.73737335205078,-0.011430740356445312,0.2,0.9642974734306335,0.0003,4.181862e-05,65.3862075805664,227,-4.1459033489227295,0.0,3.0,4.9819841384887695
0,6.324151,228,2.77,2280,6233,,,,,,,,,,,,,
0,6.785055749999999,229,2.75,2290,6238,0.00288220657967031,96.74858856201172,0.04774367809295654,0.2,0.9642637968063354,0.0003,3.286004e-05,52.65825653076172,228,-4.145797491073608,0.0,,
0,7.186552429999999,230,2.79,2300,6280,-0.00311356782913208,603.8094024658203,0.008554697036743164,0.2,0.9642387628555298,0.0003,2.5963784e-05,446.5964660644531,229,-4.145684719085693,0.0,,
0,6.43124957,231,2.76,2310,6318,0.000380224006948815,238.39181518554688,0.00787121057510376,0.2,0.9642291069030762,0.0003,6.28829e-06,124.6644515991211,230,-4.145607233047485,0.0,,
,,,,2320,,-0.0013934970367692756,287.98258209228516,0.02123093605041504,0.2,0.9641991853713989,0.0003,2.4998188e-05,85.21981811523438,231,-4.145585536956787,0.0,2.0,13.491559982299805
0,7.519934490000002,232,2.79,2320,6327,,,,,,,,,,,,,
0,6.75274262,233,2.76,2330,6333,-0.00010141283564735204,389.9560089111328,0.019279003143310547,0.2,0.9641496539115906,0.0003,3.708601e-05,176.3346710205078,232,-4.1454291343688965,0.0,,
0,6.866583400000001,234,2.76,2340,6337,-0.0011342167854309082,158.60815048217773,-0.016389131546020508,0.2,0.9640712738037109,0.0003,3.5899877e-05,122.51873016357422,233,-4.14527153968811,0.0,,
0,8.428775480000002,235,2.76,2350,6340,0.0018927932251244783,140.23805618286133,-0.0029228925704956055,0.2,0.964024543762207,0.0003,8.4519386e-05,51.35316848754883,234,-4.145025730133057,0.0,,
,,,,2360,,0.001421047723852098,4163.0947265625,-0.0022145509719848633,0.2,0.9639870524406433,0.0003,3.0970576e-05,2710.97216796875,235,-4.144883155822754,0.0,5.0,73.143150806427
0,8.40860346,236,2.74,2360,6349,,,,,,,,,,,,,
0,7.7995621900000005,237,2.72,2370,6354,-0.0016843021614469933,1716.6000671386719,-0.010383009910583496,0.2,0.9639529585838318,0.0003,7.1346763e-06,1272.2589111328125,236,-4.144767999649048,0.0,,
0,7.68289184,238,2.67,2380,6358,-0.002921605203300537,1586.4551391601562,0.0047425031661987305,0.2,0.9639281630516052,0.0003,3.258586e-05,923.3175659179688,237,-4.144655466079712,0.0,,
0,8.752874810000002,239,2.69,2390,6362,-0.0003789782524110663,214.08513641357422,-0.011702775955200195,0.2,0.963850200176239,0.0003,1.1920929e-06,80.71583557128906,238,-4.144549608230591,0.0,,
,,,,2400,,-0.002779686590656638,451.09852600097656,-0.03881335258483887,0.2,0.9637552499771118,0.0003,1.4448166e-05,167.69639587402344,239,-4.14427638053894,0.0,2.0,-10.0
0,8.838968099999999,240,2.67,2400,6372,,,,,,,,,,,,,
0,8.383198069999999,241,2.57,2410,6377,0.015989017859101118,41.59605026245117,0.06732654571533203,0.2,0.963783860206604,0.0003,0.00048146248,20.997997283935547,240,-4.14408016204834,0.0,,
0,9.033893,242,2.59,2420,6382,0.0038162411190567624,80.18153953552246,0.014808893203735352,0.2,0.9637680053710938,0.0003,0.00032098294,49.62727737426758,241,-4.144165992736816,0.0,,
0,9.300234920000001,243,2.61,2430,6386,-0.001079344772733748,534.6227111816406,0.005190491676330566,0.2,0.9637090563774109,0.0003,2.065897e-05,256.4952392578125,242,-4.14402961730957,0.0,,
,,,,2440,,-0.0001543581573058006,129.04156494140625,0.020360231399536133,0.2,0.9635871648788452,0.0003,1.0818243e-05,87.25519561767578,243,-4.143789768218994,0.0,3.0,2.7212318181991577
0,9.89363561,244,2.65,2440,6395,,,,,,,,,,,,,
0,10.279476789999999,245,2.62,2450,6400,0.000849372171797036,491.1225128173828,0.00821620225906372,0.2,0.963463306427002,0.0003,9.781123e-06,114.50885772705078,244,-4.143408298492432,0.0,,
0,9.98482786,246,2.6,2460,6421,-0.0019106924533840441,72.3954963684082,-0.0088043212890625,0.2,0.9633594751358032,0.0003,1.6736985e-05,37.67819595336914,245,-4.143006324768066,0.0,,
0,10.47605941,247,2.61,2470,6426,0.0029364407062537623,752.7908630371094,0.006365537643432617,0.2,0.9632827639579773,0.0003,4.3231248e-05,490.5448303222656,246,-4.142702341079712,0.0,,
,,,,2480,,-0.0016367912990968847,624.8003540039062,-0.019917845726013184,0.2,0.9632158279418945,0.0003,2.4288893e-05,311.1538391113281,247,-4.142456531524658,0.0,4.0,24.03535234928131
0,10.699570860000001,248,2.58,2480,6437,,,,,,,,,,,,,
0,11.261779660000002,249,2.6,2490,6440,-0.001264876173808993,120.01429748535156,-0.004559874534606934,0.2,0.9631878733634949,0.0003,2.2691489e-05,70.67160034179688,248,-4.142237663269043,0.0,,
0,11.869361720000002,250,2.6,2500,6444,-0.00281842653639508,722.8964691162109,0.016362130641937256,0.2,0.9631893634796143,0.0003,5.4705142e-05,566.9115600585938,249,-4.142180681228638,0.0,,
0,11.30715456,251,2.59,2510,6448,0.0011016011238096368,234.50362014770508,0.016177773475646973,0.2,0.9631770849227905,0.0003,3.5881997e-06,171.38699340820312,250,-4.1421661376953125,0.0,,
,,,,2520,,0.0004456073045731035,108.83455657958984,0.026600778102874756,0.2,0.9631625413894653,0.0003,3.427267e-06,68.51693725585938,251,-4.142096042633057,0.0,4.0,29.090673446655273
0,11.116637840000001,252,2.61,2520,6461,,,,,,,,,,,,,
0,12.218118839999999,253,2.64,2530,6465,0.0034241320099681616,197.91448974609375,0.017335832118988037,0.2,0.9631527662277222,0.0003,2.5618077e-05,125.7321548461914,252,-4.142054319381714,0.0,,
0,13.016981990000001,254,2.68,2540,6469,0.000177514553070246,369.7923126220703,0.0027057528495788574,0.2,0.9631301760673523,0.0003,1.335144e-06,148.67459106445312,253,-4.141990900039673,0.0,,
0,13.40334436,255,2.7,2550,6472,-0.0011664747959017063,1146.1468811035156,-0.006449580192565918,0.2,0.9631072878837585,0.0003,2.3424625e-06,347.7076110839844,254,-4.1419031620025635,0.0,,
,,,,2560,,0.00045549869537353516,465.3317108154297,0.0029128193855285645,0.2,0.9630746841430664,0.0003,2.2828578e-06,228.93809509277344,255,-4.141816139221191,0.0,3.0,36.80968379974365
0,13.31159418,256,2.69,2560,6482,,,,,,,,,,,,,
0,13.54502362,257,2.66,2570,6486,-0.0025784135796129704,362.8827667236328,-0.015625834465026855,0.2,0.963004469871521,0.0003,1.9162893e-05,194.47689819335938,256,-4.141671895980835,0.0,,
0,12.98286359,258,2.61,2580,6492,-0.0002304971218110019,145.62606811523438,-0.05256068706512451,0.2,0.9630008935928345,0.0003,6.1035157e-06,74.18730926513672,257,-4.1414759159088135,0.0,,
0,13.08064048,259,2.64,2590,6495,0.0007249415270051962,241.72232055664062,0.011517167091369629,0.2,0.9630005359649658,0.0003,1.577735e-05,42.65388488769531,258,-4.14148211479187,0.0,,
,,,,2600,,0.0008040547370908868,118.15035057067871,-0.008270859718322754,0.2,0.9630281925201416,0.0003,2.7889013e-05,99.351318359375,259,-4.141472101211548,0.0,4.0,32.0574107170105
0,13.799026289999999,260,2.7,2600,6505,,,,,,,,,,,,,
0,11.89624704,261,2.6,2610,6511,0.0004537940083544356,594.2689819335938,-0.04629039764404297,0.2,0.9630544185638428,0.0003,4.61936e-06,312.483154296875,260,-4.141523838043213,0.0,,
0,13.242689109999999,262,2.67,2620,6562,-0.0006036281702108681,194.46321868896484,-0.01541757583618164,0.2,0.9630133509635925,0.0003,6.9618227e-06,56.67034149169922,261,-4.141546010971069,0.0,,
0,12.65643298,263,2.63,2630,6566,-0.00021978616714468657,1758.0027770996094,0.02548062801361084,0.2,0.9629743099212646,0.0003,1.5497208e-07,257.6328430175781,262,-4.141401529312134,0.0,,
,,,,2640,,-0.0006042719003742647,90.20088577270508,0.029376208782196045,0.2,0.9629230499267578,0.0003,1.3828278e-06,47.7789421081543,263,-4.1412513256073,0.0,2.0,-10.0
0,12.950665320000002,264,2.62,2640,6575,,,,,,,,,,,,,
0,12.424295840000003,265,2.63,2650,6613,-0.0020757376682012385,2349.2645263671875,-0.004792928695678711,0.2,0.9628791809082031,0.0003,1.92523e-05,1274.52001953125,264,-4.141087532043457,0.0,,
0,14.460518329999998,266,2.66,2660,6616,-0.0011819899780682874,318.3708267211914,-0.01937687397003174,0.2,0.9628622531890869,0.0003,1.513362e-05,36.261680603027344,265,-4.140949010848999,0.0,,
0,15.451716919999999,267,2.69,2670,6619,0.0038064717780796897,4633.56640625,0.01461249589920044,0.2,0.9628583192825317,0.0003,2.6148558e-05,1328.6357421875,266,-4.140899658203125,0.0,,
,,,,2680,,0.00013848544040229172,1834.3720092773438,-0.010071635246276855,0.2,0.9628537893295288,0.0003,5.8412553e-07,1152.1627197265625,267,-4.14087438583374,0.0,2.0,0.2990446090698242
0,15.472539869999999,268,2.71,2680,6627,,,,,,,,,,,,,
0,14.879680149999999,269,2.67,2690,6630,0.0026314616668967616,77.82040786743164,-0.003068089485168457,0.2,0.9628325700759888,0.0003,2.0855665e-05,39.61247634887695,268,-4.140836238861084,0.0,,
0,14.757432649999998,270,2.6,2700,6694,-0.0003654241561896754,523.1134033203125,-0.00626063346862793,0.2,0.9628133773803711,0.0003,3.4451484e-06,200.88723754882812,269,-4.140758037567139,0.0,,
0,15.11022254,271,2.65,2710,6698,0.0011275768280043508,252.96738052368164,-0.07218611240386963,0.2,0.9627875685691833,0.0003,5.6028366e-06,208.79200744628906,270,-4.1406848430633545,0.0,,
,,,,2720,,-0.0004987358930534924,478.42164611816406,0.042635321617126465,0.2,0.9627599120140076,0.0003,9.477139e-07,156.58673095703125,271,-4.140581369400024,0.0,3.0,33.26952934265137
0,15.74610341,272,2.69,2720,6706,,,,,,,,,,,,,
0,15.302608809999999,273,2.62,2730,6711,0.0007222861400806302,627.4990844726562,0.0014876723289489746,0.2,0.9627330303192139,0.0003,3.592372e-05,362.1259460449219,272,-4.140478610992432,0.0,,
0,15.629134040000002,274,2.66,2740,6714,-0.002018043398857472,194.58648681640625,-0.025377988815307617,0.2,0.9627031087875366,0.0003,1.0985136e-05,128.00082397460938,273,-4.140377521514893,0.0,,
0,15.36475013,275,2.66,2750,6805,0.0018569171428683973,92.82994365692139,-0.015841245651245117,0.2,0.9625982642173767,0.0003,3.695488e-05,80.56861877441406,274,-4.1402060985565186,0.0,,
,,,,2760,,-0.0017223358154296875,185.4931755065918,0.0010704994201660156,0.2,0.9623982310295105,0.0003,4.2772295e-05,131.17030334472656,275,-4.139851093292236,0.0,3.0,8.686073303222656
0,13.852475170000002,276,2.61,2760,6913,,,,,,,,,,,,,
0,14.87584494,277,2.63,2770,6916,-0.0010779142612591386,144.0186004638672,0.023985624313354492,0.2,0.9621291160583496,0.0003,2.0611287e-05,73.29232788085938,276,-4.1390626430511475,0.0,,
