time/episodes,time/time_elapsed,rollout/ep_rew_mean,rollout/ep_len_mean,time/total_timesteps,time/fps,eval/mean_reward,eval/mean_ep_length,train/critic_loss,train/n_updates,train/actor_loss,train/learning_rate
4,15,-10.0,2.0,8,0,,,,,,
8,41,3.3001753750000002,2.625,21,0,,,,,,
12,60,13.830521416666665,2.9166666666666665,35,0,,,,,,
,,,,40,,-20.0,4.0,,,,
16,104,7.8728910625,2.6875,43,0,,,,,,
20,117,4.54831285,2.5,50,0,,,,,,
24,142,2.2543785,2.5416666666666665,61,0,,,,,,
28,160,1.2193916785714285,2.5357142857142856,71,0,,,,,,
,,,,80,,97.30503845214844,4.0,,,,
32,205,7.0168893125,2.625,84,0,,,,,,
36,222,4.987234944444444,2.5833333333333335,93,0,,,,,,
40,246,2.9885114500000003,2.625,105,0,,,,,,
44,260,1.9213740454545458,2.5454545454545454,112,0,,,277.6153564453125,11,0.7250877618789673,0.001
,,,,120,,-20.0,4.0,37.564090728759766,17,0.629666805267334,0.001
48,365,0.7195928750000004,2.5416666666666665,122,0,,,,,,
52,454,-0.09202976923076893,2.5384615384615383,132,0,,,27.514096450805663,31,1.2002252340316772,0.001
56,467,-0.26028930357142815,2.4464285714285716,137,0,,,20.848875045776367,36,1.7435238361358643,0.001
60,488,2.1066722500000004,2.533333333333333,152,0,,,586.5768545150756,48,2.197925845781962,0.001
,,,,160,,160.7775239944458,5.0,527.0928859710693,56,1.493439793586731,0.001
64,540,6.830620140625,2.578125,165,0,,,639.4788818359375,62,0.6812728643417358,0.001
68,553,8.514844779411765,2.5588235294117645,174,0,,,2211.929931640625,73,-0.5241992175579071,0.001
72,572,10.837771569444445,2.5833333333333335,186,0,,,1199.343017578125,83,-1.397303819656372,0.001
76,583,11.145300197368421,2.513157894736842,191,0,,,2906.766845703125,90,-2.497460126876831,0.001
80,600,10.338035187500001,2.4375,195,0,,,2821.37939453125,94,-2.9655094146728516,0.001
84,610,9.60765255952381,2.369047619047619,199,0,,,624.4189453125,98,-4.0145745277404785,0.001
,,,,200,,-10.0,2.0,617.4254150390625,99,,0.001
88,685,8.830031988636364,2.3295454545454546,205,0,,,218.86940002441406,104,-4.790653228759766,0.001
92,703,8.22872625,2.2717391304347827,209,0,,,2482.71826171875,108,-5.393446922302246,0.001
96,716,7.677529322916667,2.21875,213,0,,,2786.246826171875,112,-6.495057582855225,0.001
100,735,7.02042815,2.2,220,0,,,1012.6796264648438,119,-6.658880710601807,0.001
104,749,7.17042815,2.17,225,0,,,271.33197021484375,123,-6.631313323974609,0.001
108,762,6.3064141199999995,2.08,229,0,,,277.7840270996094,128,-6.4281816482543945,0.001
112,775,4.56076558,2.01,236,0,,,219.9945297241211,134,-5.243463039398193,0.001
,,,,240,,-10.0,2.0,179.40328979492188,138,-4.927524089813232,0.001
116,875,4.66076558,1.99,242,0,,,156.9959716796875,141,-3.8080062866210938,0.001
120,884,4.76076558,1.97,247,0,,,123.8720703125,145,-3.091184377670288,0.001
124,898,4.92937731,1.9,251,0,,,73.26872253417969,150,-1.6447639465332031,0.001
128,909,4.928998480000001,1.84,255,0,,,74.97521209716797,154,-1.9983484745025635,0.001
132,920,2.7750235699999997,1.76,260,0,,,53.860084533691406,158,-1.2054370641708374,0.001
136,934,3.9208597699999994,1.73,266,0,,,53.35386657714844,164,-1.4315487146377563,0.001
140,946,4.27085977,1.66,271,0,,,34.41523361206055,170,-0.4244084358215332,0.001
144,958,4.37085977,1.64,276,0,,,42.2613525390625,174,-1.0126832723617554,0.001
,,,,280,,-10.0,2.0,34.219215393066406,179,-0.3230759799480438,0.001
148,987,4.62085977,1.59,281,0,,,,,,
152,999,4.7141198300000005,1.55,287,0,,,24.606075286865234,185,1.1829992532730103,0.001
156,1011,4.56202636,1.55,292,0,,,17.977317810058594,191,0.06755547225475311,0.001
160,1023,2.9022609999999998,1.45,297,0,,,15.608973026275635,196,1.396464228630066,0.001
164,1035,-0.5053325400000002,1.38,303,0,,,18.77606201171875,201,0.7093710899353027,0.001
168,1100,-2.1238301,1.33,307,0,,,14.33253002166748,206,1.4925727844238281,0.001
172,1112,-4.43693118,1.27,313,0,,,13.072598457336426,211,2.4805846214294434,0.001
,,,,320,,-10.0,2.0,6.185000896453857,218,2.5514488220214844,0.001
176,1143,-5.4541638,1.29,320,0,,,,,,
180,1150,-5.4541638,1.29,324,0,,,3.8340978622436523,223,3.486920118331909,0.001
184,1160,-5.5041638,1.3,329,0,,,2.824951648712158,228,5.4730095863342285,0.001
188,1172,-5.4541638,1.29,334,0,,,2.2092628479003906,233,4.144412517547607,0.001
192,1182,-5.5541638,1.31,340,0,,,2.1337130069732666,238,5.364893436431885,0.001
196,1201,-5.7041638,1.34,347,0,,,0.482697069644928,245,5.4565653800964355,0.001
200,1211,-5.6041638,1.32,352,0,,,0.7924351543188095,251,5.088914394378662,0.001
204,1221,-5.6041638,1.32,357,0,,,0.614952951669693,256,4.492593765258789,0.001
,,,,360,,-10.0,2.0,0.6715447902679443,259,4.326339244842529,0.001
208,1252,-5.6541638,1.33,362,0,,,0.5854508280754089,261,5.033148288726807,0.001
212,1261,-5.5041638,1.3,366,0,,,1.0621631145477295,265,4.898238658905029,0.001
216,1269,-5.357747900000001,1.29,371,0,,,0.6878703236579895,270,4.780911922454834,0.001
220,1288,-5.707747899999999,1.36,383,0,,,0.4268323481082916,278,4.383313179016113,0.001
,,,,400,,-25.0,5.0,2.8376380443572997,298,4.452957630157471,0.001
224,1344,-6.507747899999999,1.52,403,0,,,,,,
228,1365,-7.1077479,1.64,419,0,,,1.1467770993709565,314,4.309399922688802,0.001
232,1392,-7.646775049999999,1.77,437,0,,,3.018797516822815,332,3.3751675287882485,0.001
,,,,440,,-10.0,2.0,2.9261577129364014,339,3.264730215072632,0.001
236,1896,-9.19261125,1.88,454,0,,,6.734122395515442,349,3.064016580581665,0.001
240,1923,-9.94261125,2.03,474,0,,,6.879659673571586,369,4.971360445022583,0.001
,,,,480,,-25.0,5.0,1.019975048303604,379,4.356472969055176,0.001
244,1977,-10.49261125,2.14,490,0,,,0.559930682182312,385,4.885380744934082,0.001
248,2000,-11.04261125,2.25,506,0,,,1.1511362791061401,401,5.0271064440409345,0.001
252,2019,-11.34261125,2.31,518,0,,,0.25805896520614624,413,5.083646297454834,0.001
,,,,520,,-25.0,5.0,1.6213438510894775,419,5.080434640248616,0.001
256,2072,-11.69261125,2.38,530,0,,,0.5262936145067215,429,5.239847660064697,0.001
260,2088,-11.84261125,2.41,538,0,,,0.2663121819496155,433,5.246809482574463,0.001
264,2190,-12.14261125,2.47,550,0,,,0.38418540358543396,445,5.217006683349609,0.001
,,,,560,,-25.0,5.0,0.24902448058128357,457,5.170258522033691,0.001
268,2315,-12.54261125,2.55,562,0,,,,,,
272,2330,-12.84261125,2.61,574,0,,,0.40748616456985476,473,5.485082149505615,0.001
276,2350,-12.99261125,2.64,584,0,,,0.8139439776539803,483,5.253439903259277,0.001
280,2362,-13.19261125,2.68,592,0,,,2.809182643890381,491,5.565073013305664,0.001
,,,,600,,-25.0,5.0,1.2471086978912354,498,4.925500869750977,0.001
284,2414,-13.74261125,2.79,608,0,,,3.393736982345581,503,4.422507047653198,0.001
288,2433,-14.29261125,2.9,624,0,,,9.721407890319824,519,4.775050401687622,0.001
,,,,640,,-25.0,5.0,7.120815086364746,535,5.008150815963745,0.001
292,2480,-14.79261125,3.0,640,0,,,,,,
296,2496,-15.04261125,3.05,652,0,,,2.4254714965820314,551,4.944929361343384,0.001
300,2511,-15.34261125,3.11,663,0,,,2.557045300801595,562,4.545353651046753,0.001
,,,,680,,-25.0,5.0,10.094696807861329,578,5.803101142247518,0.001
304,2565,-16.09261125,3.26,683,0,,,,,,
308,2580,-16.44261125,3.33,695,0,,,2.7989211082458496,594,6.664776802062988,0.001
312,2604,-17.04261125,3.45,711,0,,,4.353699684143066,610,6.692181428273519,0.001
,,,,720,,-25.0,5.0,5.709509801864624,616,6.527356306711833,0.001
316,2650,-17.68902715,3.56,727,0,,,7.398308849334716,626,6.818727811177571,0.001
320,2677,-18.08902715,3.64,747,0,,,5.699159288406372,642,7.292841752370198,0.001
,,,,760,,-25.0,5.0,4.744447672367096,657,8.067673206329346,0.001
324,2733,-18.08902715,3.64,767,0,,,8.794855403900147,662,8.091101010640463,0.001
328,2752,-18.08902715,3.64,783,0,,,7.144650936126709,678,7.89281702041626,0.001
,,,,800,,-25.0,5.0,8.964486503601075,698,8.534757932027182,0.001
332,2804,-18.3,3.66,803,0,,,,,,
336,2827,-18.25,3.65,819,0,,,6.126299476623535,714,8.499464988708496,0.001
340,2849,-18.25,3.65,839,0,,,7.824882125854492,734,7.9549031257629395,0.001
,,,,840,,-25.0,5.0,6.921063041687011,739,8.064547777175903,0.001
344,2902,-18.45,3.69,859,0,,,2.0424238055944444,754,9.222236315409342,0.001
348,2927,-18.65,3.73,879,0,,,7.095722723007202,774,8.168312549591064,0.001
,,,,880,,-25.0,5.0,13.980088043212891,779,9.170295238494873,0.001
352,2982,-19.05,3.81,899,0,,,23.92373695373535,794,8.49628480275472,0.001
356,3008,-19.45,3.89,919,0,,,17.93476104736328,814,7.959783395131429,0.001
,,,,920,,-25.0,5.0,13.991172504425048,819,9.27601146697998,0.001
360,3057,-19.85,3.97,935,0,,,19.877316617965697,830,10.983976364135742,0.001
364,3080,-20.05,4.01,951,0,,,19.75124912261963,846,7.967355887095134,0.001
,,,,960,,-25.0,5.0,8.086323738098145,857,9.60669231414795,0.001
368,3127,-20.05,4.01,963,0,,,21.756305027008057,862,9.682934125264486,0.001
372,3138,-19.65,3.93,967,0,,,22.250593185424805,866,8.959883689880371,0.001
376,3149,-19.4,3.88,972,0,,,14.168197631835938,870,8.621661186218262,0.001
380,3159,-19.3,3.86,978,0,,,11.524818420410156,877,6.818997383117676,0.001
384,3170,-18.75,3.75,983,0,,,4.836116790771484,882,6.553692817687988,0.001
388,3183,-18.2,3.64,988,0,,,15.494607925415039,887,8.133589744567871,0.001
392,3195,-17.65,3.53,993,0,,,6.620057106018066,892,7.154975891113281,0.001
396,3208,-17.35,3.47,999,0,,,12.462011098861694,898,6.119475841522217,0.001
,,,,1000,,-5.0,1.0,7.635379791259766,899,,0.001
400,3230,-17.0,3.4,1003,0,,,15.547750473022461,902,5.8093581199646,0.001
404,3244,-16.25,3.25,1008,0,,,7.698537349700928,907,6.191232204437256,0.001
408,3255,-15.9,3.18,1013,0,,,1.7825894355773926,912,5.807189464569092,0.001
412,3266,-15.35,3.07,1018,0,,,8.33180570602417,917,6.2665696144104,0.001
416,3277,-14.85,2.97,1024,0,,,4.481461524963379,923,5.820417404174805,0.001
420,3289,-14.05,2.81,1028,0,,,7.55910587310791,927,5.901737689971924,0.001
424,3300,-13.25,2.65,1032,0,,,8.897422790527344,931,6.169911861419678,0.001
428,3314,-12.7,2.54,1037,0,,,2.6023783683776855,936,6.05496883392334,0.001
,,,,1040,,-10.0,2.0,8.748941421508789,939,5.206554412841797,0.001
432,3344,-11.95,2.39,1042,0,,,7.260886013507843,941,5.580471992492676,0.001
436,3357,-11.35,2.27,1046,0,,,3.2895383834838867,945,5.835933208465576,0.001
440,3372,-10.55,2.11,1050,0,,,5.7592620849609375,949,5.923113822937012,0.001
444,3384,-9.75,1.95,1054,0,,,7.014406204223633,953,5.557041168212891,0.001
448,3395,-8.95,1.79,1058,0,,,1.520684003829956,957,5.4774298667907715,0.001
452,3406,-8.15,1.63,1062,0,,,6.15147066116333,961,5.781127452850342,0.001
456,3420,-4.86505073,1.52,1071,0,,,2160.3086923137307,970,4.704257488250732,0.001
460,3435,-3.68895196,1.41,1076,0,,,19.11565589904785,975,3.738010883331299,0.001
,,,,1080,,-5.0,1.0,3950.96484375,979,2.840646505355835,0.001
464,3457,-2.15518255,1.3,1081,0,,,18.92960548400879,980,2.5022170543670654,0.001
468,3696,-1.75518255,1.22,1085,0,,,4617.708984375,984,1.6031748056411743,0.001
472,3704,-1.75518255,1.22,1089,0,,,57.39543914794922,988,1.018915057182312,0.001
476,3724,-1.8769512600000002,1.25,1097,0,,,72.23448944091797,992,0.6694504022598267,0.001
480,3750,-2.57695126,1.39,1117,0,,,975.531137084961,1012,-0.2901040216286977,0.001
,,,,1120,,-10.0,2.0,130.3012237548828,1019,0.3622635304927826,0.001
484,3783,-2.8769512600000002,1.45,1128,0,,,102.53267415364583,1027,1.367080569267273,0.001
488,3853,-2.9769512600000003,1.47,1135,0,,,85.0745620727539,1033,1.7467540502548218,0.001
492,3909,-3.17695126,1.51,1144,0,,,49.02940559387207,1039,3.2335705757141113,0.001
496,3966,-3.52695126,1.58,1157,0,,,14.99569263458252,1055,6.003272771835327,0.001
,,,,1160,,-25.0,5.0,11.859445571899414,1058,7.710640907287598,0.001
500,3976,-2.6613536399999997,1.66,1169,0,,,10.644768142700196,1066,8.45888344446818,0.001
504,3980,0.3801315199999999,1.69,1177,0,,,22.468791961669922,1072,7.333964824676514,0.001
508,3983,0.43013151999999993,1.68,1181,0,,,6456.056640625,1080,3.439612627029419,0.001
512,3988,0.43013151999999993,1.68,1186,0,,,3166.974365234375,1085,2.1129984855651855,0.001
516,3993,0.43013151999999993,1.68,1192,0,,,2627.1181640625,1090,0.8254029154777527,0.001
520,3997,0.43013151999999993,1.68,1196,0,,,66.22698974609375,1095,0.9524636268615723,0.001
,,,,1200,,-5.0,1.0,570.753662109375,1099,0.6109005808830261,0.001
524,4005,0.3801315199999999,1.69,1201,0,,,4092.4658203125,1100,-0.4129650294780731,0.001
528,4010,0.3801315199999999,1.69,1206,0,,,138.78709411621094,1105,-0.7461882829666138,0.001
532,4014,0.3801315199999999,1.69,1211,0,,,861.6544189453125,1110,-1.1457364559173584,0.001
536,4018,0.3301315199999999,1.7,1216,0,,,928.123779296875,1115,-0.27213263511657715,0.001
540,4021,0.3301315199999999,1.7,1220,0,,,80.84616088867188,1119,-0.44097715616226196,0.001
544,4025,0.2801315199999999,1.71,1225,0,,,134.32073974609375,1123,-0.3547689616680145,0.001
548,4029,0.13013151999999992,1.74,1232,0,,,93.5338134765625,1130,0.5579096078872681,0.001
552,4033,0.91112613,1.75,1237,0,,,80.33612823486328,1136,-0.19335560500621796,0.001
,,,,1240,,-5.0,1.0,23.676908493041992,1139,0.09193878620862961,0.001
556,4077,-1.62382314,1.71,1242,0,,,64.45746612548828,1140,-0.6376200914382935,0.001
560,4081,-2.1999219100000005,1.7,1246,0,,,40.33073425292969,1145,0.4431089460849762,0.001
564,4086,-3.23369132,1.71,1252,0,,,25.5640869140625,1151,0.680825412273407,0.001
568,4090,-3.23369132,1.71,1256,0,,,41.717952728271484,1155,1.3337275981903076,0.001
572,4095,-3.2836913200000004,1.72,1261,0,,,26.247736930847168,1160,0.8935860991477966,0.001
576,4099,-3.2119226100000002,1.7,1267,0,,,35.81441688537598,1166,1.0914868116378784,0.001
580,4102,-2.4119226100000004,1.54,1271,0,,,2517.60693359375,1170,1.2325471639633179,0.001
584,4105,-2.0619226100000003,1.47,1275,0,,,10.599157333374023,1174,1.773514747619629,0.001
,,,,1280,,-10.0,2.0,18.127635955810547,1179,1.3019325733184814,0.001
588,4114,-2.0119226100000005,1.46,1281,0,,,,,,
592,4118,-1.7619226100000003,1.41,1285,0,,,21.05019760131836,1184,1.0671781301498413,0.001
596,4121,-1.3119226100000003,1.32,1289,0,,,12.615984916687012,1188,1.6145238876342773,0.001
600,4126,-1.60636774,1.28,1297,0,,,26.280542373657227,1196,1.7795820236206055,0.001
604,4131,-3.83985046,1.27,1304,0,,,14.945904731750488,1203,1.0135420560836792,0.001
608,4236,-3.2692337100000004,1.3,1311,0,,,7.747247219085693,1210,2.915252685546875,0.001
612,4239,-3.2192337099999997,1.29,1315,0,,,12.057228088378906,1214,2.4237895011901855,0.001
616,4242,-3.1192337099999996,1.27,1319,0,,,4.808056831359863,1218,2.568955659866333,0.001
,,,,1320,,-5.0,1.0,26.004276275634766,1219,,0.001
620,4248,-3.1192337099999996,1.27,1323,0,,,5.6779327392578125,1222,2.9092979431152344,0.001
624,4251,-2.3159221399999996,1.3,1331,0,,,16.8951473236084,1226,2.1556103229522705,0.001
628,4254,-1.7265273999999997,1.32,1338,0,,,2291.408447265625,1234,1.809030532836914,0.001
632,4258,-1.6765274,1.31,1342,0,,,42.464088439941406,1241,1.7623379230499268,0.001
636,4314,-1.7265274,1.32,1348,0,,,4424.7666015625,1247,0.49860259890556335,0.001
640,4323,-0.8241798199999999,1.33,1353,0,,,50.89680862426758,1252,1.2775999307632446,0.001
,,,,1360,,50.20760726928711,3.0,45.75849914550781,1257,0.8129886984825134,0.001
644,4332,0.43009774,1.35,1360,0,,,,,,
648,4394,0.08009774000000021,1.42,1374,0,,,1168.6320266723633,1273,0.7821696642786264,0.001
652,4398,-0.7008968699999998,1.41,1378,0,,,37.991737365722656,1277,1.5325095653533936,0.001
656,4402,-0.90089687,1.45,1387,0,,,1164.6401023864746,1286,0.804000973701477,0.001
660,4407,-1.20089687,1.51,1397,0,,,30.719738006591797,1293,3.750206470489502,0.001
,,,,1400,,-20.0,4.0,593.1005969047546,1297,3.4788681268692017,0.001
664,4468,-1.50089687,1.57,1409,0,,,20.67819881439209,1308,6.20829963684082,0.001
668,4472,-1.70089687,1.61,1417,0,,,31.758604049682617,1316,6.970035552978516,0.001
672,4475,-1.8008968699999999,1.63,1424,0,,,7.991656303405762,1323,7.633031368255615,0.001
676,4480,-1.70089687,1.61,1428,0,,,3.978201389312744,1327,5.978280067443848,0.001
680,4483,-1.70089687,1.61,1432,0,,,15.880416870117188,1331,6.125424385070801,0.001
,,,,1440,,-5.0,1.0,6.471405982971191,1339,5.894514083862305,0.001
684,4490,-1.90089687,1.65,1440,0,,,,,,
688,4494,-2.05089687,1.68,1449,0,,,9.75294075012207,1347,7.1581597328186035,0.001
692,4498,-0.63950831,1.74,1459,0,,,4.844884634017944,1358,3.6657944917678833,0.001
696,4503,-0.63950831,1.74,1463,0,,,9.068782806396484,1362,3.9234015941619873,0.001
700,4507,-1.2106608,1.7,1467,0,,,1.506565809249878,1366,2.9256837368011475,0.001
704,4543,-1.9686632400000001,1.67,1471,0,,,8.218603134155273,1370,3.14276123046875,0.001
708,4547,-2.53927999,1.64,1475,0,,,2027.4189453125,1374,2.4125359058380127,0.001
,,,,1480,,-5.0,1.0,8.557371139526367,1379,2.557943820953369,0.001
712,4553,-2.58927999,1.65,1480,0,,,,,,
716,4556,-2.58927999,1.65,1484,0,,,14.849218368530273,1383,2.8167927265167236,0.001
720,4560,-2.73927999,1.68,1491,0,,,17.239917755126953,1389,1.678356409072876,0.001
724,4565,-3.6925915600000003,1.68,1499,0,,,26.435111045837402,1397,1.7612470388412476,0.001
728,4568,-4.2319863,1.65,1503,0,,,17.744686126708984,1402,2.0490286350250244,0.001
732,4595,-4.2819863,1.66,1508,0,,,13.625165939331055,1407,2.555753469467163,0.001
736,4600,-4.2819863,1.66,1514,0,,,4.945744514465332,1413,3.4312896728515625,0.001
740,4606,-5.234333879999999,1.66,1519,0,,,4.239112377166748,1418,3.804255723953247,0.001
,,,,1520,,-5.0,1.0,3.942736864089966,1419,,0.001
744,4613,-6.43861144,1.63,1523,0,,,2.8200912475585938,1422,4.180385589599609,0.001
748,4615,-5.93861144,1.53,1527,0,,,1.709679365158081,1426,4.560023784637451,0.001
752,4619,-5.93861144,1.53,1531,0,,,0.9622459411621094,1430,5.079196929931641,0.001
756,4622,-5.73861144,1.49,1536,0,,,1.1466052532196045,1434,4.811728477478027,0.001
760,4626,-5.43861144,1.43,1540,0,,,0.08860666304826736,1439,5.117298126220703,0.001
764,4629,-5.088611439999999,1.36,1545,0,,,0.5296664237976074,1444,5.046021461486816,0.001
768,4633,-4.88861144,1.32,1549,0,,,0.23662415146827698,1448,5.186131477355957,0.001
772,4636,-4.73861144,1.29,1553,0,,,0.06805606186389923,1452,5.108577728271484,0.001
776,4639,-4.7886114399999995,1.3,1558,0,,,0.2970457077026367,1457,5.324153423309326,0.001
,,,,1560,,-5.0,1.0,0.18213142454624176,1459,5.017346382141113,0.001
780,4647,-4.7886114399999995,1.3,1562,0,,,0.3945405185222626,1461,5.220656871795654,0.001
784,4652,-4.588611439999999,1.26,1566,0,,,0.2986341118812561,1465,5.1536946296691895,0.001
788,4655,-4.38861144,1.22,1571,0,,,0.4618631601333618,1470,5.0780768394470215,0.001
792,4661,-5.85,1.17,1576,0,,,0.0857805572450161,1475,5.105827331542969,0.001
796,4665,-5.85,1.17,1580,0,,,0.07590298354625702,1479,5.007145404815674,0.001
800,4669,-5.95,1.19,1586,0,,,0.365817055106163,1485,5.187848091125488,0.001
804,4673,-5.95,1.19,1590,0,,,0.36312031745910645,1489,5.1075263023376465,0.001
808,4676,-5.95,1.19,1594,0,,,0.30806952714920044,1493,5.179637432098389,0.001
,,,,1600,,-10.0,2.0,0.3037480153143406,1498,5.2097086906433105,0.001
812,4686,-6.05,1.21,1601,0,,,0.18323227763175964,1500,5.233911037445068,0.001
816,4689,-6.05,1.21,1605,0,,,0.48854589462280273,1504,5.495578765869141,0.001
820,4694,-5.95,1.19,1610,0,,,0.5871085077524185,1509,5.052999973297119,0.001
824,4697,-5.75,1.15,1614,0,,,0.14363013207912445,1513,5.1395697593688965,0.001
828,4701,-5.75,1.15,1618,0,,,0.35804325342178345,1517,5.215064525604248,0.001
832,4704,-5.7,1.14,1622,0,,,0.15435126423835754,1521,4.808760166168213,0.001
836,4709,-5.7,1.14,1628,0,,,1.2523047924041748,1526,4.888977527618408,0.001
840,4714,-5.7,1.14,1633,0,,,0.914766788482666,1532,4.774715423583984,0.001
844,4717,-5.75,1.15,1638,0,,,0.3580556735396385,1537,4.804851055145264,0.001
,,,,1640,,-10.0,2.0,0.40360841155052185,1539,5.469039440155029,0.001
848,4725,-5.8,1.16,1643,0,,,0.5255731344223022,1542,5.392039775848389,0.001
852,4728,-5.8,1.16,1647,0,,,0.4472631812095642,1546,4.724377632141113,0.001
856,4733,-5.75,1.15,1651,0,,,0.8755589723587036,1550,5.397792339324951,0.001
860,4736,-5.85,1.17,1657,0,,,0.6140725165605545,1556,5.385193824768066,0.001
864,4756,-5.9,1.18,1663,0,,,1.2094282507896423,1561,5.237234115600586,0.001
868,4759,-5.9,1.18,1667,0,,,1.2964873313903809,1566,5.254296779632568,0.001
872,4817,-5.95,1.19,1672,0,,,0.5689418613910675,1571,5.318094730377197,0.001
876,4821,-5.95,1.19,1677,0,,,0.3976321518421173,1576,5.085019588470459,0.001
,,,,1680,,-10.0,2.0,0.5698350667953491,1579,5.016157150268555,0.001
880,4829,-6.05,1.21,1683,0,,,0.2582238242030144,1581,5.0558037757873535,0.001
884,4832,-6.05,1.21,1687,0,,,0.29017308354377747,1586,5.375184059143066,0.001
888,4835,-6.0,1.2,1691,0,,,0.5018519759178162,1590,5.062908172607422,0.001
892,4838,-6.0,1.2,1696,0,,,0.2061287760734558,1595,5.381190776824951,0.001
896,4843,-6.1,1.22,1702,0,,,1.1072785258293152,1600,5.27781343460083,0.001
900,4846,-6.05,1.21,1707,0,,,1.8316905498504639,1606,4.916529178619385,0.001
904,4848,-6.1,1.22,1712,0,,,1.068546175956726,1611,5.04083776473999,0.001
908,4852,-6.25,1.25,1719,0,,,1.5189435482025146,1617,5.472001552581787,0.001
,,,,1720,,-5.0,1.0,0.8995068073272705,1619,5.4413275718688965,0.001
912,4859,-6.15,1.23,1724,0,,,1.7662560939788818,1622,5.7908196449279785,0.001
916,4863,-6.3,1.26,1731,0,,,1.3629249930381775,1630,5.850988864898682,0.001
920,4867,-6.35,1.27,1737,0,,,0.6227779388427734,1635,5.44625997543335,0.001
924,4871,-6.45,1.29,1743,0,,,1.3468890488147736,1642,5.531176567077637,0.001
928,4876,-6.55,1.31,1749,0,,,1.1689056158065796,1647,5.53389310836792,0.001
932,4880,-6.6,1.32,1754,0,,,0.4133812189102173,1653,5.292749881744385,0.001
,,,,1760,,-15.0,3.0,0.9279688596725464,1657,5.166578769683838,0.001
936,4892,-6.7,1.34,1762,0,,,1.005459765593211,1660,5.5244691371917725,0.001
940,4896,-6.7,1.34,1767,0,,,1.2001426219940186,1666,5.330660343170166,0.001
944,4902,-7.15158382,1.44,1782,0,,,3.289041781425476,1677,5.292354583740234,0.001
948,4906,-7.301583820000001,1.47,1790,0,,,5.371792221069336,1689,4.417773485183716,0.001
,,,,1800,,-25.0,5.0,9.014312744140625,1698,6.183983325958252,0.001
952,4916,-7.7515838200000005,1.56,1803,0,,,,,,
956,4920,-8.201583820000002,1.65,1816,0,,,4.193140864372253,1715,6.709645748138428,0.001
960,4925,-8.60158382,1.73,1830,0,,,2.5589342594146727,1727,5.95089864730835,0.001
,,,,1840,,-10.0,2.0,2.3073947429656982,1739,6.099067211151123,0.001
964,4936,-9.00158382,1.81,1844,0,,,,,,
968,4942,-9.60158382,1.93,1860,0,,,1.7856997728347779,1755,6.381485939025879,0.001
972,4948,-10.25158382,2.06,1878,0,,,1.574793291091919,1775,6.2690370082855225,0.001
,,,,1880,,-10.0,2.0,2.744360168774923,1778,6.520392894744873,0.001
976,4958,-10.60158382,2.13,1890,0,,,6.488935947418213,1786,7.267436981201172,0.001
980,4965,-11.201583820000002,2.25,1908,0,,,4.182914447784424,1803,6.701558828353882,0.001
984,4970,-11.50158382,2.31,1918,0,,,2.8078492283821106,1817,6.9487810134887695,0.001
,,,,1920,,-25.0,5.0,7.946640968322754,1818,6.891749858856201,0.001
988,4982,-12.00158382,2.41,1932,0,,,4.381447633107503,1831,6.286172866821289,0.001
992,4988,-12.35158382,2.48,1944,0,,,1.485851764678955,1841,6.720056056976318,0.001
996,4994,-12.65158382,2.54,1956,0,,,4.780084848403931,1855,6.559892416000366,0.001
,,,,1960,,-15.0,3.0,5.751972675323486,1859,6.58700704574585,0.001
1000,5005,-13.07520929,2.64,1971,0,,,10.078432369232178,1867,6.82742714881897,0.001
1004,5013,-13.67520929,2.76,1988,0,,,4.6892202496528625,1883,7.390253067016602,0.001
,,,,2000,,-25.0,5.0,17.258956909179688,1897,7.042385101318359,0.001
1008,5028,-13.97520929,2.82,2001,0,,,,,,
1012,5033,-14.52520929,2.93,2017,0,,,4.737952327728271,1912,7.157317479451497,0.001
1016,5039,-14.97520929,3.02,2033,0,,,3.988575983047485,1928,7.322690010070801,0.001
,,,,2040,,-25.0,5.0,6.465942668914795,1939,7.301352024078369,0.001
1020,5050,-15.37520929,3.1,2047,0,,,4.497933864593506,1942,7.221223831176758,0.001
1024,5057,-16.07520929,3.24,2067,0,,,4.440104341506958,1962,7.613234519958496,0.001
,,,,2080,,-25.0,5.0,6.3906989097595215,1978,7.834085146586101,0.001
1028,5068,-16.47520929,3.32,2081,0,,,,,,
1032,5073,-17.12520929,3.45,2099,0,,,7.806809616088867,1994,7.942757606506348,0.001
1036,5080,-17.62520929,3.55,2117,0,,,6.812561702728272,2013,7.539111137390137,0.001
,,,,2120,,-20.0,4.0,6.162732720375061,2017,7.882385730743408,0.001
1040,5093,-18.27520929,3.68,2135,0,,,8.79068570137024,2032,8.033486366271973,0.001
1044,5100,-18.57362547,3.73,2155,0,,,13.476428079605103,2050,7.810322920481364,0.001
,,,,2160,,-25.0,5.0,22.971499633789062,2055,8.491058588027954,0.001
1048,5116,-18.973625469999998,3.81,2171,0,,,23.595361328125,2070,8.831100781758627,0.001
1052,5121,-19.02362547,3.82,2185,0,,,15.452972412109375,2082,8.533962885538736,0.001
,,,,2200,,-15.0,3.0,23.880396525065105,2098,10.248488426208496,0.001
1056,5134,-19.17362547,3.85,2201,0,,,,,,
1060,5140,-19.27362547,3.87,2217,0,,,14.954411506652832,2112,8.212836265563965,0.001
1064,5143,-18.973625469999998,3.81,2225,0,,,11.970434951782227,2124,8.675862630208334,0.001
1068,5148,-18.82362547,3.78,2238,0,,,12.187429237365723,2137,9.189442157745361,0.001
,,,,2240,,-25.0,5.0,8.874913215637207,2138,10.051104545593262,0.001
1072,5161,-18.723625469999998,3.76,2254,0,,,9.789015674591065,2153,8.776460647583008,0.001
1076,5168,-18.92362547,3.8,2270,0,,,8.835655117034912,2165,8.511768817901611,0.001
,,,,2280,,-25.0,5.0,10.695087814331055,2176,8.281400839487711,0.001
1080,5178,-18.62362547,3.74,2282,0,,,14.110699081420899,2181,7.957381725311279,0.001
1084,5184,-19.12362547,3.84,2302,0,,,20.080506324768066,2197,7.902640342712402,0.001
,,,,2320,,-25.0,5.0,12.16112823486328,2217,8.829965114593506,0.001
1088,5195,-19.42362547,3.9,2322,0,,,,,,
1092,5200,-19.62362547,3.94,2338,0,,,10.537050819396972,2237,9.439589023590088,0.001
1096,5206,-19.82362547,3.98,2354,0,,,16.75370955467224,2253,10.18229341506958,0.001
,,,,2360,,-25.0,5.0,13.647718811035157,2259,10.037780284881592,0.001
1100,5229,-20.15,4.03,2374,0,,,20.079833602905275,2269,9.554861545562744,0.001
1104,5235,-20.3,4.06,2394,0,,,13.490274333953858,2289,9.598113536834717,0.001
,,,,2400,,-25.0,5.0,6.2153472900390625,2295,10.031037330627441,0.001
1108,5247,-20.45,4.09,2410,0,,,12.235747718811036,2305,10.379818439483643,0.001
1112,5253,-20.65,4.13,2430,0,,,14.689787101745605,2325,10.638021469116211,0.001
,,,,2440,,-25.0,5.0,8.505873870849609,2335,10.433562755584717,0.001
1116,5286,-20.85,4.17,2450,0,,,8.474488639831543,2345,10.441756248474121,0.001
1120,5344,-21.15,4.23,2470,0,,,15.99518632888794,2365,10.450408935546875,0.001
,,,,2480,,-25.0,5.0,9.841388320922851,2375,10.521806240081787,0.001
1124,5356,-20.95,4.19,2486,0,,,14.741699075698852,2385,11.167024612426758,0.001
1128,5361,-21.05,4.21,2502,0,,,14.685959148406983,2401,10.869944095611572,0.001
,,,,2520,,-25.0,5.0,20.487149238586426,2417,10.729132652282715,0.001
1132,5421,-21.15,4.23,2522,0,,,,,,
1136,5427,-21.05,4.21,2538,0,,,27.109396934509277,2433,10.536322116851807,0.001
1140,5529,-20.75,4.15,2550,0,,,11.608770370483398,2445,10.297731399536133,0.001
,,,,2560,,-25.0,5.0,21.533162593841553,2455,10.750194549560547,0.001
1144,5541,-20.75,4.15,2570,0,,,13.54128656387329,2465,10.997546672821045,0.001
1148,5547,-20.95,4.19,2590,0,,,13.400625801086425,2485,11.868354320526123,0.001
,,,,2600,,-25.0,5.0,17.432158851623534,2495,11.375002384185791,0.001
1152,5559,-21.25,4.25,2610,0,,,20.425290489196776,2505,11.228271961212158,0.001
1156,5565,-21.25,4.25,2626,0,,,18.613067626953125,2521,11.854026794433594,0.001
,,,,2640,,-25.0,5.0,28.36388397216797,2537,11.676396052042643,0.001
1160,5576,-21.25,4.25,2642,0,,,,,,
1164,5583,-21.85,4.37,2662,0,,,30.39174747467041,2557,11.441572189331055,0.001
1168,5588,-22.0,4.4,2678,0,,,10.261406898498535,2573,11.40260378519694,0.001
,,,,2680,,-25.0,5.0,24.63342456817627,2578,11.350268046061197,0.001
1172,5600,-22.2,4.44,2698,0,,,25.924235153198243,2593,10.823405742645264,0.001
1176,5606,-22.4,4.48,2718,0,,,28.701448440551758,2613,11.894650936126709,0.001
,,,,2720,,-25.0,5.0,16.254249382019044,2618,11.583747863769531,0.001
1180,5618,-22.8,4.56,2738,0,,,16.090623760223387,2633,12.226428031921387,0.001
1184,5624,-22.8,4.56,2758,0,,,17.99533920288086,2653,11.874707698822021,0.001
,,,,2760,,-25.0,5.0,18.6436146736145,2658,12.292601585388184,0.001
1188,5635,-22.6,4.52,2774,0,,,20.323636627197267,2673,12.067826747894287,0.001
1192,5641,-22.8,4.56,2794,0,,,36.34480667114258,2689,12.434748649597168,0.001
,,,,2800,,-25.0,5.0,23.273255920410158,2699,12.190476894378662,0.001
1196,5652,-23.0,4.6,2814,0,,,40.77706336975098,2709,11.936710357666016,0.001
1200,5660,-23.0,4.6,2834,0,,,27.649738311767578,2729,12.03540325164795,0.001
,,,,2840,,-25.0,5.0,22.09905586242676,2739,12.723625183105469,0.001
1204,5672,-22.8,4.56,2850,0,,,46.478485107421875,2745,13.137197812398275,0.001
1208,5730,-23.0,4.6,2870,0,,,31.546940803527832,2765,12.346575736999512,0.001
,,,,2880,,-25.0,5.0,47.87376403808594,2776,12.90893268585205,0.001
1212,5740,-22.8,4.56,2886,0,,,41.59421634674072,2781,12.239460945129395,0.001
1216,5745,-22.6,4.52,2902,0,,,60.404075622558594,2797,13.144943237304688,0.001
,,,,2920,,-25.0,5.0,28.66743450164795,2817,12.765222072601318,0.001
1220,5756,-22.6,4.52,2922,0,,,,,,
1224,5762,-22.8,4.56,2942,0,,,22.55403881072998,2837,12.349587440490723,0.001
1228,5767,-22.8,4.56,2958,0,,,55.87153244018555,2853,13.924598375956217,0.001
,,,,2960,,-25.0,5.0,15.441986846923829,2858,14.011068344116211,0.001
1232,5781,-22.8,4.56,2978,0,,,27.95784111022949,2873,13.405084133148193,0.001
1236,5786,-23.0,4.6,2998,0,,,39.15046558380127,2893,12.500288009643555,0.001
,,,,3000,,-25.0,5.0,41.22418212890625,2898,11.929893493652344,0.001
1240,5798,-23.4,4.68,3018,0,,,41.356455612182614,2913,12.020391941070557,0.001
1244,5802,-23.2,4.64,3034,0,,,44.847343826293944,2933,13.970067024230957,0.001
,,,,3040,,-25.0,5.0,33.763895416259764,2939,13.513034343719482,0.001
1248,5813,-23.2,4.64,3054,0,,,43.555077362060544,2949,13.093149185180664,0.001
1252,5818,-22.8,4.56,3066,0,,,35.57036247253418,2961,12.856073379516602,0.001
,,,,3080,,-25.0,5.0,56.34535217285156,2977,11.387271563212076,0.001
1256,5829,-22.8,4.56,3082,0,,,,,,
1260,5835,-23.0,4.6,3102,0,,,46.05455780029297,2997,13.7636137008667,0.001
1264,5840,-22.8,4.56,3118,0,,,30.830845499038695,3017,14.468476295471191,0.001
,,,,3120,,-25.0,5.0,11.515969276428223,3018,14.1666841506958,0.001
1268,5852,-22.8,4.56,3134,0,,,22.57085790634155,3033,14.12190580368042,0.001
1272,5856,-22.2,4.44,3142,0,,,36.19540023803711,3037,13.685858726501465,0.001
,,,,3160,,-25.0,5.0,65.26382064819336,3057,12.921192169189453,0.001
1276,5868,-22.2,4.44,3162,0,,,,,,
1280,5873,-21.8,4.36,3174,0,,,47.981405639648436,3073,12.87096643447876,0.001
1284,5879,-21.8,4.36,3194,0,,,34.12675876617432,3089,15.13304328918457,0.001
,,,,3200,,-25.0,5.0,38.554118919372556,3099,14.081926345825195,0.001
1288,5890,-22.0,4.4,3214,0,,,31.734593772888182,3109,13.820615291595459,0.001
1292,5894,-21.8,4.36,3230,0,,,45.47442855834961,3125,14.160918235778809,0.001
,,,,3240,,-25.0,5.0,36.4811315536499,3135,15.331957340240479,0.001
1296,5907,-21.8,4.36,3250,0,,,26.613417625427246,3145,15.847777366638184,0.001
1300,5913,-21.8,4.36,3270,0,,,40.540601348876955,3165,13.828309059143066,0.001
,,,,3280,,-25.0,5.0,36.17352733612061,3175,14.671648025512695,0.001
1304,5925,-22.0,4.4,3290,0,,,50.10563507080078,3185,13.743171215057373,0.001
1308,5931,-21.6,4.32,3302,0,,,52.449650573730466,3201,14.022168159484863,0.001
,,,,3320,,-25.0,5.0,86.73448028564454,3217,13.534478187561035,0.001
1312,5992,-21.8,4.36,3322,0,,,,,,
1316,5997,-22.0,4.4,3342,0,,,64.39304809570312,3237,13.439326763153076,0.001
,,,,3360,,-25.0,5.0,30.45463333129883,3257,13.324019432067871,0.001
1320,6058,-22.0,4.4,3362,0,,,,,,
1324,6063,-21.8,4.36,3378,0,,,44.721275329589844,3277,13.69730520248413,0.001
1328,6069,-22.0,4.4,3398,0,,,31.298261642456055,3293,14.670947551727295,0.001
,,,,3400,,-25.0,5.0,56.23644943237305,3298,14.225068728129068,0.001
1332,6083,-22.0,4.4,3418,0,,,39.30347442626953,3313,14.382691383361816,0.001
1336,6087,-21.8,4.36,3434,0,,,62.48375701904297,3329,15.000998497009277,0.001
,,,,3440,,-25.0,5.0,43.400856018066406,3335,13.549327532450357,0.001
1340,6099,-21.45,4.29,3447,0,,,34.06399669647217,3345,15.658042430877686,0.001
1344,6104,-21.25,4.25,3459,0,,,79.85414505004883,3354,13.704718589782715,0.001
1348,6109,-20.95,4.19,3473,0,,,40.56456298828125,3371,11.9548659324646,0.001
,,,,3480,,-10.0,2.0,27.847597122192383,3379,15.153613090515137,0.001
1352,6119,-21.0,4.2,3486,0,,,54.336904525756836,3381,11.657797813415527,0.001
1356,6172,-20.6,4.12,3494,0,,,59.72087860107422,3393,12.356432914733887,0.001
1360,6229,-20.3,4.06,3508,0,,,52.571298599243164,3403,14.9666109085083,0.001
,,,,3520,,-25.0,5.0,65.64180501302083,3415,11.036389350891113,0.001
1364,6240,-20.35,4.07,3525,0,,,58.414770889282224,3420,11.87292226155599,0.001
1368,6245,-20.55,4.11,3545,0,,,55.05626373291015,3440,11.668912887573242,0.001
,,,,3560,,-25.0,5.0,66.85444984436035,3456,13.985785166422525,0.001
1372,6255,-20.95,4.19,3561,0,,,,,,
1376,6260,-20.75,4.15,3577,0,,,66.74038982391357,3476,15.123540878295898,0.001
1380,6266,-21.15,4.23,3597,0,,,52.65050354003906,3492,13.503032366434732,0.001
,,,,3600,,-10.0,2.0,168.070556640625,3498,15.113428115844727,0.001
1384,6322,-20.45,4.09,3603,0,,,38.858795166015625,3501,14.228100776672363,0.001
1388,6328,-20.3,4.06,3620,0,,,223.53912658691405,3515,17.940218925476074,0.001
1392,6335,-20.3,4.06,3636,0,,,167.917236328125,3531,19.871209462483723,0.001
,,,,3640,,-25.0,5.0,272.4477813720703,3536,22.928381601969402,0.001
1396,6347,-20.1,4.02,3652,0,,,431.990478515625,3547,23.419623692830402,0.001
1400,6353,-19.9,3.98,3668,0,,,98.83921813964844,3563,26.810330708821613,0.001
,,,,3680,,-25.0,5.0,326.0598571777344,3578,26.961806615193684,0.001
1404,6364,-19.9,3.98,3688,0,,,295.69652557373047,3583,22.431066513061523,0.001
1408,6370,-20.3,4.06,3708,0,,,318.16412963867185,3603,22.171598434448242,0.001
,,,,3720,,-25.0,5.0,358.7469482421875,3618,26.18058713277181,0.001
1412,6382,-20.3,4.06,3728,0,,,261.81531219482423,3623,23.19534397125244,0.001
1416,6388,-20.25,4.05,3747,0,,,273.2122283935547,3643,21.931501388549805,0.001
,,,,3760,,-15.0,3.0,269.3384552001953,3657,20.64865779876709,0.001
1420,6400,-20.15,4.03,3765,0,,,150.0039265950521,3660,20.181302070617676,0.001
1424,6407,-20.35,4.07,3785,0,,,99.50342254638672,3680,16.16187063852946,0.001
,,,,3800,,-25.0,5.0,73.41033782958985,3695,13.664306640625,0.001
1428,6420,-20.35,4.07,3805,0,,,61.8239387512207,3700,14.313090642293295,0.001
1432,6428,-20.35,4.07,3825,0,,,60.88428497314453,3720,13.414945284525553,0.001
,,,,3840,,-25.0,5.0,42.43143577575684,3736,16.073126792907715,0.001
1436,6439,-20.35,4.07,3841,0,,,,,,
1440,6444,-20.5,4.1,3857,0,,,73.51605224609375,3752,14.699963887532553,0.001
1444,6449,-20.7,4.14,3873,0,,,87.60342102050781,3768,12.800666809082031,0.001
,,,,3880,,-25.0,5.0,50.893603515625,3778,15.586559295654297,0.001
1448,6461,-21.0,4.2,3893,0,,,40.06316375732422,3788,17.263765970865887,0.001
1452,6467,-21.15,4.23,3909,0,,,69.68687515258789,3804,14.36156431833903,0.001
,,,,3920,,-25.0,5.0,61.62470397949219,3819,12.874650001525879,0.001
1456,6535,-21.75,4.35,3929,0,,,73.30564346313477,3824,13.283647537231445,0.001
1460,6542,-22.05,4.41,3949,0,,,50.79945793151855,3844,15.132230440775553,0.001
,,,,3960,,-25.0,5.0,34.98758163452148,3859,16.8255615234375,0.001
1464,6552,-22.0,4.4,3965,0,,,60.677727699279785,3864,16.485973993937176,0.001
1468,6577,-21.8,4.36,3981,0,,,80.05809631347657,3876,13.529337247212728,0.001
,,,,4000,,-25.0,5.0,58.197329711914065,3896,16.394927342732746,0.001
1472,6588,-22.0,4.4,4001,0,,,,,,
1476,6593,-22.2,4.44,4021,0,,,47.608453369140626,3916,16.10474745432536,0.001
,,,,4040,,-25.0,5.0,66.08501071929932,3936,15.734566688537598,0.001
1480,6607,-22.2,4.44,4041,0,,,,,,
1484,6613,-22.7,4.54,4057,0,,,52.85097732543945,3956,16.161344528198242,0.001
1488,6619,-22.85,4.57,4077,0,,,65.78577423095703,3972,15.748810450236002,0.001
,,,,4080,,-25.0,5.0,57.858419036865236,3977,14.826696872711182,0.001
1492,6632,-23.05,4.61,4097,0,,,53.32421035766602,3992,15.11962604522705,0.001
1496,6638,-23.25,4.65,4117,0,,,54.44107093811035,4012,16.18491013844808,0.001
,,,,4120,,-25.0,5.0,58.17117614746094,4017,18.12082290649414,0.001
1500,6649,-23.45,4.69,4137,0,,,59.81753082275391,4032,16.251124382019043,0.001
1504,6658,-23.25,4.65,4153,0,,,90.86570739746094,4048,16.37574577331543,0.001
,,,,4160,,-25.0,5.0,75.0732810974121,4058,16.4603853225708,0.001
1508,6670,-23.05,4.61,4169,0,,,68.38275451660157,4068,17.141969045003254,0.001
1512,6675,-22.9,4.58,4186,0,,,108.01968688964844,4081,14.63193130493164,0.001
1516,6684,-22.6,4.52,4199,0,,,65.28005981445312,4095,13.060087203979492,0.001
,,,,4200,,-20.0,4.0,74.6083755493164,4099,13.55013656616211,0.001
1520,6699,-22.65,4.53,4218,0,,,61.50714340209961,4113,13.933127880096436,0.001
1524,6706,-22.65,4.53,4238,0,,,21.706289100646973,4133,11.092959880828857,0.001
,,,,4240,,-25.0,5.0,14.854376029968261,4138,11.749339739481607,0.001
1528,6722,-22.65,4.53,4258,0,,,14.768011093139648,4153,10.926904201507568,0.001
1532,6728,-22.65,4.53,4278,0,,,12.410326385498047,4173,11.490533351898193,0.001
,,,,4280,,-25.0,5.0,11.98835334777832,4178,11.381762186686197,0.001
1536,6741,-22.65,4.53,4294,0,,,23.456320095062257,4189,12.311999320983887,0.001
1540,6748,-22.65,4.53,4310,0,,,27.18650245666504,4205,11.83891487121582,0.001
,,,,4320,,-25.0,5.0,44.40315055847168,4215,11.93790864944458,0.001
1544,6760,-22.45,4.49,4322,0,,,24.90272331237793,4221,11.673344612121582,0.001
1548,6767,-22.45,4.49,4342,0,,,33.38726234436035,4237,12.471472263336182,0.001
1552,6773,-22.45,4.49,4358,0,,,52.21777114868164,4257,11.816839694976807,0.001
,,,,4360,,-25.0,5.0,85.47543334960938,4258,12.91544246673584,0.001
1556,6803,-22.45,4.49,4378,0,,,37.661573791503905,4273,11.644949436187744,0.001
1560,6807,-22.25,4.45,4394,0,,,44.43516235351562,4289,13.00338888168335,0.001
,,,,4400,,-25.0,5.0,25.351913070678712,4299,12.085928916931152,0.001
1564,6821,-22.45,4.49,4414,0,,,40.02930183410645,4309,13.029711246490479,0.001
1568,6826,-22.45,4.49,4430,0,,,39.36843471527099,4329,12.86230754852295,0.001
,,,,4440,,-25.0,5.0,33.83544998168945,4335,12.81331729888916,0.001
1572,6839,-22.45,4.49,4450,0,,,58.91041221618652,4345,13.033777713775635,0.001
1576,6845,-22.45,4.49,4470,0,,,27.25462646484375,4365,14.188629150390625,0.001
,,,,4480,,-25.0,5.0,117.04052734375,4376,15.511996269226074,0.001
1580,6856,-22.25,4.45,4486,0,,,33.560056114196776,4381,14.778267860412598,0.001
1584,6861,-22.25,4.45,4502,0,,,51.844093322753906,4401,12.976452350616455,0.001
1588,6866,-22.05,4.41,4518,0,,,36.197052001953125,4417,12.505583763122559,0.001
,,,,4520,,-25.0,5.0,32.256813049316406,4418,14.740389823913574,0.001
1592,6878,-21.85,4.37,4534,0,,,39.690429496765134,4429,13.16889762878418,0.001
1596,6884,-21.85,4.37,4554,0,,,58.453468322753906,4449,12.934655666351318,0.001
,,,,4560,,-25.0,5.0,26.821155548095703,4455,12.972638130187988,0.001
1600,6895,-21.45,4.29,4566,0,,,62.5903434753418,4461,13.13239828745524,0.001
1604,6901,-21.45,4.29,4582,0,,,23.81997299194336,4477,12.419160842895508,0.001
,,,,4600,,-25.0,5.0,42.86831779479981,4497,13.318955421447754,0.001
1608,6918,-21.65,4.33,4602,0,,,,,,
1612,6924,-21.8,4.36,4622,0,,,32.31241416931152,4517,14.213833808898926,0.001
1616,6930,-21.95,4.39,4638,0,,,39.968532180786134,4533,14.264599800109863,0.001
,,,,4640,,-5.0,1.0,31.38010025024414,4539,13.510794639587402,0.001
1620,6939,-21.6,4.32,4650,0,,,83.48539733886719,4545,13.447319984436035,0.001
1624,6944,-21.2,4.24,4662,0,,,48.31842041015625,4557,11.753996849060059,0.001
1628,6951,-21.0,4.2,4678,0,,,59.68012390136719,4573,13.223105430603027,0.001
,,,,4680,,-25.0,5.0,65.20910530090332,4578,12.545750935872396,0.001
1632,6964,-21.0,4.2,4698,0,,,52.90466079711914,4593,13.113259315490723,0.001
1636,6969,-20.8,4.16,4710,0,,,52.16942253112793,4605,14.420616626739502,0.001
,,,,4720,,-25.0,5.0,32.5958755493164,4616,14.658919016520182,0.001
1640,6982,-20.8,4.16,4726,0,,,42.1361780166626,4621,14.33080005645752,0.001
1644,6991,-21.2,4.24,4746,0,,,28.23111763000488,4641,14.372273921966553,0.001
,,,,4760,,-25.0,5.0,50.747344207763675,4656,14.542715708414713,0.001
1648,7007,-21.2,4.24,4766,0,,,18.46207752227783,4661,15.11814022064209,0.001
1652,7011,-21.0,4.2,4778,0,,,10.723371505737305,4677,14.65916379292806,0.001
1656,7017,-20.8,4.16,4794,0,,,52.41679573059082,4689,15.367764949798584,0.001
,,,,4800,,-25.0,5.0,54.6399486541748,4699,13.143901824951172,0.001
1660,7030,-21.0,4.2,4814,0,,,41.911730003356936,4709,13.902098178863525,0.001
1664,7040,-21.0,4.2,4834,0,,,35.02378616333008,4729,13.584422588348389,0.001
,,,,4840,,-25.0,5.0,57.60652656555176,4739,14.479102611541748,0.001
1668,7056,-21.2,4.24,4854,0,,,34.4968279838562,4749,15.52992057800293,0.001
1672,7063,-21.2,4.24,4874,0,,,55.0803035736084,4769,14.904356479644775,0.001
,,,,4880,,-25.0,5.0,45.30076313018799,4779,14.701548099517822,0.001
1676,7076,-21.0,4.2,4890,0,,,15.768777847290039,4785,15.433234214782715,0.001
1680,7083,-21.2,4.24,4910,0,,,61.01548194885254,4805,13.51023530960083,0.001
,,,,4920,,-25.0,5.0,55.81298828125,4815,14.494287967681885,0.001
1684,7101,-21.4,4.28,4930,0,,,27.063330841064452,4825,15.650200843811035,0.001
1688,7106,-21.4,4.28,4946,0,,,55.906922340393066,4841,16.5464506149292,0.001
,,,,4960,,-25.0,5.0,62.377505493164065,4856,13.445858001708984,0.001
1692,7122,-21.6,4.32,4966,0,,,80.14569549560547,4861,13.166305541992188,0.001
1696,7128,-21.4,4.28,4982,0,,,27.794231414794922,4881,14.861835956573486,0.001
1700,7135,-21.6,4.32,4998,0,,,102.54801177978516,4893,14.836959838867188,0.001
,,,,5000,,-25.0,5.0,66.46287994384765,4898,14.0195099512736,0.001
1704,7150,-21.6,4.32,5014,0,,,26.25423240661621,4909,15.667948404947916,0.001
1708,7157,-21.4,4.28,5030,0,,,85.39033432006836,4925,14.67797040939331,0.001
,,,,5040,,-25.0,5.0,61.392041015625,4935,12.630815029144287,0.001
1712,7174,-21.4,4.28,5050,0,,,47.4546501159668,4945,12.800699234008789,0.001
1716,7180,-21.6,4.32,5070,0,,,42.48089332580567,4965,14.69262170791626,0.001
,,,,5080,,-25.0,5.0,50.1864595413208,4976,15.817692438761393,0.001
1720,7192,-21.8,4.36,5086,0,,,50.728807067871095,4981,15.145393371582031,0.001
1724,7199,-22.2,4.44,5106,0,,,61.0139720916748,5001,15.484781742095947,0.001
,,,,5120,,-25.0,5.0,81.05979461669922,5017,15.911938667297363,0.001
1728,7210,-22.2,4.44,5122,0,,,,,,
1732,7284,-22.0,4.4,5138,0,,,108.66881561279297,5033,14.34019915262858,0.001
1736,7291,-22.4,4.48,5158,0,,,35.47022457122803,5053,15.3837890625,0.001
,,,,5160,,-25.0,5.0,34.556990432739255,5058,15.623677571614584,0.001
1740,7359,-22.6,4.52,5178,0,,,60.1736457824707,5073,14.496220588684082,0.001
1744,7366,-22.4,4.48,5194,0,,,45.19405975341797,5093,15.448843479156494,0.001
,,,,5200,,-25.0,5.0,44.92098503112793,5099,15.588577270507812,0.001
1748,7378,-22.3,4.46,5212,0,,,93.10788472493489,5107,16.17947769165039,0.001
1752,7387,-22.6,4.52,5230,0,,,58.39296646118164,5125,14.855952739715576,0.001
,,,,5240,,-25.0,5.0,47.55761604309082,5135,16.972740173339844,0.001
1756,7399,-22.7,4.54,5248,0,,,55.36433347066244,5143,16.697980880737305,0.001
1760,7407,-22.55,4.51,5265,0,,,37.25882787704468,5160,18.33723513285319,0.001
,,,,5280,,-20.0,4.0,140.33611297607422,5176,19.411273956298828,0.001
1764,7420,-22.3,4.46,5280,0,,,,,,
1768,7429,-22.05,4.41,5295,0,,,140.62817840576173,5193,19.305850982666016,0.001
1772,7433,-21.35,4.27,5301,0,,,181.47345733642578,5200,19.903860092163086,0.001
1776,7439,-21.1,4.22,5312,0,,,180.51010131835938,5210,19.85333251953125,0.001
1780,7443,-20.45,4.09,5319,0,,,313.72412872314453,5217,20.647024154663086,0.001
,,,,5320,,-5.0,1.0,190.96290588378906,5219,19.715314865112305,0.001
1784,7450,-19.8,3.96,5326,0,,,258.281494140625,5224,17.998743057250977,0.001
1788,7455,-19.05776368,3.88,5334,0,,,102.28610229492188,5232,14.010174751281738,0.001
1792,7460,-18.2596914,3.75,5341,0,,,74.0898208618164,5238,11.13045883178711,0.001
1796,7463,-17.7096914,3.64,5346,0,,,248.0758514404297,5245,10.606074333190918,0.001
1800,7467,-17.109691400000003,3.52,5350,0,,,93.96562194824219,5249,11.5628662109375,0.001
1804,7470,-16.685043120000003,3.44,5358,0,,,83.5309066772461,5253,10.573975563049316,0.001
,,,,5360,,-25.0,5.0,99.05036087036133,5258,9.899329821268717,0.001
1808,7481,-16.73504312,3.45,5375,0,,,61.32347412109375,5270,9.203759670257568,0.001
1812,7486,-16.48504312,3.4,5390,0,,,77.51421966552735,5289,8.144434690475464,0.001
,,,,5400,,-16.818252086639404,5.0,66.36817016601563,5296,8.879554430643717,0.001
1816,7499,-15.46856824,3.36,5406,0,,,35.00839347839356,5301,10.150826454162598,0.001
1820,7503,-12.81718475,3.27,5413,0,,,1683.102126121521,5312,12.56605052947998,0.001
1824,7507,-12.117184750000002,3.13,5419,0,,,116.92591857910156,5317,10.648117065429688,0.001
1828,7511,-11.517184750000002,3.01,5423,0,,,72.89352416992188,5322,9.657289505004883,0.001
1832,7514,-9.985161560000002,2.9,5428,0,,,1520.193359375,5326,7.11726713180542,0.001
1836,7518,-9.23516156,2.75,5433,0,,,61.506378173828125,5331,6.760446071624756,0.001
1840,7521,-8.43516156,2.59,5437,0,,,2497.11572265625,5336,5.139862060546875,0.001
,,,,5440,,-5.0,1.0,719.488561630249,5339,4.492602825164795,0.001
1844,7531,-7.885161559999999,2.48,5442,0,,,323.12322998046875,5341,4.029071807861328,0.001
1848,7536,-7.185161559999999,2.34,5446,0,,,231.47113037109375,5345,3.1579201221466064,0.001
1852,7540,-6.485161559999999,2.2,5450,0,,,1419.45068359375,5349,2.8170394897460938,0.001
1856,7545,-5.785161559999999,2.06,5454,0,,,27.834897994995117,5353,2.650420904159546,0.001
1860,7548,-5.135161559999999,1.93,5458,0,,,13.378532409667969,5357,2.8892757892608643,0.001
1864,7552,-4.5851615599999995,1.82,5462,0,,,10.999229431152344,5361,2.5655605792999268,0.001
1868,7555,-4.135161559999999,1.73,5468,0,,,116.50284576416016,5367,2.874455451965332,0.001
1872,7561,-4.03516156,1.71,5472,0,,,183.84869384765625,5371,3.699101209640503,0.001
1876,7565,-3.73516156,1.65,5477,0,,,0.6630235910415649,5376,4.4099650382995605,0.001
,,,,5480,,-5.0,1.0,159.07857513427734,5379,4.6131510734558105,0.001
1880,7573,-3.63516156,1.63,5482,0,,,150.983154296875,5381,4.288089275360107,0.001
1884,7579,-2.2431446799999994,1.62,5488,0,,,136.55352783203125,5386,5.250556945800781,0.001
1888,7583,-1.6709419399999998,1.59,5493,0,,,133.01856994628906,5392,5.470346450805664,0.001
1892,7587,-0.08415927999999993,1.58,5499,0,,,1854.8860683441162,5398,4.492846488952637,0.001
1896,7593,6.867738859999999,1.66,5512,0,,,2648.423811340332,5410,1.6304786602656047,0.001
,,,,5520,,79.33450317382812,2.0,4613.132507324219,5419,-1.5784889459609985,0.001
1900,7603,11.07585606,1.71,5521,0,,,,,,
1904,7623,11.25120778,1.67,5525,0,,,5019.6953125,5424,-4.8059797286987305,0.001
1908,7629,11.90120778,1.54,5529,0,,,992.1859130859375,5428,-6.563385009765625,0.001
1912,7636,14.041506359999998,1.45,5535,0,,,4326.936279296875,5434,-11.350312232971191,0.001
1916,7640,15.527968179999998,1.35,5541,0,,,4264.1865234375,5439,-17.402084350585938,0.001
1920,7647,18.805554569999998,1.39,5552,0,,,2358.6371256510415,5447,-24.52956199645996,0.001
1924,7651,18.805554569999998,1.39,5558,0,,,3212.855712890625,5457,-28.646020889282227,0.001
,,,,5560,,-5.0,1.0,1821.3175048828125,5459,-25.329833984375,0.001
1928,7660,18.805554569999998,1.39,5562,0,,,1709.78515625,5461,-25.33735466003418,0.001
1932,7664,17.87353138,1.38,5566,0,,,2917.178955078125,5465,-22.83892822265625,0.001
1936,7668,17.72353138,1.41,5574,0,,,2335.564453125,5469,-18.905092239379883,0.001
1940,7673,17.72353138,1.41,5578,0,,,681.07958984375,5477,-13.186358451843262,0.001
1944,7677,17.773531379999998,1.4,5582,0,,,774.1287231445312,5481,-11.421382904052734,0.001
1948,7680,17.773531379999998,1.4,5586,0,,,786.859619140625,5485,-7.448146820068359,0.001
1952,7683,17.773531379999998,1.4,5590,0,,,473.396728515625,5489,-6.80110502243042,0.001
1956,7688,17.773531379999998,1.4,5594,0,,,179.035400390625,5493,-5.164502143859863,0.001
,,,,5600,,-25.0,5.0,155.3459930419922,5497,-4.236005783081055,0.001
1960,7699,17.57353138,1.44,5602,0,,,,,,
1964,7703,17.57353138,1.44,5606,0,,,277.81256103515625,5505,-1.241571307182312,0.001
1968,7706,17.67353138,1.42,5610,0,,,131.95236206054688,5509,0.9386288523674011,0.001
1972,7710,17.47353138,1.46,5618,0,,,77.7340274810791,5517,2.897767186164856,0.001
1976,7715,17.32353138,1.49,5626,0,,,4.27429723739624,5525,4.903283596038818,0.001
1980,7721,17.37353138,1.48,5630,0,,,59.79113006591797,5529,6.222829341888428,0.001
1984,7725,16.1315145,1.46,5634,0,,,42.863887786865234,5533,7.189938545227051,0.001
,,,,5640,,-5.0,1.0,36.690322685241696,5539,6.944943904876709,0.001
1988,7733,15.217075439999999,1.49,5642,0,,,48.70376968383789,5541,10.150801658630371,0.001
1992,7737,13.632220499999999,1.47,5646,0,,,57.28373336791992,5545,8.096905708312988,0.001
1996,7743,6.73032236,1.38,5650,0,,,34.648345947265625,5549,9.240221977233887,0.001
2000,7749,2.52220516,1.33,5654,0,,,30.425312042236328,5553,9.147027969360352,0.001
2004,7753,2.1222051599999996,1.41,5666,0,,,32.33567008972168,5565,8.400591373443604,0.001
2008,7758,2.1222051599999996,1.41,5670,0,,,29.500946044921875,5569,6.577658176422119,0.001
2012,7762,0.5319065799999998,1.39,5674,0,,,24.445186614990234,5573,7.300872802734375,0.001
,,,,5680,,-25.0,5.0,40.470359802246094,5576,8.061633110046387,0.001
2016,7774,-1.3710301200000004,1.41,5682,0,,,26.8150577545166,5581,8.138774156570435,0.001
2020,7779,-7.1,1.42,5694,0,,,20.76618194580078,5589,6.724555492401123,0.001
2024,7783,-7.0,1.4,5698,0,,,7.114275932312012,5597,8.350957870483398,0.001
2028,7787,-7.0,1.4,5702,0,,,20.130117416381836,5601,8.767386436462402,0.001
2032,7791,-7.2,1.44,5710,0,,,34.32434844970703,5605,6.123761177062988,0.001
2036,7796,-7.2,1.44,5718,0,,,10.451187133789062,5617,7.076087951660156,0.001
,,,,5720,,-5.0,1.0,8.169670104980469,5619,8.38584041595459,0.001
2040,7805,-7.2,1.44,5722,0,,,37.62541198730469,5621,8.02384090423584,0.001
2044,7809,-7.2,1.44,5726,0,,,22.503868103027344,5625,7.5691237449646,0.001
2048,7815,-7.4,1.48,5734,0,,,26.555768966674805,5633,7.640821933746338,0.001
2052,7878,-7.45,1.49,5739,0,,,18.051419734954834,5638,8.587847709655762,0.001
2056,7885,-7.65,1.53,5747,0,,,34.32722473144531,5642,7.647653102874756,0.001
2060,7888,-7.45,1.49,5751,0,,,14.215999603271484,5650,6.235969543457031,0.001
2064,7893,-7.45,1.49,5755,0,,,3.6447501182556152,5654,7.301033020019531,0.001
,,,,5760,,-25.0,5.0,14.524847030639648,5655,,0.001
2068,7905,-7.65,1.53,5763,0,,,19.072235107421875,5662,8.387672424316406,0.001
2072,7914,-7.45,1.49,5767,0,,,1.5459566116333008,5666,5.872804164886475,0.001
2076,7918,-7.45,1.49,5775,0,,,5.717661380767822,5674,8.063542366027832,0.001
2080,7923,-7.65,1.53,5783,0,,,13.29813289642334,5678,8.481832504272461,0.001
2084,7930,-7.85,1.57,5791,0,,,13.167796325683593,5690,6.797778129577637,0.001
2088,7935,-7.65,1.53,5795,0,,,4.390422821044922,5694,6.8176589012146,0.001
2092,7940,-7.65,1.53,5799,0,,,47.08789825439453,5698,9.848071098327637,0.001
,,,,5800,,-5.0,1.0,4.103935241699219,5699,,0.001
2096,7948,-7.85,1.57,5807,0,,,17.926044464111328,5706,5.889751434326172,0.001
2100,7952,-8.25,1.65,5819,0,,,23.976231384277344,5718,8.751376469930014,0.001
2104,7956,-8.05,1.61,5827,0,,,30.903934478759766,5726,9.464163780212402,0.001
2108,7962,-8.25,1.65,5835,0,,,32.018043518066406,5734,8.435385704040527,0.001
2112,7965,-8.25,1.65,5839,0,,,15.551437377929688,5738,7.403900146484375,0.001
,,,,5840,,-5.0,1.0,9.777229309082031,5739,,0.001
2116,7977,-8.05,1.61,5843,0,,,42.68913650512695,5742,10.314715385437012,0.001
2120,7982,-7.85,1.57,5851,0,,,10.07686996459961,5746,9.292333602905273,0.001
2124,7986,-7.85,1.57,5855,0,,,11.479697227478027,5754,9.106673240661621,0.001
2128,7991,-8.05,1.61,5863,0,,,22.69874801635742,5762,10.274136225382486,0.001
2132,7995,-7.85,1.57,5867,0,,,23.478984832763672,5766,7.651008129119873,0.001
2136,7999,-7.65,1.53,5871,0,,,11.451431274414062,5770,8.319808959960938,0.001
2140,8003,-7.65,1.53,5875,0,,,7.112030506134033,5774,7.741115093231201,0.001
,,,,5880,,-25.0,5.0,7.340147972106934,5775,,0.001
2144,8015,-8.05,1.61,5887,0,,,21.141526412963866,5786,7.7104560534159345,0.001
2148,8019,-7.85,1.57,5891,0,,,34.41166687011719,5790,8.337785720825195,0.001
2152,8024,-8.2,1.64,5903,0,,,7.192229270935059,5798,8.538488388061523,0.001
2156,8028,-8.2,1.64,5911,0,,,29.433975219726562,5810,8.2394437789917,0.001
2160,8032,-8.2,1.64,5915,0,,,37.61360168457031,5814,7.038608074188232,0.001
2164,8035,-8.2,1.64,5919,0,,,37.04829406738281,5818,9.827394485473633,0.001
,,,,5920,,-5.0,1.0,15.616908073425293,5819,,0.001
2168,8045,-8.0,1.6,5923,0,,,12.476818084716797,5822,7.383998394012451,0.001
2172,8049,-8.2,1.64,5931,0,,,22.915090560913086,5830,7.169396082560222,0.001
2176,8052,-8.0,1.6,5935,0,,,13.417705535888672,5834,7.961917400360107,0.001
2180,8055,-7.8,1.56,5939,0,,,26.910694122314453,5838,6.320652484893799,0.001
2184,8059,-7.6,1.52,5943,0,,,13.336275100708008,5842,8.191427230834961,0.001
2188,8063,-7.8,1.56,5951,0,,,9.817758321762085,5850,6.612541039784749,0.001
2192,8067,-7.8,1.56,5955,0,,,5.157183647155762,5854,6.306003570556641,0.001
2196,8072,-7.6,1.52,5959,0,,,37.12847137451172,5858,8.127537727355957,0.001
,,,,5960,,-5.0,1.0,3.5871009826660156,5859,,0.001
2200,8079,-7.2,1.44,5963,0,,,5.122016906738281,5862,6.8662567138671875,0.001
2204,8083,-7.0,1.4,5967,0,,,4.2542219161987305,5866,6.666255950927734,0.001
2208,8089,-7.0,1.4,5975,0,,,11.193294525146484,5874,7.912437438964844,0.001
2212,8094,-7.2,1.44,5983,0,,,18.66803722381592,5882,8.038036187489828,0.001
2216,8100,-7.4,1.48,5991,0,,,1.7171186208724976,5886,5.84105110168457,0.001
2220,8104,-7.2,1.44,5995,0,,,52.49003982543945,5894,10.310661315917969,0.001
,,,,6000,,-25.0,5.0,17.466835021972656,5895,,0.001
2224,8116,-7.6,1.52,6007,0,,,29.285524368286133,5906,7.795933723449707,0.001
2228,8123,-7.6,1.52,6015,0,,,37.59412307739258,5914,9.129268964131674,0.001
