eval/mean_reward,time/total_timesteps,eval/mean_ep_length,time/time_elapsed,time/fps,time/iterations,rollout/ep_rew_mean,rollout/ep_len_mean,train/value_loss,train/entropy_loss,train/n_updates,train/explained_variance,train/clip_fraction,train/policy_gradient_loss,train/std,train/clip_range,train/learning_rate,train/loss,train/approx_kl,,,
-1.938248873,40,3,,,,,,,,,,,,,,,,,,,
,40,,42,0,1,22.54584376,1.80952381,,,,,,,,,,,,,,
-5,80,1,,,,,,9074.307545,-4.204073012,1,-0.00493598,0.125000004,0.002332374,0.98276031,0.2,0.0003,495.4515991,0.011646544,,,
,80,,81,0,2,17.41018216,1.860465116,,,,,,,,,,,,,,
171.4258661,120,4,,,,,,2283.393024,-4.203671515,2,0.00399065,0,0.01093287,0.982617974,0.2,0.0003,4052.002686,0.000379665,,,
,120,,118,1,3,23.74139435,1.846153846,,,,,,,,,,,,,,
87.22871399,160,3,,,,,,8282.30541,-4.203983665,3,-0.006698489,0,-0.000252031,0.982857466,0.2,0.0003,110.7193527,0.000958566,,,
,160,,181,0,4,18.29286926,1.736263736,,,,,,,,,,,,,,
15.57234049,200,3,,,,,,833.9741173,-4.204200625,4,-0.014080524,0,0.013588156,0.982745886,0.2,0.0003,757.6116943,0.001900418,,,
,200,,238,0,5,16.36771911,1.72,,,,,,,,,,,,,,
-15,240,3,,,,,,2298.531969,-4.203261614,5,-0.030453444,0.050000001,-0.019091915,0.982307911,0.2,0.0003,2821.339111,0.00445085,,,
,240,,313,0,6,19.75002664,1.81,,,,,,,,,,,,,,
66.16819286,280,5,,,,,,3547.114964,-4.202414691,6,-0.004807472,0,0.009688995,0.982119679,0.2,0.0003,1271.554443,0.001236247,,,
,280,,341,0,7,20.24658127,1.83,,,,,,,,,,,,,,
30.00409079,320,4,,,,,,2168.641228,-4.201367676,7,-0.027496457,0,-0.00412875,0.981357753,0.2,0.0003,279.4234619,0.000669709,,,
,320,,372,0,8,15.11528524,1.92,,,,,,,,,,,,,,
-5,360,1,,,,,,484.1141319,-4.198310375,8,-0.054730654,0.075000001,0.025342002,0.980386913,0.2,0.0003,181.4601746,0.004295859,,,
,360,,442,0,9,19.1430464,2.06,,,,,,,,,,,,,,
28.39758682,400,2,,,,,,4718.580957,-4.195847392,9,-0.017760992,0,-0.014198259,0.979824901,0.2,0.0003,145.7723694,0.001180689,,,
,400,,468,0,10,23.63955954,2.12,,,,,,,,,,,,,,
7.675101042,440,3,,,,,,8104.568672,-4.194813371,10,-0.006992102,0.025,0.009606928,0.979677439,0.2,0.0003,3765.009033,0.002555453,,,
,440,,808,0,11,27.22847524,2.2,,,,,,,,,,,,,,
271.0440216,480,5,,,,,,3255.62405,-4.194280088,11,-0.01715529,0,-0.007747729,0.979421496,0.2,0.0003,1299.976563,0.00101333,,,
,480,,837,0,12,29.45744239,2.27,,,,,,,,,,,,,,
200.800792,520,5,,,,,,3848.36602,-4.193243861,12,-0.021898389,0,-0.009527153,0.978996396,0.2,0.0003,2155.398926,0.001341126,,,
,520,,866,0,13,37.94908804,2.24,,,,,,,,,,,,,,
-5,560,1,,,,,,14733.05907,-4.191885591,13,-0.006801605,0,-0.004178594,0.978560627,0.2,0.0003,9520.174805,0.000758538,,,
,560,,928,0,14,40.48508022,2.21,,,,,,,,,,,,,,
262.4848862,600,5,,,,,,1602.995285,-4.190689564,14,-0.009872079,0,-0.005804694,0.978276372,0.2,0.0003,377.8716431,0.000356403,,,
,600,,952,0,15,42.55814266,2.27,,,,,,,,,,,,,,
369.6399918,640,5,,,,,,7108.275146,-4.190189958,15,-0.022537589,0,-0.002193572,0.978223026,0.2,0.0003,3322.912354,0.000626442,,,
,640,,984,0,16,46.93396281,2.24,,,,,,,,,,,,,,
223.1709986,680,5,,,,,,21251.53162,-4.190130055,16,-0.008920431,0,-0.000116432,0.978238583,0.2,0.0003,9993.77832,0.000110249,,,
,680,,1008,0,17,51.13781033,2.22,,,,,,,,,,,,,,
-5,720,1,,,,,,12364.2149,-4.190152705,17,0.003296435,0,-0.001421545,0.978226662,0.2,0.0003,6638.607422,0.000211592,,,
,720,,1036,0,18,50.37209226,2.28,,,,,,,,,,,,,,
-5,760,1,,,,,,2590.185226,-4.190269768,18,-0.0022223,0,0.000574836,0.978326797,0.2,0.0003,1496.102783,7.42E-05,,,
,760,,1061,0,19,58.6643405,2.34,,,,,,,,,,,,,,
140.7568216,800,5,,,,,,27363.92574,-4.190696537,19,-0.004929304,0,0.005061379,0.97856164,0.2,0.0003,27751.90039,0.000420943,,,
,800,,1093,0,20,60.19344954,2.39,,,,,,,,,,,,,,
27.8779068,840,2,,,,,,4739.648346,-4.191255927,20,0.002120018,0,0.007020867,0.978645027,0.2,0.0003,198.3239288,0.000409338,,,
,840,,1146,0,21,52.29100118,2.23,,,,,,,,,,,,,,
-4.834431767,880,4,,,,,,5629.895126,-4.191388488,21,-0.006643414,0,-0.003740683,0.978610396,0.2,0.0003,269.5383911,0.000427303,,,
,880,,1202,0,22,41.77172813,2.11,,,,,,,,,,,,,,
-5,920,1,,,,,,2576.626259,-4.190723896,22,-0.014072657,0,0.014562748,0.978249729,0.2,0.0003,264.6665039,0.002507997,,,
,920,,1335,0,23,37.99552283,2.01,,,,,,,,,,,,,,
266.0314674,960,5,,,,,,4608.656898,-4.189812243,23,-0.002980709,0,0.002814859,0.978039503,0.2,0.0003,1145.07251,0.000440176,,,
,960,,1636,0,24,35.00057565,2.07,,,,,,,,,,,,,,
172.3944359,1000,4,,,,,,14634.72557,-4.189330876,24,0.00745225,0,-0.00157671,0.977953136,0.2,0.0003,11958.77734,0.000155002,,,
,1000,,1665,0,25,36.43984138,2.1,,,,,,,,,,,,,,
43.13607121,1040,5,,,,,,7933.187622,-4.189189672,25,-0.01251626,0,-0.00122843,0.977943361,0.2,0.0003,2205.65332,5.38E-05,,,
,1040,,1697,0,26,36.90759377,2.11,,,,,,,,,,,,,,
-0.976180077,1080,3,,,,,,3312.868736,-4.189236283,26,0.001529872,0,-0.000182128,0.977975547,0.2,0.0003,254.5900726,0.000164776,,,
,1080,,1738,0,27,43.15744876,2.23,,,,,,,,,,,,,,
38.22480774,1120,2,,,,,,6874.055473,-4.189312696,27,0.002627552,0,-0.002005969,0.978006721,0.2,0.0003,2433.349121,4.32E-05,,,
,1120,,1763,0,28,50.22606561,2.29,,,,,,,,,,,,,,
151.1138272,1160,5,,,,,,10851.52962,-4.189346611,28,-0.021348715,0,-0.00077934,0.977959394,0.2,0.0003,4124.913574,7.58E-05,,,
,1160,,1793,0,29,52.57251397,2.34,,,,,,,,,,,,,,
237.6977143,1200,4,,,,,,7163.979843,-4.189040542,29,-0.011236191,0,0.00215063,0.977831066,0.2,0.0003,781.1740723,0.000471723,,,
,1200,,1824,0,30,39.6202839,2.21,,,,,,,,,,,,,,
12.05862045,1240,4,,,,,,4007.46859,-4.188664258,30,-0.014402747,0,-0.002376591,0.977734923,0.2,0.0003,1941.707642,0.000125816,,,
,1240,,1897,0,31,33.48497619,2.13,,,,,,,,,,,,,,
-5,1280,1,,,,,,800.1419525,-4.188345373,31,-0.00851357,0,0.003965116,0.977665365,0.2,0.0003,235.3478851,0.000103115,,,
,1280,,1926,0,32,28.10069754,2.03,,,,,,,,,,,,,,
217.3572483,1320,5,,,,,,2236.54915,-4.188452542,32,-0.020768166,0,-0.002524525,0.977783859,0.2,0.0003,379.9234924,0.001522869,,,
,1320,,1950,0,33,34.7687401,2.1,,,,,,,,,,,,,,
38.37765652,1360,5,,,,,,23330.52917,-4.188721597,33,-0.003169537,0,0.005717659,0.977803409,0.2,0.0003,21805.03125,0.000615209,,,
,1360,,1994,0,34,35.27498198,2.08,,,,,,,,,,,,,,
621.6485062,1400,5,,,,,,15342.10349,-4.188678324,34,-0.015261531,0,-0.001079166,0.97773838,0.2,0.0003,4013.790039,0.000100997,,,
,1400,,2072,0,35,36.55169624,1.94,,,,,,,,,,,,,,
68.38241673,1440,5,,,,,,13817.43337,-4.188361406,35,-0.007969618,0,-0.001822282,0.977638245,0.2,0.0003,1958.419678,0.000267072,,,
,1440,,2104,0,36,47.82587791,2.06,,,,,,,,,,,,,,
132.2160473,1480,5,,,,,,7524.575905,-4.18814677,36,0.000189424,0,-0.003680536,0.977622032,0.2,0.0003,16561.74805,0.000469823,,,
,1480,,2133,0,37,60.836677,2.15,,,,,,,,,,,,,,
342.6232553,1520,5,,,,,,26829.40401,-4.1883564,37,-0.008898497,0,0.000769752,0.977831781,0.2,0.0003,8720.368164,0.000228111,,,
,1520,,2164,0,38,55.77437717,2.04,,,,,,,,,,,,,,
-1.326532364,1560,3,,,,,,12665.21052,-4.188958287,38,-0.006294847,0,-0.000134197,0.977959991,0.2,0.0003,6833.428711,0.000116852,,,
,1560,,2190,0,39,58.68534023,2.1,,,,,,,,,,,,,,
8.969707489,1600,2,,,,,,10076.38327,-4.189219892,39,-0.008462906,0,0.000332649,0.97801441,0.2,0.0003,4884.687988,3.07E-05,,,
,1600,,2220,0,40,56.25002581,2.2,,,,,,,,,,,,,,
-5,1640,1,,,,,,928.7306023,-4.189327359,40,0.011714756,0,-0.015001907,0.977989554,0.2,0.0003,505.3735657,0.00158221,,,
,1640,,2249,0,41,46.70204078,2.22,,,,,,,,,,,,,,
18.48918724,1680,3,,,,,,3107.905769,-4.1892097,41,-0.016352296,0.025,-0.001141724,0.977954328,0.2,0.0003,372.5141907,0.000931932,,,
,1680,,2311,0,42,54.15088107,2.29,,,,,,,,,,,,,,
61.28676128,1720,3,,,,,,21161.59171,-4.189123392,42,0.010052145,0,0.005205495,0.977952182,0.2,0.0003,4537.239258,0.000230132,,,
,1720,,2341,0,43,51.9135804,2.27,,,,,,,,,,,,,,
75.51898956,1760,5,,,,,,21013.23924,-4.189206302,43,-0.006462812,0,-0.001642707,0.977986753,0.2,0.0003,3847.283203,0.000150256,,,
,1760,,2365,0,44,51.56771726,2.33,,,,,,,,,,,,,,
33.09003162,1800,3,,,,,,9787.462826,-4.188905537,44,-0.001244307,0,-0.009807587,0.97774148,0.2,0.0003,19968.29492,0.001036906,,,
,1800,,2398,0,45,54.70660384,2.2,,,,,,,,,,,,,,
0.067837238,1840,2,,,,,,16238.87354,-4.188053071,45,-0.006532431,0,0.005591891,0.977365851,0.2,0.0003,18956.45117,0.002193969,,,
,1840,,2426,0,46,63.59997736,2.18,,,,,,,,,,,,,,
87.06582832,1880,5,,,,,,11110.74388,-4.186814427,46,-0.000103354,0,-0.001678816,0.977074146,0.2,0.0003,4601.414551,0.000428624,,,
,1880,,2464,0,47,63.58891842,2.27,,,,,,,,,,,,,,
250.2751312,1920,5,,,,,,10541.45849,-4.186161578,47,-0.008380175,0,-0.004508048,0.976912618,0.2,0.0003,5168.313965,0.000309411,,,
,1920,,2542,0,48,64.96828053,2.23,,,,,,,,,,,,,,
111.2589164,1960,4,,,,,,12660.795,-4.185658693,48,0.005202234,0,-0.00250289,0.976750553,0.2,0.0003,3614.890137,0.000125794,,,
,1960,,2572,0,49,61.7567518,2.21,,,,,,,,,,,,,,
-5,2000,1,,,,,,7920.186073,-4.185062528,49,0.013385534,0,-0.004811568,0.976518393,0.2,0.0003,6348.368652,0.000409833,,,
,2000,,2646,0,50,65.32911524,2.25,,,,,,,,,,,,,,
42.01467514,2040,3,,,,,,6690.420837,-4.184444129,50,-0.023899555,0,0.001231991,0.976384103,0.2,0.0003,3405.686279,0.000328152,,,
,2040,,2669,0,51,61.05996346,2.23,,,,,,,,,,,,,,
-3.270654798,2080,2,,,,,,15781.09991,-4.184174657,51,-0.008892298,0,-0.000417809,0.976366878,0.2,0.0003,6922.988281,0.000146759,,,
,2080,,2696,0,52,58.34508379,2.23,,,,,,,,,,,,,,
274.2139945,2120,5,,,,,,14918.795,-4.184190512,52,-0.016158938,0,0.005951118,0.976356983,0.2,0.0003,557.6235352,0.000216568,,,
,2120,,2763,0,53,67.21967598,2.33,,,,,,,,,,,,,,
39.15984344,2160,2,,,,,,12112.31,-4.184151709,53,0.005425155,0,0.000770798,0.976353049,0.2,0.0003,2123.427734,3.75E-06,,,
,2160,,2791,0,54,61.59426493,2.26,,,,,,,,,,,,,,
-5,2200,1,,,,,,8528.778809,-4.184120893,54,-0.019532442,0,-0.000646221,0.976324558,0.2,0.0003,6178.944336,1.27E-05,,,
,2200,,2880,0,55,61.19373289,2.18,,,,,,,,,,,,,,
346.4484595,2240,5,,,,,,9881.183075,-4.184015334,55,-0.037547469,0,-0.000476564,0.976299286,0.2,0.0003,1577.201294,5.00E-05,,,
,2240,,2906,0,56,70.56444232,2.28,,,,,,,,,,,,,,
156.5188313,2280,5,,,,,,27851.88799,-4.183905244,56,0.006396651,0,0.001523332,0.976248145,0.2,0.0003,474.3493347,2.16E-05,,,
,2280,,2934,0,57,63.81832177,2.33,,,,,,,,,,,,,,
-5,2320,1,,,,,,5353.192368,-4.183797598,57,-0.024595499,0,-0.003305595,0.976230025,0.2,0.0003,2064.353027,0.000101338,,,
,2320,,2960,0,58,66.83516193,2.42,,,,,,,,,,,,,,
202.247045,2360,5,,,,,,10004.47505,-4.183789551,58,-0.018183112,0,0.000891331,0.976226091,0.2,0.0003,7587.582031,0.000639845,,,
,2360,,2992,0,59,68.39199186,2.39,,,,,,,,,,,,,,
95.89873606,2400,5,,,,,,15182.83568,-4.183716357,59,-0.01944077,0,-6.73E-05,0.976202846,0.2,0.0003,8522.731445,0.00019314,,,
,2400,,3028,0,60,71.70432794,2.48,,,,,,,,,,,,,,
173.1277542,2440,3,,,,,,4456.364201,-4.183823109,60,0.004842579,0,0.000253725,0.976323485,0.2,0.0003,375.8845215,3.50E-05,,,
,2440,,3081,0,61,70.24657526,2.46,,,,,,,,,,,,,,
-5,2480,1,,,,,,13640.34253,-4.184207141,61,-0.019679189,0,-6.17E-06,0.97644949,0.2,0.0003,3279.288086,0.000111568,,,
,2480,,3109,0,62,61.86496299,2.39,,,,,,,,,,,,,,
114.9133854,2520,5,,,,,,13720.93938,-4.18449682,62,-0.026513457,0,-0.004676895,0.976518095,0.2,0.0003,11586.44238,0.000272012,,,
,2520,,3134,0,63,64.76672743,2.34,,,,,,,,,,,,,,
256.2958851,2560,5,,,,,,11344.92184,-4.184785545,63,0.004357636,0,0.002485212,0.976635158,0.2,0.0003,2538.876221,9.67E-05,,,
,2560,,3248,0,64,62.82187697,2.3,,,,,,,,,,,,,,
187.8188171,2600,4,,,,,,10898.25153,-4.184970498,64,-0.038355589,0,0.001152552,0.976613939,0.2,0.0003,2120.782959,2.09E-05,,,
,2600,,3275,0,65,58.56169356,2.14,,,,,,,,,,,,,,
157.8977585,2640,5,,,,,,9820.989853,-4.184803307,65,-0.011641145,0,-0.001604442,0.976554573,0.2,0.0003,4436.027832,6.14E-05,,,
,2640,,3305,0,66,62.18339931,2.18,,,,,,,,,,,,,,
253.3241163,2680,5,,,,,,5568.213013,-4.184614956,66,-0.038457632,0,0.002974732,0.976475358,0.2,0.0003,3063.991943,0.001121594,,,
,2680,,3330,0,67,74.71811638,2.33,,,,,,,,,,,,,,
100.3454199,2720,5,,,,,,27355.80276,-4.184412539,67,-0.003255725,0,-0.003572326,0.976428151,0.2,0.0003,17197.65625,0.000300066,,,
,2720,,3356,0,68,72.03020994,2.36,,,,,,,,,,,,,,
55.65517235,2760,5,,,,,,4183.273315,-4.184245169,68,-0.019065738,0,0.001440613,0.976313055,0.2,0.0003,1469.525879,5.90E-05,,,
,2760,,3390,0,69,70.08019335,2.36,,,,,,,,,,,,,,
188.1013718,2800,5,,,,,,7145.740753,-4.183792949,69,-0.012449861,0.050000001,0.014369129,0.976222456,0.2,0.0003,696.1192017,0.00438021,,,
,2800,,3414,0,70,69.58186135,2.35,,,,,,,,,,,,,,
-10,2840,2,,,,,,11796.09773,-4.183668554,70,-0.024683833,0,-0.002898744,0.976229191,0.2,0.0003,1783.494873,0.000217716,,,
,2840,,3439,0,71,70.02384846,2.46,,,,,,,,,,,,,,
-5,2880,1,,,,,,4988.778763,-4.183753908,71,-0.027665377,0,0.0051955,0.976282477,0.2,0.0003,9006.228516,0.000654341,,,
,2880,,3478,0,72,71.8126682,2.55,,,,,,,,,,,,,,
223.3077159,2920,5,,,,,,7460.301117,-4.183808386,72,-0.047026515,0,0.00035845,0.976240158,0.2,0.0003,533.4189453,0.000364393,,,
,2920,,3502,0,73,68.55686592,2.58,,,,,,,,,,,,,,
77.73482895,2960,5,,,,,,10477.95544,-4.183300972,73,0.034504354,0.025,-0.003710308,0.975895286,0.2,0.0003,1055.471802,0.001395777,,,
,2960,,3548,0,74,65.55935287,2.53,,,,,,,,,,,,,,
128.816185,3000,5,,,,,,3454.289825,-4.18206495,74,-0.033774257,0,0.00101911,0.975572228,0.2,0.0003,1010.002197,0.002012023,,,
,3000,,3574,0,75,68.77135101,2.54,,,,,,,,,,,,,,
-10,3040,2,,,,,,12247.21747,-4.181192636,75,-0.015447497,0,0.001594021,0.975331664,0.2,0.0003,8003.099609,0.000420779,,,
,3040,,3599,0,76,63.62575734,2.52,,,,,,,,,,,,,,
264.3481026,3080,5,,,,,,4466.638397,-4.180671811,76,-0.010118365,0,0.001089199,0.975206852,0.2,0.0003,1756.141357,7.40E-05,,,
,3080,,3623,0,77,72.0113271,2.54,,,,,,,,,,,,,,
209.2994289,3120,4,,,,,,23795.55832,-4.180410385,77,-0.026471257,0,-0.00691827,0.975242794,0.2,0.0003,5872.408691,0.000381587,,,
,3120,,3648,0,78,75.96890456,2.5,,,,,,,,,,,,,,
-5,3160,1,,,,,,19898.00714,-4.180559754,78,0.012669265,0,0.004151836,0.975232542,0.2,0.0003,5155.040039,0.000214306,,,
,3160,,3674,0,79,76.06568798,2.5,,,,,,,,,,,,,,
-5,3200,1,,,,,,4894.148178,-4.180750787,79,-0.031332254,0,-0.000103171,0.975366056,0.2,0.0003,1497.209473,0.000385205,,,
,3200,,3695,0,80,80.59865292,2.48,,,,,,,,,,,,,,
176.6538162,3240,4,,,,,,32996.54974,-4.180863678,80,0.000416696,0,-0.000773542,0.97532177,0.2,0.0003,32910.63672,0.000166155,,,
,3240,,3718,0,81,93.24535175,2.63,,,,,,,,,,,,,,
352.1473465,3280,5,,,,,,10811.21382,-4.180693805,81,0.004901707,0,-0.002625542,0.975290656,0.2,0.0003,867.3345947,9.06E-05,,,
,3280,,3744,0,82,87.88497099,2.52,,,,,,,,,,,,,,
-5,3320,1,,,,,,10920.62566,-4.180731237,82,-0.019588113,0.025,-0.003545751,0.975331962,0.2,0.0003,14029.54004,0.002824646,,,
,3320,,3795,0,83,86.37658814,2.53,,,,,,,,,,,,,,
202.0795212,3360,3,,,,,,7295.107758,-4.180788875,83,-0.02735734,0,-0.006277892,0.975331903,0.2,0.0003,2117.597168,0.000593273,,,
,3360,,3815,0,84,82.03399902,2.53,,,,,,,,,,,,,,
191.4142151,3400,3,,,,,,11932.52368,-4.180703163,84,0.021716952,0,-0.002303707,0.97531426,0.2,0.0003,3358.872314,0.000209604,,,
,3400,,3871,0,85,85.57632495,2.53,,,,,,,,,,,,,,
88.89474261,3440,5,,,,,,6422.642609,-4.18084085,85,0.014828265,0,-0.00082483,0.975395858,0.2,0.0003,5069.70752,0.000609577,,,
,3440,,3917,0,86,90.03778489,2.59,,,,,,,,,,,,,,
232.9455299,3480,5,,,,,,7140.322769,-4.181156456,86,-0.00502193,0,-0.005321501,0.975532472,0.2,0.0003,6030.07373,0.000208434,,,
,3480,,3946,0,87,83.86907149,2.61,,,,,,,,,,,,,,
65.21499848,3520,5,,,,,,8249.84024,-4.181390405,87,-0.018240809,0,-0.001321432,0.975562453,0.2,0.0003,4996.60791,0.000208671,,,
,3520,,4004,0,88,86.65974272,2.59,,,,,,,,,,,,,,
81.02859402,3560,5,,,,,,9279.600769,-4.18158102,88,0.013618767,0,-0.004863235,0.975665092,0.2,0.0003,4335.413574,0.000330262,,,
,3560,,4031,0,89,80.45517216,2.56,,,,,,,,,,,,,,
359.0020142,3600,5,,,,,,3914.057648,-4.181877613,89,0.049560905,0,0.006337585,0.975728929,0.2,0.0003,1178.100464,0.000611272,,,
,3600,,4053,0,90,79.55510717,2.47,,,,,,,,,,,,,,
-5,3640,1,,,,,,17942.45142,-4.181897461,90,0.005023718,0,0.00269554,0.975696325,0.2,0.0003,10284.80664,0.000400135,,,
,3640,,4129,0,91,73.81482833,2.41,,,,,,,,,,,,,,
105.7745934,3680,5,,,,,,4403.573944,-4.181765854,91,0.000242054,0,0.000292581,0.975610018,0.2,0.0003,1409.235229,0.000145809,,,
,3680,,4149,0,92,77.05901467,2.45,,,,,,,,,,,,,,
235.2543926,3720,5,,,,,,10001.52567,-4.181222558,92,0.004985809,0,-0.00218506,0.9753685,0.2,0.0003,2345.980713,0.000901957,,,
,3720,,4195,0,93,75.27658414,2.42,,,,,,,,,,,,,,
143.9463038,3760,5,,,,,,16454.82678,-4.180559099,93,-0.033803344,0,4.15E-05,0.975208521,0.2,0.0003,1825.385376,0.000112408,,,
,3760,,4215,0,94,76.62382004,2.46,,,,,,,,,,,,,,
64.88411522,3800,5,,,,,,19346.16528,-4.180221677,94,-0.00854373,0,-0.001120261,0.975142479,0.2,0.0003,4666.083984,5.79E-05,,,
,3800,,4235,0,95,85.7378744,2.6,,,,,,,,,,,,,,
328.7375984,3840,5,,,,,,10273.57266,-4.180006206,95,-0.008508921,0,0.002117449,0.975040138,0.2,0.0003,6328.750977,9.46E-05,,,
,3840,,4300,0,96,91.5609754,2.68,,,,,,,,,,,,,,
166.7613716,3880,3,,,,,,14767.9729,-4.179621041,96,-0.037045002,0,-7.58E-05,0.974949121,0.2,0.0003,5212.756348,3.51E-05,,,
,3880,,4357,0,97,93.94324677,2.72,,,,,,,,,,,,,,
362.4138203,3920,5,,,,,,7654.268555,-4.17972064,97,-0.044579625,0,-0.019560782,0.975091219,0.2,0.0003,8334.071289,0.001074141,,,
,3920,,4380,0,98,111.8883926,2.84,,,,,,,,,,,,,,
35.51561737,3960,2,,,,,,35742.09109,-4.179991901,98,0.01314491,0,0.003582281,0.975153208,0.2,0.0003,23961.66992,0.000647438,,,
,3960,,4405,0,99,110.4847786,2.87,,,,,,,,,,,,,,
7.397266865,4000,3,,,,,,6978.328491,-4.180161238,99,0.042206168,0,-0.000860029,0.975211024,0.2,0.0003,5384.096191,0.000160398,,,
,4000,,4427,0,100,122.6549428,2.97,,,,,,,,,,,,,,
391.3935356,4040,5,,,,,,8528.396973,-4.180297673,100,-0.016142964,0,0.001086223,0.975224018,0.2,0.0003,4064.444824,0.000293122,,,
,4040,,4452,0,101,112.6896494,2.82,,,,,,,,,,,,,,
36.4732399,4080,4,,,,,,17308.20911,-4.180206418,101,-0.010797858,0,-0.00024219,0.97517097,0.2,0.0003,6781.462891,6.04E-05,,,
,4080,,4474,0,102,117.2863507,2.83,,,,,,,,,,,,,,
391.5645638,4120,5,,,,,,19724.05153,-4.180073142,102,0.003914177,0,0.000490154,0.975157976,0.2,0.0003,6286.522949,1.47E-05,,,
,4120,,4496,0,103,114.4336373,2.75,,,,,,,,,,,,,,
615.3361435,4160,5,,,,,,17786.28253,-4.180000365,103,0.015074849,0,0.000300936,0.975083828,0.2,0.0003,7802.686523,1.01E-05,,,
,4160,,4522,0,104,117.2521112,2.78,,,,,,,,,,,,,,
128.5799298,4200,4,,,,,,17618.61423,-4.179663837,104,-0.010765553,0,-0.00448733,0.974982977,0.2,0.0003,5999.601563,0.000132921,,,
,4200,,4542,0,105,113.9102617,2.83,,,,,,,,,,,,,,
108.7047729,4240,2,,,,,,9776.80748,-4.179313719,105,-0.026119113,0,-0.001632904,0.974808097,0.2,0.0003,4901.373047,0.000179552,,,
,4240,,4562,0,106,110.5478729,2.77,,,,,,,,,,,,,,
271.5140343,4280,5,,,,,,6556.349472,-4.178675473,106,0.004248857,0,0.003147935,0.974562824,0.2,0.0003,2900.34082,0.000112814,,,
,4280,,4601,0,107,102.7654939,2.71,,,,,,,,,,,,,,
43.05918121,4320,5,,,,,,6743.239563,-4.177640498,107,-0.026618361,0,0.001874658,0.974183261,0.2,0.0003,1409.888916,0.001551037,,,
,4320,,4627,0,108,107.1246531,2.82,,,,,,,,,,,,,,
283.3713989,4360,3,,,,,,5428.582973,-4.176738739,108,-0.027618289,0,0.002955702,0.974011779,0.2,0.0003,197.1664429,0.000465666,,,
,4360,,4649,0,109,101.005562,2.81,,,,,,,,,,,,,,
141.2938179,4400,5,,,,,,15435.30157,-4.176156819,109,0.015926123,0,-0.000450776,0.973752856,0.2,0.0003,4278.447754,0.000463413,,,
,4400,,4720,0,110,99.33482411,2.73,,,,,,,,,,,,,,
303.1278267,4440,5,,,,,,12537.26038,-4.175414801,110,-0.008815885,0,-0.001070142,0.973602772,0.2,0.0003,5136.321777,7.98E-05,,,
,4440,,4746,0,111,93.97862794,2.74,,,,,,,,,,,,,,
59.60788918,4480,4,,,,,,9369.563965,-4.175003767,111,0.012736976,0,-0.003754781,0.97347635,0.2,0.0003,3421.326416,0.000245304,,,
,4480,,4770,0,112,97.1479425,2.77,,,,,,,,,,,,,,
-5,4520,1,,,,,,13007.90482,-4.174632132,112,0.015516639,0,0.000550291,0.97337687,0.2,0.0003,6474.955078,0.000562401,,,
,4520,,4787,0,113,107.3539154,2.84,,,,,,,,,,,,,,
53.13678551,4560,3,,,,,,12549.09216,-4.174438894,113,-0.001513004,0,-0.000275544,0.973349333,0.2,0.0003,2213.237549,1.60E-05,,,
,4560,,4809,0,114,113.7345168,2.95,,,,,,,,,,,,,,
390.8436279,4600,5,,,,,,10551.32275,-4.173957884,114,-0.061129451,0,-0.003235238,0.973043442,0.2,0.0003,4509.802734,0.000699969,,,
,4600,,4828,0,115,121.2048072,3.06,,,,,,,,,,,,,,
331.5327606,4640,5,,,,,,7685.222916,-4.173289537,115,0.00807184,0,0.000825584,0.972929955,0.2,0.0003,9892.401367,0.000114864,,,
,4640,,4869,0,116,115.8034128,2.93,,,,,,,,,,,,,,
519.0221825,4680,5,,,,,,6980.289764,-4.172966301,116,-0.037255406,0,0.000694833,0.972794414,0.2,0.0003,2929.061035,1.45E-05,,,
,4680,,4890,0,117,110.9676374,2.95,,,,,,,,,,,,,,
146.2000313,4720,4,,,,,,10239.39764,-4.172499001,117,-0.02183342,0,-0.002736194,0.972663581,0.2,0.0003,3476.140137,5.74E-05,,,
,4720,,4911,0,118,107.8391262,2.92,,,,,,,,,,,,,,
122.082428,4760,3,,,,,,6563.731049,-4.172231197,118,-0.056735396,0,-0.003249637,0.97261256,0.2,0.0003,8073.027832,0.000121786,,,
,4760,,4930,0,119,106.6799713,2.83,,,,,,,,,,,,,,
5.405404091,4800,2,,,,,,9614.035217,-4.172111392,119,0.046561539,0,-0.000244331,0.972685039,0.2,0.0003,2559.922607,0.000270768,,,
,4800,,4951,0,120,107.0196435,2.8,,,,,,,,,,,,,,
101.5179739,4840,4,,,,,,18262.2951,-4.172632694,120,0.00309664,0,0.005492298,0.97289294,0.2,0.0003,2288.819824,0.000907235,,,
,4840,,4971,0,121,108.8449047,2.84,,,,,,,,,,,,,,
183.6010399,4880,4,,,,,,11603.70602,-4.173114836,121,-0.004576921,0,-0.000665149,0.97300446,0.2,0.0003,1254.050781,0.000194895,,,
,4880,,5021,0,122,104.5047894,2.74,,,,,,,,,,,,,,
122.2563105,4920,4,,,,,,6631.445557,-4.173289716,122,-0.079063416,0,0.000416209,0.973020256,0.2,0.0003,4002.186279,0.000219588,,,
,4920,,5039,0,123,112.3699108,2.91,,,,,,,,,,,,,,
262.942358,4960,5,,,,,,8690.391907,-4.173298836,123,-0.002263665,0,-0.004859436,0.97302568,0.2,0.0003,5386.175293,7.78E-05,,,
,4960,,5059,0,124,118.7180827,2.95,,,,,,,,,,,,,,
240.7384682,5000,4,,,,,,14826.07898,-4.173317373,124,-0.001143932,0,-0.001167326,0.973015547,0.2,0.0003,1134.303345,0.000141104,,,
,5000,,5088,0,125,117.6377914,2.87,,,,,,,,,,,,,,
81.55383682,5040,5,,,,,,15267.35632,-4.173185349,125,-0.02724719,0,-0.000714253,0.972948313,0.2,0.0003,11001.49805,6.16E-05,,,
,5040,,5110,0,126,113.919005,2.85,,,,,,,,,,,,,,
29.55398178,5080,5,,,,,,11496.30469,-4.172942102,126,-0.017197013,0,0.000285193,0.97286582,0.2,0.0003,7105.084961,4.48E-05,,,
,5080,,5129,0,127,105.9608384,2.9,,,,,,,,,,,,,,
-15,5120,3,,,,,,2797.481716,-4.172770202,127,0.109590948,0.025,-0.011329039,0.972858191,0.2,0.0003,2522.057861,0.002186364,,,
,5120,,5188,0,128,96.69512384,2.83,,,,,,,,,,,,,,
126.5522795,5160,4,,,,,,9075.881073,-4.172846258,128,0.002816796,0,-0.005500062,0.973015726,0.2,0.0003,8107.453613,0.000969091,,,
,5160,,5262,0,129,90.2833523,2.73,,,,,,,,,,,,,,
331.6397915,5200,5,,,,,,7349.436829,-4.173433721,129,0.003706455,0,-0.004083218,0.973188043,0.2,0.0003,3620.311279,0.000503191,,,
,5200,,5282,0,130,93.46418846,2.73,,,,,,,,,,,,,,
20.60969353,5240,2,,,,,,11515.978,-4.173884809,130,-0.008455038,0,-0.002782238,0.973309696,0.2,0.0003,2869.69043,0.000169702,,,
,5240,,5304,0,131,88.24808664,2.72,,,,,,,,,,,,,,
474.5895081,5280,5,,,,,,9105.739685,-4.174185693,131,-0.024725199,0,-0.004520036,0.973409891,0.2,0.0003,7855.371094,0.000111611,,,
,5280,,5327,0,132,90.13088724,2.83,,,,,,,,,,,,,,
193.2100434,5320,5,,,,,,10250.79175,-4.174493015,132,0.043519616,0,0.004025729,0.973593414,0.2,0.0003,2314.795654,0.000197196,,,
,5320,,5351,0,133,98.81376419,2.95,,,,,,,,,,,,,,
366.1681976,5360,5,,,,,,11980.14413,-4.175763428,133,0.037968636,0.075000001,0.006076263,0.974117696,0.2,0.0003,11162.54102,0.005215153,,,
,5360,,5372,0,134,103.0866306,2.96,,,,,,,,,,,,,,
84.65711975,5400,4,,,,,,9365.100403,-4.176824391,134,-0.011345267,0,-0.001307338,0.974300265,0.2,0.0003,3449.637207,0.001013963,,,
,5400,,5395,1,135,114.7078539,3,,,,,,,,,,,,,,
201.1046982,5440,3,,,,,,11231.49539,-4.177266657,135,0.043572903,0,-0.006490236,0.974382102,0.2,0.0003,3798.786865,0.000639194,,,
,5440,,5415,1,136,115.3896124,2.99,,,,,,,,,,,,,,
110.2406387,5480,3,,,,,,11127.83105,-4.17721051,136,0.016418099,0,0.001353177,0.974294782,0.2,0.0003,5138.03418,0.000183058,,,
,5480,,5439,1,137,114.3306847,2.96,,,,,,,,,,,,,,
90.69412041,5520,3,,,,,,9333.773804,-4.177088559,137,-0.003624439,0,0.000813135,0.974355817,0.2,0.0003,2844.208252,4.96E-05,,,
,5520,,5503,1,138,113.3474258,2.95,,,,,,,,,,,,,,
-5,5560,1,,,,,,7249.919273,-4.17727071,138,-0.022255063,0,-9.84E-05,0.97440064,0.2,0.0003,5749.206055,0.000340925,,,
,5560,,5521,1,139,113.4315934,2.95,,,,,,,,,,,,,,
371.5953293,5600,5,,,,,,8316.126644,-4.17740339,139,-0.01003325,0,-0.004112434,0.974453151,0.2,0.0003,1840.827148,0.000349627,,,
,5600,,5542,1,140,116.5687488,2.94,,,,,,,,,,,,,,
131.3511848,5640,3,,,,,,12454.21747,-4.17730993,140,0.031079292,0,0.006788416,0.974302173,0.2,0.0003,10558.55176,0.000493793,,,
,5640,,5568,1,141,114.4345007,2.82,,,,,,,,,,,,,,
82.19888306,5680,4,,,,,,14075.56314,-4.176795661,141,-0.005239606,0,-0.008561977,0.974095106,0.2,0.0003,2487.294189,0.001169746,,,
,5680,,5591,1,142,106.5698891,2.77,,,,,,,,,,,,,,
213.1926136,5720,5,,,,,,4544.144791,-4.175993145,142,0.011508107,0,0.004767924,0.973767996,0.2,0.0003,1261.485352,0.002324736,,,
,5720,,5612,1,143,117.3671237,2.94,,,,,,,,,,,,,,
181.1183128,5760,5,,,,,,16493.28014,-4.175065935,143,0.018732131,0,-0.001482038,0.973574758,0.2,0.0003,8679.231445,0.000657059,,,
,5760,,5634,1,144,122.788437,2.98,,,,,,,,,,,,,,
234.9631538,5800,5,,,,,,16318.75848,-4.174554884,144,0.011909664,0,0.003652748,0.973406971,0.2,0.0003,12471.44531,0.000243717,,,
,5800,,5653,1,145,121.3592206,3.06,,,,,,,,,,,,,,
188.6549854,5840,4,,,,,,5495.142227,-4.174010277,145,0.069567204,0,-0.000194427,0.973293662,0.2,0.0003,828.7608643,0.000110219,,,
,5840,,5674,1,146,120.5127376,3.13,,,,,,,,,,,,,,
330.2773228,5880,5,,,,,,6271.198242,-4.173659205,146,0.055341005,0,-0.001235389,0.973182857,0.2,0.0003,6029.215332,0.000208019,,,
,5880,,5691,1,147,131.0444304,3.26,,,,,,,,,,,,,,
200.7712746,5920,5,,,,,,18039.54147,-4.173372209,147,0.039595127,0,-0.005160767,0.973085046,0.2,0.0003,3301.145752,0.000233875,,,
,5920,,5716,1,148,118.615915,3.14,,,,,,,,,,,,,,
3.557881355,5960,2,,,,,,5041.99939,-4.173105597,148,-0.073621154,0,-0.001308836,0.973065734,0.2,0.0003,2248.030029,0.000543679,,,
,5960,,5735,1,149,121.1351479,3.3,,,,,,,,,,,,,,
43.06438065,6000,2,,,,,,10902.76544,-4.173134565,149,0.006399691,0,-0.001481754,0.973037481,0.2,0.0003,2673.189697,0.000109208,,,
,6000,,5754,1,150,120.2579161,3.28,,,,,,,,,,,,,,
89.584095,6040,4,,,,,,8762.478271,-4.172833562,150,0.030364513,0,0.000182729,0.972913027,0.2,0.0003,3776.95874,0.000389274,,,
,6040,,5808,1,151,123.8039509,3.28,,,,,,,,,,,,,,
268.5459194,6080,5,,,,,,11088.74713,-4.172658086,151,0.019352496,0,-0.001800862,0.972989738,0.2,0.0003,12409.46777,0.000307471,,,
,6080,,5830,1,152,128.3469933,3.37,,,,,,,,,,,,,,
53.17354965,6120,4,,,,,,13954.98181,-4.17271024,152,0.061342657,0.025,-0.001542945,0.972875357,0.2,0.0003,10810.95605,0.001924524,,,
,6120,,5908,1,153,127.7176626,3.44,,,,,,,,,,,,,,
128.9094276,6160,3,,,,,,6296.823608,-4.172248423,153,0.045396566,0,-0.010855235,0.972688913,0.2,0.0003,3873.967773,0.002561314,,,
,6160,,5924,1,154,133.455411,3.4,,,,,,,,,,,,,,
226.1200638,6200,5,,,,,,7290.314606,-4.171660364,154,0.058934152,0,0.013559243,0.972512007,0.2,0.0003,6448.225098,0.001141207,,,
,6200,,5944,1,155,128.9274406,3.33,,,,,,,,,,,,,,
-5,6240,1,,,,,,7264.49324,-4.171125174,155,0.040202379,0,-0.000574916,0.972319782,0.2,0.0003,2620.326416,0.000112621,,,
,6240,,5960,1,156,129.7691568,3.35,,,,,,,,,,,,,,
-1.068164825,6280,2,,,,,,10485.66003,-4.170526147,156,-0.040579557,0,0.001464659,0.972176909,0.2,0.0003,3371.739014,0.000543052,,,
,6280,,5979,1,157,124.2214903,3.26,,,,,,,,,,,,,,
90.283566,6320,5,,,,,,6885.820862,-4.170186341,157,0.04984808,0,0.003836735,0.972100377,0.2,0.0003,2124.240967,0.000393468,,,
,6320,,5998,1,158,131.5314089,3.39,,,,,,,,,,,,,,
164.9975815,6360,3,,,,,,8317.342072,-4.169973254,158,0.043568909,0,-0.00046182,0.972008348,0.2,0.0003,2605.607422,7.18E-05,,,
,6360,,6023,1,159,122.042554,3.29,,,,,,,,,,,,,,
84.36336994,6400,5,,,,,,6963.902283,-4.169687629,159,0.037176788,0,0.003020731,0.971941352,0.2,0.0003,2994.730225,5.98E-05,,,
,6400,,6042,1,160,107.947199,3.17,,,,,,,,,,,,,,
258.8734455,6440,5,,,,,,3533.756775,-4.169467866,160,0.00432831,0,-0.003412861,0.971876085,0.2,0.0003,1303.369629,0.000398426,,,
,6440,,6112,1,161,108.2579501,3.1,,,,,,,,,,,,,,
93.90297699,6480,2,,,,,,11183.24399,-4.169317424,161,-0.004925966,0,0.003386132,0.971821666,0.2,0.0003,2938.116699,0.0014442,,,
,6480,,6131,1,162,107.796065,3.1,,,,,,,,,,,,,,
344.9520721,6520,4,,,,,,10596.57581,-4.169055104,162,0.065369725,0,0.005597167,0.971703649,0.2,0.0003,3691.117432,0.001038133,,,
,6520,,6198,1,163,113.3711258,3.21,,,,,,,,,,,,,,
594.2933273,6560,5,,,,,,6815.081512,-4.168747127,163,0.091191292,0,0.005761294,0.971641302,0.2,0.0003,1880.749146,0.000480022,,,
,6560,,6225,1,164,119.0413472,3.2,,,,,,,,,,,,,,
49.24501419,6600,2,,,,,,18231.91248,-4.168555319,164,-0.023146749,0,0.000951809,0.971547604,0.2,0.0003,2280.112061,7.67E-06,,,
,6600,,6241,1,165,126.3019008,3.26,,,,,,,,,,,,,,
367.4805641,6640,5,,,,,,10116.04002,-4.168196917,165,-0.086094499,0,-0.000173001,0.971380591,0.2,0.0003,4824.933594,0.00011829,,,
,6640,,6259,1,166,127.2759647,3.27,,,,,,,,,,,,,,
83.27266121,6680,3,,,,,,10603.07637,-4.167450368,166,0.045547903,0,0.003658432,0.971105754,0.2,0.0003,892.6957397,0.000247106,,,
,6680,,6282,1,167,129.7641696,3.3,,,,,,,,,,,,,,
328.5581913,6720,5,,,,,,5026.588028,-4.166867137,167,-0.011697173,0,-0.000752652,0.971096873,0.2,0.0003,1687.51355,8.60E-05,,,
,6720,,6302,1,168,138.4402635,3.33,,,,,,,,,,,,,,
247.9843369,6760,4,,,,,,19975.09656,-4.167046487,168,-0.006893992,0,0.003155335,0.971140802,0.2,0.0003,9951.829102,0.002388114,,,
,6760,,6324,1,169,147.7156222,3.39,,,,,,,,,,,,,,
362.4056242,6800,5,,,,,,10074.73715,-4.167078972,169,-0.001248121,0,0.002805594,0.971131206,0.2,0.0003,4558.810547,0.000332211,,,
,6800,,6350,1,170,139.0214326,3.29,,,,,,,,,,,,,,
241.8345795,6840,3,,,,,,7563.745667,-4.167215049,170,-0.014606237,0,0.001248233,0.971251011,0.2,0.0003,2354.256104,0.001295233,,,
,6840,,6370,1,171,139.4192062,3.27,,,,,,,,,,,,,,
147.441474,6880,5,,,,,,17834.18231,-4.16743803,171,0.009470403,0,0.00118037,0.971275806,0.2,0.0003,6729.121582,0.000183944,,,
,6880,,6385,1,172,153.9788233,3.43,,,,,,,,,,,,,,
319.6925945,6920,5,,,,,,10427.27888,-4.167523503,172,0.033224344,0.025,0.021705509,0.971403599,0.2,0.0003,4650.37207,0.004507945,,,
,6920,,6416,1,173,146.7121834,3.42,,,,,,,,,,,,,,
88.00396681,6960,5,,,,,,13598.25275,-4.167947292,173,0.054298043,0,0.002859009,0.971495032,0.2,0.0003,2713.507568,0.000630874,,,
,6960,,6435,1,174,145.0272744,3.52,,,,,,,,,,,,,,
-5,7000,1,,,,,,5728.544983,-4.16804713,174,0.060916007,0,0.005794956,0.971469402,0.2,0.0003,2775.061768,0.000196278,,,
,7000,,6460,1,175,128.6017814,3.22,,,,,,,,,,,,,,
-5,7040,1,,,,,,7168.859436,-4.167907715,175,0.026906967,0,-0.005091433,0.971395016,0.2,0.0003,3514.118408,0.001058167,,,
,7040,,6478,1,176,115.2549398,3.17,,,,,,,,,,,,,,
132.7695427,7080,4,,,,,,5928.033691,-4.167364359,176,0.093343675,0.025,0.012850363,0.971164882,0.2,0.0003,1553.118652,0.003049769,,,
,7080,,6498,1,177,118.8644814,3.23,,,,,,,,,,,,,,
183.0662212,7120,4,,,,,,6773.152359,-4.166664362,177,0.132332623,0,-6.49E-05,0.971046925,0.2,0.0003,4947.447266,0.000888722,,,
,7120,,6520,1,178,116.2016252,3.23,,,,,,,,,,,,,,
49.3448143,7160,5,,,,,,4613.434326,-4.166674912,178,0.016660631,0,-0.000427641,0.971095204,0.2,0.0003,2144.79541,0.000313123,,,
,7160,,6542,1,179,109.1505592,3.21,,,,,,,,,,,,,,
490.8494186,7200,5,,,,,,4249.881271,-4.166718125,179,0.025836527,0,0.000483684,0.971100092,0.2,0.0003,1633.223267,6.00E-05,,,
,7200,,6565,1,180,105.4351627,3.09,,,,,,,,,,,,,,
244.186554,7240,4,,,,,,19489.50394,-4.166653991,180,0.020754516,0,0.001425289,0.971059322,0.2,0.0003,8308.625977,4.55E-05,,,
,7240,,6588,1,181,104.7146023,3,,,,,,,,,,,,,,
24.55259323,7280,3,,,,,,15433.53061,-4.166546345,181,-4.12E-05,0,-0.001432104,0.971063018,0.2,0.0003,1753.03833,4.92E-05,,,
,7280,,6604,1,182,112.5148568,3.1,,,,,,,,,,,,,,
120.8858547,7320,5,,,,,,4581.860916,-4.166728973,182,0.032193244,0,0.004575899,0.971139669,0.2,0.0003,1461.633179,0.000254077,,,
,7320,,6622,1,183,120.8890882,3.22,,,,,,,,,,,,,,
221.562212,7360,5,,,,,,15279.76193,-4.16679436,183,0.066861928,0,0.010404535,0.97112596,0.2,0.0003,1027.550537,0.001120341,,,
,7360,,6643,1,184,129.609275,3.33,,,,,,,,,,,,,,
26.25571823,7400,3,,,,,,8754.912628,-4.166758955,184,0.054157197,0,0.002305923,0.971132517,0.2,0.0003,834.8348389,5.61E-05,,,
,7400,,6663,1,185,132.8848938,3.37,,,,,,,,,,,,,,
55.76970196,7440,4,,,,,,9488.173195,-4.166697145,185,0.014031827,0,0.001689278,0.970862091,0.2,0.0003,508.3729858,0.000292139,,,
,7440,,6688,1,186,133.2584863,3.37,,,,,,,,,,,,,,
216.3620377,7480,5,,,,,,13879.60533,-4.164067984,186,0.037059188,0.075000001,-0.001328558,0.969681144,0.2,0.0003,20307.24219,0.010761317,,,
,7480,,6715,1,187,137.1171027,3.46,,,,,,,,,,,,,,
9.730316162,7520,4,,,,,,5949.954163,-4.161395252,187,0.033053637,0,-0.000995376,0.969127178,0.2,0.0003,2648.584473,0.000979129,,,
,7520,,6740,1,188,139.5876416,3.48,,,,,,,,,,,,,,
252.2051635,7560,5,,,,,,9568.306458,-4.160104871,188,0.0115605,0,0.005387523,0.968934178,0.2,0.0003,8905.994141,0.001242896,,,
,7560,,6765,1,189,137.0194241,3.5,,,,,,,,,,,,,,
121.012188,7600,3,,,,,,15737.98859,-4.15973866,189,0.019924164,0,-0.003620958,0.968865395,0.2,0.0003,6588.061035,0.00021577,,,
,7600,,6785,1,190,141.1010384,3.56,,,,,,,,,,,,,,
235.2646432,7640,5,,,,,,16343.96028,-4.159508288,190,0.039999783,0,-0.005033632,0.96881485,0.2,0.0003,3652.144043,0.000188321,,,
,7640,,6810,1,191,131.791036,3.41,,,,,,,,,,,,,,
126.1320496,7680,2,,,,,,8694.381531,-4.159431279,191,-0.024770975,0,-0.000589893,0.96883297,0.2,0.0003,12012.25391,9.02E-05,,,
,7680,,6831,1,192,125.1235624,3.43,,,,,,,,,,,,,,
258.9158773,7720,5,,,,,,7673.540497,-4.159453869,192,0.011127651,0,0.000231536,0.968808115,0.2,0.0003,4141.746582,7.31E-05,,,
,7720,,6852,1,193,119.3727386,3.39,,,,,,,,,,,,,,
-5.101946749,7760,2,,,,,,6747.104065,-4.159294307,193,-0.074747443,0,0.002000187,0.968720794,0.2,0.0003,2461.529785,7.05E-05,,,
,7760,,6879,1,194,109.2232122,3.25,,,,,,,,,,,,,,
16.30073166,7800,3,,,,,,4832.391846,-4.15899229,194,0.08762908,0,0.002099207,0.968629956,0.2,0.0003,2781.74292,3.11E-05,,,
,7800,,6899,1,195,111.5892682,3.23,,,,,,,,,,,,,,
334.4954338,7840,5,,,,,,14170.44571,-4.158731937,195,0.018491447,0,0.002990304,0.968567133,0.2,0.0003,1312.966553,0.000190079,,,
,7840,,6922,1,196,116.2271202,3.16,,,,,,,,,,,,,,
166.5492315,7880,5,,,,,,18947.49841,-4.158696771,196,-0.005147219,0,-0.00158366,0.968618095,0.2,0.0003,5697.13623,0.000473006,,,
,7880,,6943,1,197,119.0831361,3.19,,,,,,,,,,,,,,
18.91814423,7920,2,,,,,,20758.51352,-4.158803463,197,0.039302886,0,-0.000203053,0.968622804,0.2,0.0003,11338.61914,0.001391563,,,
,7920,,6962,1,198,112.9116248,3.17,,,,,,,,,,,,,,
201.4212818,7960,5,,,,,,7433.740906,-4.158565044,198,0.017090321,0.025,0.005389332,0.968421817,0.2,0.0003,2257.095703,0.001192375,,,
,7960,,6983,1,199,119.891685,3.22,,,,,,,,,,,,,,
43.64577866,8000,2,,,,,,7193.586029,-4.157741368,199,0.057393789,0,-0.0009524,0.968169153,0.2,0.0003,1355.161011,0.000129223,,,
,8000,,7002,1,200,127.2456686,3.16,,,,,,,,,,,,,,
74.08015442,8040,5,,,,,,10105.02582,-4.15711081,200,0.027150333,0,-0.001790177,0.968012094,0.2,0.0003,8623.000977,0.001065742,,,
,8040,,7025,1,201,135.7208918,3.13,,,,,,,,,,,,,,
123.0960388,8080,5,,,,,,9675.651962,-4.156641066,201,0.074687839,0,-0.002155185,0.96785295,0.2,0.0003,3543.947754,0.000711025,,,
,8080,,7046,1,202,146.7133483,3.25,,,,,,,,,,,,,,
129.6646309,8120,5,,,,,,16788.08905,-4.156295419,202,0.025725067,0,-0.001734191,0.967731357,0.2,0.0003,1070.150757,0.000284813,,,
,8120,,7105,1,203,143.4494238,3.23,,,,,,,,,,,,,,
-5,8160,1,,,,,,11923.24538,-4.155403018,203,0.01026988,0.075000001,0.007149654,0.967338741,0.2,0.0003,11574.4873,0.004693383,,,
,8160,,7125,1,204,141.7335496,3.3,,,,,,,,,,,,,,
89.23122406,8200,2,,,,,,5964.292831,-4.154385269,204,0.101039767,0,0.001188634,0.967053771,0.2,0.0003,3521.739746,0.000585915,,,
,8200,,7167,1,205,131.772339,3.22,,,,,,,,,,,,,,
131.9739339,8240,5,,,,,,6144.132324,-4.1535151,205,0.095305264,0,-0.000235122,0.966823041,0.2,0.0003,1137.959839,8.31E-05,,,
,8240,,7192,1,206,126.1427943,3.19,,,,,,,,,,,,,,
102.7939739,8280,4,,,,,,6423.408203,-4.152836442,206,-0.000737906,0,-0.005872963,0.966622293,0.2,0.0003,1424.718262,0.000868437,,,
,8280,,7215,1,207,123.9598126,3.13,,,,,,,,,,,,,,
13.85233569,8320,4,,,,,,16287.0177,-4.152335525,207,0.060730696,0,-0.006015775,0.966526926,0.2,0.0003,5902.557129,0.001062641,,,
,8320,,7238,1,208,119.47181,3.17,,,,,,,,,,,,,,
343.9841003,8360,5,,,,,,6670.707825,-4.152160823,208,-0.01553452,0,0.005653732,0.966509283,0.2,0.0003,3106.804443,0.00028545,,,
,8360,,7256,1,209,117.6308312,3.22,,,,,,,,,,,,,,
284.4647427,8400,5,,,,,,9299.980499,-4.152037442,209,0.034434438,0,-0.000512125,0.966452539,0.2,0.0003,3137.158203,7.77E-05,,,
,8400,,7283,1,210,113.7712737,3.18,,,,,,,,,,,,,,
-2.850277185,8440,4,,,,,,9361.511963,-4.151897311,210,0.003397346,0,-0.00034281,0.966436863,0.2,0.0003,8988.018555,0.000501785,,,
,8440,,7305,1,211,105.4276383,3.18,,,,,,,,,,,,,,
81.94256592,8480,3,,,,,,5117.395264,-4.151828289,211,-0.0834378,0,-0.008689667,0.966395795,0.2,0.0003,2277.003906,0.000457239,,,
,8480,,7330,1,212,111.4789757,3.2,,,,,,,,,,,,,,
109.3303022,8520,3,,,,,,14708.46951,-4.151767194,212,0.01590097,0,-0.000739554,0.966404796,0.2,0.0003,1935.35144,0.000114873,,,
,8520,,7348,1,213,111.6670016,3.2,,,,,,,,,,,,,,
63.00672626,8560,5,,,,,,9416.139557,-4.151680589,213,-0.024998546,0,0.00062155,0.966339111,0.2,0.0003,5203.153809,8.06E-05,,,
,8560,,7368,1,214,113.1264966,3.15,,,,,,,,,,,,,,
46.39378548,8600,3,,,,,,8449.913361,-4.151426375,214,-0.076197147,0,-0.002006803,0.966240585,0.2,0.0003,3496.598145,3.63E-05,,,
,8600,,7388,1,215,121.3890394,3.24,,,,,,,,,,,,,,
405.595273,8640,5,,,,,,22713.6546,-4.151099265,215,0.057326198,0,-0.003829972,0.966136575,0.2,0.0003,13904.10352,0.000557382,,,
,8640,,7413,1,216,118.4857647,3.22,,,,,,,,,,,,,,
246.1028137,8680,5,,,,,,9690.66214,-4.150711536,216,0.040569603,0,0.000659544,0.966035783,0.2,0.0003,4364.57959,8.23E-05,,,
,8680,,7429,1,217,123.0428066,3.27,,,,,,,,,,,,,,
235.6857185,8720,4,,,,,,8708.102661,-4.150512397,217,0.064655006,0,0.001087752,0.965991259,0.2,0.0003,2255.745605,7.44E-05,,,
,8720,,7451,1,218,124.6526474,3.27,,,,,,,,,,,,,,
143.5316677,8760,5,,,,,,7509.052246,-4.150234401,218,0.040850639,0,0.001755801,0.965769649,0.2,0.0003,2206.726074,0.000106679,,,
,8760,,7472,1,219,132.1882807,3.21,,,,,,,,,,,,,,
102.2510746,8800,5,,,,,,15570.26431,-4.149248004,219,0.011525571,0,-0.001723081,0.965468347,0.2,0.0003,1757.214111,0.000696728,,,
,8800,,7492,1,220,136.9171837,3.29,,,,,,,,,,,,,,
127.3235893,8840,5,,,,,,23418.45117,-4.148425221,220,0.041966677,0,0.0032939,0.965258777,0.2,0.0003,34775.03906,0.000196038,,,
,8840,,7510,1,221,135.6776408,3.33,,,,,,,,,,,,,,
395.3861771,8880,5,,,,,,8431.371674,-4.14789933,221,0.058540344,0,-0.001329294,0.965159297,0.2,0.0003,2574.699707,4.90E-05,,,
,8880,,7529,1,222,146.5361372,3.47,,,,,,,,,,,,,,
116.4016876,8920,5,,,,,,12058.06046,-4.147695124,222,0.098287106,0,-0.000412048,0.965112209,0.2,0.0003,3144.979492,1.65E-05,,,
,8920,,7547,1,223,150.8925231,3.58,,,,,,,,,,,,,,
217.6978245,8960,5,,,,,,4369.996033,-4.14738524,223,0.019582808,0.025,-0.01136256,0.964940965,0.2,0.0003,1903.088867,0.001297158,,,
,8960,,7631,1,224,144.6415055,3.6,,,,,,,,,,,,,,
157.9370804,9000,4,,,,,,7978.11145,-4.146799922,224,0.038594723,0,0.001382138,0.964755416,0.2,0.0003,3395.649658,0.001229902,,,
,9000,,7682,1,225,149.3794494,3.62,,,,,,,,,,,,,,
108.5518723,9040,3,,,,,,7688.500122,-4.146115839,225,0.061519861,0,0.002506939,0.964558363,0.2,0.0003,1708.679321,5.97E-05,,,
,9040,,7702,1,226,148.2755912,3.63,,,,,,,,,,,,,,
132.7711272,9080,5,,,,,,10819.54114,-4.145622253,226,0.070056498,0,0.004632132,0.964483202,0.2,0.0003,6799.117676,0.000189875,,,
,9080,,7724,1,227,148.5192705,3.66,,,,,,,,,,,,,,
138.9047804,9120,5,,,,,,7535.091217,-4.145097554,227,0.01611352,0,0.003891773,0.964170694,0.2,0.0003,2223.024658,0.000644138,,,
,9120,,7743,1,228,146.8279798,3.74,,,,,,,,,,,,,,
171.7147274,9160,5,,,,,,7729.807098,-4.143961072,228,0.024483562,0,0.002613076,0.963767707,0.2,0.0003,3177.054932,0.0006102,,,
,9160,,7761,1,229,160.7220172,3.88,,,,,,,,,,,,,,
414.8070641,9200,5,,,,,,10659.56781,-4.142888248,229,0.05273658,0,-0.004984211,0.963547409,0.2,0.0003,567.0886841,0.000355846,,,
,9200,,7783,1,230,155.7955631,3.8,,,,,,,,,,,,,,
278.8316841,9240,5,,,,,,11584.99854,-4.142352045,230,0.036028147,0,-0.00893334,0.963409364,0.2,0.0003,3220.309814,0.001360166,,,
,9240,,7802,1,231,148.2801412,3.7,,,,,,,,,,,,,,
275.804245,9280,5,,,,,,8683.254913,-4.141692996,231,0.017783761,0,0.003068299,0.963137031,0.2,0.0003,4150.901855,0.001491203,,,
,9280,,7822,1,232,147.2553927,3.55,,,,,,,,,,,,,,
-5,9320,1,,,,,,6193.168152,-4.140913904,232,-0.001197219,0.025,-0.014051837,0.962942004,0.2,0.0003,6119.17041,0.004999946,,,
,9320,,7843,1,233,150.5288759,3.53,,,,,,,,,,,,,,
183.0860271,9360,4,,,,,,11771.08746,-4.14043051,233,0.063049793,0,-0.00133269,0.962822199,0.2,0.0003,3054.714355,0.001371549,,,
,9360,,7865,1,234,148.1977616,3.53,,,,,,,,,,,,,,
18.26599312,9400,2,,,,,,4820.988129,-4.140293479,234,0.097960293,0.050000001,-0.011038726,0.962555766,0.2,0.0003,4828.272461,0.00336806,,,
,9400,,7882,1,235,152.631711,3.54,,,,,,,,,,,,,,
257.1956692,9440,5,,,,,,11371.68408,-4.138414741,235,0.056396604,0.100000001,0.021168473,0.961999893,0.2,0.0003,2431.084473,0.00940204,,,
,9440,,7911,1,236,148.4481891,3.44,,,,,,,,,,,,,,
-5,9480,1,,,,,,8021.179855,-4.137178183,236,-0.00173378,0.025,0.016299301,0.96171999,0.2,0.0003,5490.432129,0.002444926,,,
,9480,,7931,1,237,141.2864871,3.33,,,,,,,,,,,,,,
267.841383,9520,5,,,,,,8795.576233,-4.136265397,237,0.068694413,0,-0.012358559,0.961477757,0.2,0.0003,6718.746582,0.000566748,,,
,9520,,7950,1,238,138.6564397,3.35,,,,,,,,,,,,,,
115.6382704,9560,4,,,,,,6530.578674,-4.135555804,238,0.102167368,0,0.003291875,0.9612813,0.2,0.0003,2933.229492,0.002270106,,,
,9560,,7971,1,239,137.639103,3.33,,,,,,,,,,,,,,
-5,9600,1,,,,,,13910.39917,-4.13526082,239,-1.57E-05,0.050000001,-0.00311519,0.961324394,0.2,0.0003,10789.40039,0.003561548,,,
,9600,,7990,1,240,134.6444379,3.4,,,,,,,,,,,,,,
415.6539116,9640,5,,,,,,6569.600372,-4.135551155,240,0.051921248,0.050000001,-0.031820508,0.961413324,0.2,0.0003,3083.819824,0.003505657,,,
,9640,,8010,1,241,138.2283674,3.49,,,,,,,,,,,,,,
219.6643944,9680,5,,,,,,11074.95197,-4.135751843,241,0.033055902,0,-0.007780363,0.961443365,0.2,0.0003,6701.066406,0.001659153,,,
,9680,,8032,1,242,132.8562393,3.42,,,,,,,,,,,,,,
351.6993408,9720,5,,,,,,7386.155762,-4.135537148,242,0.096696556,0,0.003117876,0.961273849,0.2,0.0003,5117.416016,0.000449325,,,
,9720,,8052,1,243,137.8429655,3.46,,,,,,,,,,,,,,
123.3425903,9760,3,,,,,,15329.26108,-4.135146737,243,0.065023184,0,-0.001456661,0.961231232,0.2,0.0003,33559.76953,0.000145759,,,
,9760,,8069,1,244,132.6184994,3.45,,,,,,,,,,,,,,
381.423851,9800,5,,,,,,6645.734192,-4.134787023,244,0.011066675,0,0.00063256,0.961033106,0.2,0.0003,4992.314453,0.000159636,,,
,9800,,8092,1,245,138.4671193,3.5,,,,,,,,,,,,,,
-10,9840,2,,,,,,9640.99881,-4.134266555,245,0.002518713,0,-0.00132944,0.960961044,0.2,0.0003,6481.793457,7.14E-05,,,
,9840,,8210,1,246,142.5167048,3.47,,,,,,,,,,,,,,
40.80767441,9880,2,,,,,,16156.28741,-4.134040534,246,-0.025379896,0,-0.004926886,0.960891724,0.2,0.0003,4705.180664,0.000191806,,,
,9880,,8243,1,247,143.8841333,3.39,,,,,,,,,,,,,,
99.16928101,9920,2,,,,,,8028.806274,-4.133837223,247,0.012201309,0,0.011347057,0.960848808,0.2,0.0003,2640.993652,0.00094658,,,
,9920,,8275,1,248,140.1357166,3.3,,,,,,,,,,,,,,
224.8579698,9960,5,,,,,,6332.562408,-4.13366133,248,0.066230536,0,0.000973321,0.96079731,0.2,0.0003,4149.302246,0.000622077,,,
,9960,,8316,1,249,143.2274022,3.25,,,,,,,,,,,,,,
262.7166481,10000,4,,,,,,10189.07559,-4.133459747,249,0.007864773,0,-0.004236494,0.960722148,0.2,0.0003,3604.44165,0.000214124,,,
,10000,,8350,1,250,144.2788775,3.29,,,,,,,,,,,,,,
207.9609656,10040,5,,,,,,10369.16641,-4.133173645,250,0.076166093,0,-0.002145765,0.960618913,0.2,0.0003,3136.604248,0.000108092,,,
,10040,,8392,1,251,133.5688397,3.08,,,,,,,,,,,,,,
22.377352,10080,4,,,,,,16631.95563,-4.132600963,251,-0.066140294,0,0.003624711,0.96032846,0.2,0.0003,8214.707031,0.000186597,,,
,10080,,8427,1,252,134.7384531,3.03,,,,,,,,,,,,,,
172.7202492,10120,5,,,,,,12376.54532,-4.131727397,252,0.067168772,0,0.005161414,0.960143745,0.2,0.0003,4417.185547,0.001172726,,,
,10120,,8462,1,253,134.1148478,3.04,,,,,,,,,,,,,,
280.1105614,10160,5,,,,,,12412.99857,-4.131240249,253,0.051369667,0,-0.000324667,0.960043669,0.2,0.0003,3885.24585,0.000329931,,,
,10160,,8496,1,254,138.9965794,3.14,,,,,,,,,,,,,,
187.9961796,10200,4,,,,,,9380.588074,-4.130921423,254,0.075712144,0,0.006012437,0.959939659,0.2,0.0003,6607.458984,0.000457127,,,
,10200,,8567,1,255,134.1665444,3.09,,,,,,,,,,,,,,
115.5643635,10240,4,,,,,,7034.573952,-4.131168187,255,0.081647992,0,0.011737432,0.960170746,0.2,0.0003,3535.265137,0.002261056,,,
,10240,,8601,1,256,151.0702364,3.26,,,,,,,,,,,,,,
189.1396961,10280,5,,,,,,16536.71902,-4.13154304,256,0.079129457,0,-0.006962307,0.960193992,0.2,0.0003,2187.22168,0.00080938,,,
,10280,,8667,1,257,154.9250862,3.34,,,,,,,,,,,,,,
240.8531342,10320,3,,,,,,6535.537537,-4.131276608,257,0.152928889,0.150000002,-0.019792366,0.960040271,0.2,0.0003,3584.492676,0.009795195,,,
,10320,,8718,1,258,144.0119131,3.22,,,,,,,,,,,,,,
205.9995098,10360,5,,,,,,12795.93588,-4.130781949,258,0.025356531,0.050000001,0.037182333,0.959902644,0.2,0.0003,5509.131836,0.005716482,,,
,10360,,8750,1,259,148.8945184,3.29,,,,,,,,,,,,,,
268.7404938,10400,4,,,,,,10643.89047,-4.1304878,259,0.048112154,0,6.80E-06,0.959846914,0.2,0.0003,2735.830566,0.000230694,,,
,10400,,8786,1,260,146.3421707,3.3,,,,,,,,,,,,,,
65.53501892,10440,2,,,,,,10106.45126,-4.130307555,260,0.051353574,0,0.002490029,0.959815681,0.2,0.0003,3383.322998,5.91E-05,,,
,10440,,8817,1,261,144.5238118,3.3,,,,,,,,,,,,,,
-2.449106455,10480,2,,,,,,10861.0932,-4.130313814,261,0.080237031,0,0.004365474,0.959794402,0.2,0.0003,3848.865234,0.000175749,,,
,10480,,8857,1,262,130.8332179,3.08,,,,,,,,,,,,,,
-20,10520,4,,,,,,12225.52557,-4.130161464,262,-0.001000524,0,0.001256425,0.95974493,0.2,0.0003,7104.381348,2.15E-05,,,
,10520,,8884,1,263,133.8832691,3.16,,,,,,,,,,,,,,
126.7567558,10560,3,,,,,,8245.011292,-4.130048931,263,0.012634099,0,0.002606516,0.959766388,0.2,0.0003,2615.364258,0.000258173,,,
,10560,,8919,1,264,125.062863,3.09,,,,,,,,,,,,,,
35.46027756,10600,2,,,,,,13372.90454,-4.130178511,264,0.046561241,0.025,0.01211639,0.959685504,0.2,0.0003,13741.9209,0.002138803,,,
,10600,,9000,1,265,123.8432794,3.04,,,,,,,,,,,,,,
169.2975235,10640,3,,,,,,7776.92157,-4.12936312,265,0.002518535,0.025,0.005945855,0.95942235,0.2,0.0003,4691.165039,0.002483541,,,
,10640,,9034,1,266,129.712338,3.18,,,,,,,,,,,,,,
187.6986408,10680,5,,,,,,13827.95032,-4.128701925,266,0.079430819,0,5.89E-05,0.959261358,0.2,0.0003,4319.78418,0.000363267,,,
,10680,,9071,1,267,130.3899892,3.16,,,,,,,,,,,,,,
32.7470932,10720,3,,,,,,8930.601028,-4.128322721,267,0.038574278,0,-0.001549745,0.959170043,0.2,0.0003,13045.38379,0.000139308,,,
,10720,,9145,1,268,132.49739,3.24,,,,,,,,,,,,,,
-5,10760,1,,,,,,7285.10907,-4.127984583,268,0.108610988,0,0.000193435,0.959089279,0.2,0.0003,3050.891357,0.000139059,,,
,10760,,9175,1,269,136.520446,3.26,,,,,,,,,,,,,,
40.93103027,10800,2,,,,,,17105.54172,-4.127770424,269,0.010690212,0,-0.000413316,0.959016025,0.2,0.0003,2069.697266,0.000161891,,,
,10800,,9204,1,270,141.6421406,3.39,,,,,,,,,,,,,,
170.5030975,10840,3,,,,,,5976.362213,-4.12738204,270,0.102378786,0,-0.000242916,0.958857715,0.2,0.0003,1395.919067,2.07E-05,,,
,10840,,9237,1,271,143.5651461,3.38,,,,,,,,,,,,,,
231.0725632,10880,5,,,,,,14969.78961,-4.127215803,271,0.058994949,0,0.006224238,0.958985209,0.2,0.0003,10643.51465,0.000306888,,,
,10880,,9267,1,272,144.8998788,3.33,,,,,,,,,,,,,,
121.1451337,10920,4,,,,,,8416.152222,-4.127578557,272,0.031359792,0,-0.002580638,0.959033906,0.2,0.0003,7593.128418,8.77E-05,,,
,10920,,9328,1,273,139.9611052,3.23,,,,,,,,,,,,,,
107.6777411,10960,5,,,,,,12607.93875,-4.127711117,273,-0.047475219,0,0.00085887,0.959056854,0.2,0.0003,5978.914063,0.000327256,,,
,10960,,9357,1,274,137.6360487,3.19,,,,,,,,,,,,,,
239.9292402,11000,5,,,,,,8090.761292,-4.127642989,274,0.060714781,0,0.001769148,0.958952546,0.2,0.0003,2220.950928,7.59E-05,,,
,11000,,9392,1,275,133.8037198,3.17,,,,,,,,,,,,,,
365.347908,11040,5,,,,,,11151.56107,-4.127253532,275,-0.050876379,0,0.004080751,0.958850324,0.2,0.0003,3779.852051,0.00023376,,,
,11040,,9429,1,276,129.5786384,2.94,,,,,,,,,,,,,,
59.17123413,11080,2,,,,,,14439.86908,-4.12702316,276,0.000393212,0,-0.001987221,0.958786607,0.2,0.0003,2232.36377,0.000242072,,,
,11080,,9468,1,277,119.3330137,2.79,,,,,,,,,,,,,,
51.89694214,11120,3,,,,,,12015.18689,-4.126819611,277,-0.028374076,0,0.001388171,0.958801687,0.2,0.0003,7768.660645,0.000621106,,,
,11120,,9504,1,278,109.9607631,2.68,,,,,,,,,,,,,,
171.7431374,11160,3,,,,,,7654.471863,-4.126898408,278,0.012452185,0,0.001093413,0.958742261,0.2,0.0003,3689.380615,0.000627784,,,
,11160,,9561,1,279,110.5084678,2.7,,,,,,,,,,,,,,
135.7846813,11200,5,,,,,,6883.704285,-4.12659657,279,-0.03249383,0,-0.003035159,0.958659351,0.2,0.0003,6814.933594,0.002571833,,,
,11200,,9601,1,280,109.564977,2.66,,,,,,,,,,,,,,
378.5382957,11240,5,,,,,,9031.709091,-4.126468897,280,0.063179374,0,0.0028837,0.958752513,0.2,0.0003,5994.844238,0.000732125,,,
,11240,,9637,1,281,105.26058,2.67,,,,,,,,,,,,,,
85.22496033,11280,2,,,,,,15810.91559,-4.126776099,281,0.0260548,0,-0.002492681,0.958773613,0.2,0.0003,5116.047852,0.000927316,,,
,11280,,9671,1,282,102.047915,2.75,,,,,,,,,,,,,,
185.7756424,11320,5,,,,,,6032.761444,-4.12668997,282,0.177811503,0,-0.003015202,0.958678722,0.2,0.0003,3280.645996,0.000371279,,,
,11320,,9712,1,283,107.4325026,2.9,,,,,,,,,,,,,,
100.9389114,11360,2,,,,,,5713.961365,-4.126264095,283,0.164509773,0,-0.002554892,0.958519161,0.2,0.0003,1795.336548,0.000173675,,,
,11360,,9749,1,284,104.1658354,2.87,,,,,,,,,,,,,,
215.4985809,11400,4,,,,,,12632.27112,-4.125894666,284,-0.128897905,0,-0.000713023,0.958481431,0.2,0.0003,3704.753418,8.74E-05,,,
,11400,,9788,1,285,106.7334188,2.93,,,,,,,,,,,,,,
353.2611618,11440,5,,,,,,8562.922852,-4.125754774,285,0.078293264,0,0.00147539,0.958457649,0.2,0.0003,2872.98584,0.000797059,,,
,11440,,9840,1,286,116.1612,3.01,,,,,,,,,,,,,,
125.6357489,11480,5,,,,,,16118.88324,-4.125753164,286,0.036836803,0,-0.000416395,0.958489358,0.2,0.0003,15037.92676,0.001304886,,,
,11480,,9878,1,287,112.4492768,2.99,,,,,,,,,,,,,,
339.3443298,11520,5,,,,,,8908.221558,-4.125811338,287,0.014392078,0,0.000524728,0.958529174,0.2,0.0003,5513.38623,0.000297742,,,
,11520,,9913,1,288,118.502458,3.09,,,,,,,,,,,,,,
421.6493721,11560,5,,,,,,7920.229889,-4.1258654,288,0.146329641,0,-0.000753229,0.958522797,0.2,0.0003,11019.33203,0.000432131,,,
,11560,,9952,1,289,115.1730383,3.02,,,,,,,,,,,,,,
-5,11600,1,,,,,,9382.357819,-4.125832438,289,0.069636822,0,0.00076119,0.958543181,0.2,0.0003,5170.080078,0.000318959,,,
,11600,,9982,1,290,125.5755997,3.07,,,,,,,,,,,,,,
161.3551884,11640,5,,,,,,13919.97852,-4.125758052,290,0.048618853,0,-0.00761546,0.958406329,0.2,0.0003,4922.040527,0.000910512,,,
,11640,,10017,1,291,137.3501852,3.19,,,,,,,,,,,,,,
110.4067116,11680,3,,,,,,10852.19449,-4.125224471,291,0.140541911,0,-0.000253617,0.958236694,0.2,0.0003,2348.064941,0.001786861,,,
,11680,,10049,1,292,142.9707965,3.33,,,,,,,,,,,,,,
229.0777359,11720,4,,,,,,8306.017944,-4.124692023,292,0.089531541,0.025,-0.013037872,0.958043933,0.2,0.0003,5703.282227,0.002780584,,,
,11720,,10091,1,293,148.3321801,3.44,,,,,,,,,,,,,,
312.8928642,11760,5,,,,,,8878.970978,-4.123987913,293,0.104531646,0,-0.007691647,0.957821369,0.2,0.0003,3919.656006,0.000731988,,,
,11760,,10129,1,294,152.1049619,3.47,,,,,,,,,,,,,,
272.8999138,11800,5,,,,,,10738.88502,-4.123093247,294,-0.0151968,0.250000006,0.015993618,0.957394779,0.2,0.0003,7465.054199,0.027943376,,,
,11800,,10164,1,295,146.2055349,3.48,,,,,,,,,,,,,,
279.5681686,11840,4,,,,,,7825.152313,-4.121706069,295,0.125851512,0,-0.008229066,0.957024276,0.2,0.0003,2526.608887,0.002062495,,,
,11840,,10202,1,296,155.1310076,3.6,,,,,,,,,,,,,,
47.27011108,11880,2,,,,,,11659.29553,-4.120832324,296,0.067947567,0,0.008766395,0.956828117,0.2,0.0003,6026.675293,0.001231539,,,
,11880,,10290,1,297,160.6280855,3.53,,,,,,,,,,,,,,
43.24527776,11920,5,,,,,,10709.20917,-4.120239973,297,0.053165734,0,0.003363602,0.956667602,0.2,0.0003,2982.138184,0.000107145,,,
,11920,,10323,1,298,162.7530743,3.52,,,,,,,,,,,,,,
152.0840836,11960,3,,,,,,17173.52399,-4.119752109,298,0.034240484,0,-0.005343826,0.956519306,0.2,0.0003,3684.11377,0.000273195,,,
,11960,,10498,1,299,154.941836,3.44,,,,,,,,,,,,,,
277.1849747,12000,4,,,,,,9057.351501,-4.119311154,299,0.110277653,0,0.007086345,0.956428766,0.2,0.0003,4905.978027,0.000472836,,,
,12000,,10527,1,300,156.3825523,3.34,,,,,,,,,,,,,,
382.2947388,12040,5,,,,,,11471.08136,-4.119087815,300,0.098049104,0,0.000135201,0.956364393,0.2,0.0003,12089.80762,0.000120537,,,
,12040,,10606,1,301,160.9162117,3.29,,,,,,,,,,,,,,
259.7420921,12080,5,,,,,,16019.6911,-4.118878365,301,-0.026900768,0,0.001565304,0.956305385,0.2,0.0003,7484.79541,0.000257976,,,
,12080,,10636,1,302,157.8562994,3.27,,,,,,,,,,,,,,
259.4856548,12120,5,,,,,,10035.5567,-4.11885792,302,-0.065194607,0,0.001662799,0.956358314,0.2,0.0003,4367.678223,0.000332534,,,
,12120,,10668,1,303,163.4502924,3.34,,,,,,,,,,,,,,
316.7423248,12160,5,,,,,,6635.699158,-4.118790567,303,0.120182395,0,-0.000822676,0.956268311,0.2,0.0003,4060.156494,0.000341675,,,
,12160,,10699,1,304,164.35735,3.31,,,,,,,,,,,,,,
305.2815552,12200,5,,,,,,10710.35297,-4.118431211,304,0.054843247,0,-0.000975645,0.956154227,0.2,0.0003,8896.030273,0.000234999,,,
,12200,,10782,1,305,157.8579923,3.26,,,,,,,,,,,,,,
185.3591003,12240,2,,,,,,14088.75189,-4.118090808,305,0.048697174,0,0.000323997,0.955967426,0.2,0.0003,6143.499023,0.000885998,,,
,12240,,10866,1,306,159.9075275,3.32,,,,,,,,,,,,,,
513.0898132,12280,5,,,,,,11402.17139,-4.116961896,306,0.051397562,0,-0.021803691,0.95558095,0.2,0.0003,3670.999268,0.001966116,,,
,12280,,10896,1,307,162.7455165,3.37,,,,,,,,,,,,,,
374.4483795,12320,5,,,,,,26948.5278,-4.116118014,307,0.058681667,0.025,-0.002017589,0.955428004,0.2,0.0003,36145.22266,0.001650642,,,
,12320,,10932,1,308,164.7097194,3.37,,,,,,,,,,,,,,
330.0615082,12360,5,,,,,,10490.64444,-4.115593553,308,0.101273596,0,0.006887707,0.955260754,0.2,0.0003,10671.14355,0.000249599,,,
,12360,,11019,1,309,164.0258094,3.46,,,,,,,,,,,,,,
95.15966034,12400,3,,,,,,10034.86121,-4.114898205,309,0.049691379,0,0.005351372,0.954979539,0.2,0.0003,7980.137695,0.000195375,,,
,12400,,11047,1,310,164.5800867,3.49,,,,,,,,,,,,,,
192.802742,12440,3,,,,,,10428.30067,-4.113977134,310,0.10235697,0,-0.002976765,0.954688787,0.2,0.0003,3402.621338,0.000589265,,,
,12440,,11080,1,311,177.2306933,3.56,,,,,,,,,,,,,,
12.64436913,12480,2,,,,,,16672.35425,-4.113191724,311,0.077224374,0,0.001318388,0.954489112,0.2,0.0003,6483.742188,0.000318714,,,
,12480,,11110,1,312,174.8053462,3.54,,,,,,,,,,,,,,
171.0098419,12520,3,,,,,,7270.391029,-4.112515509,312,0.108915389,0,0.006301478,0.954284608,0.2,0.0003,4083.719238,0.000408827,,,
,12520,,11141,1,313,181.049889,3.53,,,,,,,,,,,,,,
151.8014746,12560,4,,,,,,22314.25372,-4.112104774,313,0.055246949,0,0.002116786,0.954352975,0.2,0.0003,18285.24023,0.000918333,,,
,12560,,11179,1,314,182.2048117,3.5,,,,,,,,,,,,,,
265.0870409,12600,5,,,,,,18427.74976,-4.112523854,314,0.031133652,0,-0.010324758,0.954439104,0.2,0.0003,20632.35156,0.001109204,,,
,12600,,11215,1,315,188.3989644,3.55,,,,,,,,,,,,,,
-5,12640,1,,,,,,25988.85968,-4.112599313,315,-0.003913283,0,0.002319935,0.954427958,0.2,0.0003,17934.9043,0.000782092,,,
,12640,,11271,1,316,172.9234753,3.5,,,,,,,,,,,,,,
200.668499,12680,4,,,,,,6506.375854,-4.112435758,316,0.09646517,0,0.002701443,0.954300284,0.2,0.0003,916.3138428,9.02E-05,,,
,12680,,11304,1,317,166.5303889,3.49,,,,,,,,,,,,,,
337.9739532,12720,5,,,,,,5327.409882,-4.111963749,317,0.032226145,0.100000003,0.01334204,0.954201639,0.2,0.0003,3300.744385,0.004949394,,,
,12720,,11339,1,318,170.5953078,3.47,,,,,,,,,,,,,,
480.7085419,12760,5,,,,,,13104.42307,-4.111696482,318,0.058655977,0.025,0.007403384,0.954137206,0.2,0.0003,6994.035156,0.002362345,,,
,12760,,11376,1,319,176.114837,3.48,,,,,,,,,,,,,,
21.83975983,12800,2,,,,,,18194.63092,-4.111539721,319,0.072908103,0,0.002687686,0.954138219,0.2,0.0003,14543.89844,0.000274795,,,
,12800,,11405,1,320,167.5459779,3.49,,,,,,,,,,,,,,
11.75223351,12840,2,,,,,,6631.532654,-4.111596763,320,0.028186858,0,0.005528476,0.954172492,0.2,0.0003,5238.653809,0.000857954,,,
,12840,,11437,1,321,156.6671288,3.42,,,,,,,,,,,,,,
430.7486877,12880,5,,,,,,7192.575424,-4.111671329,321,0.094565094,0,0.001380888,0.95419997,0.2,0.0003,3360.927002,0.000122827,,,
,12880,,11473,1,322,158.8392446,3.47,,,,,,,,,,,,,,
11.90359306,12920,2,,,,,,11840.91632,-4.111700058,322,0.027724206,0,-0.001206254,0.954210222,0.2,0.0003,2652.875488,0.00013621,,,
,12920,,11500,1,323,149.2827484,3.48,,,,,,,,,,,,,,
87.1649437,12960,3,,,,,,4900.113358,-4.111889184,323,0.118754387,0,2.04E-05,0.9543643,0.2,0.0003,3115.098145,0.000496256,,,
,12960,,11530,1,324,147.6690671,3.49,,,,,,,,,,,,,,
288.9516907,13000,5,,,,,,10647.92723,-4.112205088,324,-0.046400428,0,-0.010138848,0.95422858,0.2,0.0003,6969.15625,0.000607775,,,
,13000,,11562,1,325,163.4750624,3.54,,,,,,,,,,,,,,
160.9051399,13040,4,,,,,,23203.79407,-4.110162139,325,0.076252639,0.500000011,0.072950111,0.95336616,0.2,0.0003,18610.8125,0.05537749,,,
,13040,,11592,1,326,163.7385325,3.57,,,,,,,,,,,,,,
170.2818069,13080,4,,,,,,7305.125626,-4.10771364,326,0.08822906,0,0.005042921,0.952721775,0.2,0.0003,2967.990967,0.000807664,,,
,13080,,11682,1,327,160.5625292,3.54,,,,,,,,,,,,,,
315.2461576,13120,5,,,,,,10759.32422,-4.106006324,327,0.091949403,0,0.002301298,0.952316165,0.2,0.0003,2905.760986,0.000143756,,,
,13120,,11731,1,328,160.3391053,3.64,,,,,,,,,,,,,,
200.0155373,13160,5,,,,,,8591.720673,-4.105055094,328,0.13116467,0,-0.012673766,0.952154636,0.2,0.0003,7907.905273,0.000406504,,,
,13160,,11766,1,329,151.7741999,3.56,,,,,,,,,,,,,,
113.2556915,13200,3,,,,,,5766.334961,-4.104531169,329,0.112092376,0,6.33E-05,0.951951265,0.2,0.0003,2947.493896,0.000762647,,,
,13200,,11802,1,330,150.6349528,3.58,,,,,,,,,,,,,,
106.761467,13240,5,,,,,,10621.43719,-4.104174733,330,0.064122975,0,-0.012405551,0.952020526,0.2,0.0003,2355.540771,0.001039639,,,
,13240,,11847,1,331,149.1098002,3.61,,,,,,,,,,,,,,
36.04551697,13280,2,,,,,,7644.624817,-4.104274094,331,0.100171149,0,0.007100191,0.95222795,0.2,0.0003,2675.29248,0.001358101,,,
,13280,,11876,1,332,148.9885741,3.55,,,,,,,,,,,,,,
163.0576496,13320,5,,,,,,13833.96223,-4.106474757,332,-0.036461234,0.250000007,0.001985388,0.953240633,0.2,0.0003,4820.535645,0.014358385,,,
,13320,,11909,1,333,150.4554003,3.6,,,,,,,,,,,,,,
-10.44675779,13360,4,,,,,,9304.979065,-4.108556151,333,0.100919247,0.025,0.005393821,0.953595042,0.2,0.0003,7457.725098,0.00254025,,,
,13360,,11947,1,334,140.3202692,3.52,,,,,,,,,,,,,,
163.4010201,13400,5,,,,,,15246.09647,-4.109143794,334,0.028491557,0,-0.000613577,0.953669071,0.2,0.0003,21181.88477,0.000810592,,,
,13400,,11991,1,335,134.4088118,3.41,,,,,,,,,,,,,,
79.87338972,13440,5,,,,,,8000.465149,-4.109318435,335,0.007435381,0,-0.002585643,0.953731716,0.2,0.0003,2060.050537,0.000176166,,,
,13440,,12022,1,336,135.785356,3.5,,,,,,,,,,,,,,
282.1879158,13480,5,,,,,,8216.063416,-4.109202445,336,0.190559924,0,0.00493967,0.953538299,0.2,0.0003,12140.89355,0.000335675,,,
,13480,,12061,1,337,132.4999601,3.37,,,,,,,,,,,,,,
415.5394955,13520,5,,,,,,9435.059509,-4.108456016,337,-0.029265761,0.025,0.005058468,0.953354836,0.2,0.0003,5081.955078,0.002659865,,,
,13520,,12091,1,338,139.1543502,3.38,,,,,,,,,,,,,,
169.0568504,13560,4,,,,,,15447.98157,-4.107992351,338,0.009819865,0,0.000979078,0.953270614,0.2,0.0003,3964.931885,0.000569637,,,
,13560,,12124,1,339,142.6944179,3.44,,,,,,,,,,,,,,
96.74041367,13600,3,,,,,,6909.881531,-4.107819974,339,0.053222716,0,0.003162573,0.953243732,0.2,0.0003,5648.086914,0.000199543,,,
,13600,,12155,1,340,147.4766781,3.42,,,,,,,,,,,,,,
274.5075684,13640,5,,,,,,11931.4895,-4.10747391,340,0.052128375,0,0.002114282,0.953098774,0.2,0.0003,13315.47559,6.76E-05,,,
,13640,,12189,1,341,150.5880291,3.42,,,,,,,,,,,,,,
116.6609976,13680,5,,,,,,16608.15155,-4.106925547,341,0.096731186,0,0.000151736,0.952794254,0.2,0.0003,2581.564209,8.66E-06,,,
,13680,,12225,1,342,152.6753894,3.44,,,,,,,,,,,,,,
139.6655922,13720,5,,,,,,17594.10168,-4.105448782,342,0.025306046,0,-0.004294429,0.952331901,0.2,0.0003,9143.198242,0.000184964,,,
,13720,,12296,1,343,148.7826766,3.39,,,,,,,,,,,,,,
142.4114151,13760,3,,,,,,10495.8631,-4.104299426,343,-0.038038015,0,-0.000926562,0.952080727,0.2,0.0003,7594.508789,0.000504646,,,
,13760,,12329,1,344,152.936204,3.34,,,,,,,,,,,,,,
207.1908302,13800,5,,,,,,20048.28882,-4.103598654,344,0.05480516,0,0.002689885,0.951877713,0.2,0.0003,2375.651123,0.001069345,,,
,13800,,12364,1,345,151.7577917,3.35,,,,,,,,,,,,,,
600.7205658,13840,5,,,,,,7990.412415,-4.103067577,345,0.016713619,0,-0.006185594,0.951807201,0.2,0.0003,4709.477051,0.000988214,,,
,13840,,12402,1,346,158.2875136,3.47,,,,,,,,,,,,,,
76.87763214,13880,3,,,,,,19925.94489,-4.102992237,346,0.043128073,0,0.003702709,0.951835036,0.2,0.0003,1234.013062,0.001017019,,,
,13880,,12424,1,347,162.4810148,3.48,,,,,,,,,,,,,,
28.65203857,13920,2,,,,,,13380.26312,-4.1029495,347,0.093329847,0,-0.011253375,0.951754272,0.2,0.0003,10009.77051,0.000325614,,,
,13920,,12443,1,348,170.4642239,3.45,,,,,,,,,,,,,,
74.31311798,13960,3,,,,,,19207.13806,-4.102448642,348,0.0469172,0.025,0.015846316,0.951578617,0.2,0.0003,20965.54102,0.002432442,,,
,13960,,12478,1,349,167.2792431,3.38,,,,,,,,,,,,,,
266.2124214,14000,5,,,,,,8950.670776,-4.101912439,349,0.112573862,0,-0.000468452,0.951416254,0.2,0.0003,3819.537598,0.000408122,,,
,14000,,12497,1,350,161.4406307,3.37,,,,,,,,,,,,,,
357.2520485,14040,5,,,,,,12156.23691,-4.101378679,350,0.059821188,0,0.000521827,0.951265693,0.2,0.0003,1435.569214,0.000185183,,,
,14040,,12516,1,351,175.1349737,3.49,,,,,,,,,,,,,,
372.5725937,14080,5,,,,,,16067.94025,-4.100927234,351,0.069360435,0,0.00167245,0.951145768,0.2,0.0003,3307.578369,3.39E-05,,,
,14080,,12538,1,352,179.5303641,3.44,,,,,,,,,,,,,,
105.208065,14120,3,,,,,,13683.08585,-4.100515187,352,0.017132521,0,-0.001241094,0.951034963,0.2,0.0003,3403.656006,2.84E-05,,,
,14120,,12559,1,353,170.2597041,3.34,,,,,,,,,,,,,,
229.9702816,14160,5,,,,,,9479.805878,-4.100356519,353,0.026778638,0,0.002285701,0.951039493,0.2,0.0003,4099.885742,0.000267069,,,
,14160,,12581,1,354,161.5969416,3.25,,,,,,,,,,,,,,
284.0541687,14200,5,,,,,,9451.760468,-4.100201726,354,0.034575105,0,0.00358747,0.950924635,0.2,0.0003,3106.130615,0.00034022,,,
,14200,,12611,1,355,160.509607,3.28,,,,,,,,,,,,,,
107.405323,14240,5,,,,,,9981.035889,-4.099607348,355,0.122268617,0,0.002564702,0.950711727,0.2,0.0003,3177.524902,8.89E-05,,,
,14240,,12632,1,356,158.6679489,3.28,,,,,,,,,,,,,,
103.5785789,14280,5,,,,,,7960.781281,-4.099114239,356,0.108614624,0,-0.005814002,0.950612724,0.2,0.0003,1553.596924,0.000711906,,,
,14280,,12657,1,357,150.8848273,3.28,,,,,,,,,,,,,,
148.4408607,14320,3,,,,,,7921.522461,-4.098715663,357,0.001806021,0,-0.00549654,0.950349927,0.2,0.0003,6264.561035,0.000413331,,,
,14320,,12677,1,358,153.0014847,3.29,,,,,,,,,,,,,,
415.2075768,14360,5,,,,,,9277.757813,-4.097700417,358,0.125429749,0,-0.002546126,0.950134456,0.2,0.0003,6556.820313,0.000740565,,,
,14360,,12693,1,359,153.2905571,3.32,,,,,,,,,,,,,,
329.3255863,14400,5,,,,,,12456.29181,-4.097216904,359,0.010343075,0,0.002271275,0.950007439,0.2,0.0003,3232.66748,0.000495777,,,
,14400,,12712,1,360,152.908881,3.35,,,,,,,,,,,,,,
38.92706871,14440,4,,,,,,13565.76093,-4.096874714,360,0.064634979,0,0.004436859,0.949942946,0.2,0.0003,3732.835449,0.000201663,,,
,14440,,12731,1,361,145.3334592,3.37,,,,,,,,,,,,,,
275.8704643,14480,5,,,,,,5744.573135,-4.096675038,361,0.143160343,0,-0.000970288,0.949861705,0.2,0.0003,2039.518066,7.71E-05,,,
,14480,,12752,1,362,151.9204154,3.45,,,,,,,,,,,,,,
106.6808968,14520,3,,,,,,7257.146271,-4.096273124,362,0.193670273,0,0.002833036,0.949751496,0.2,0.0003,5703.64502,0.000228928,,,
,14520,,12774,1,363,160.5439477,3.49,,,,,,,,,,,,,,
226.2085686,14560,5,,,,,,30157.46638,-4.09604609,363,0.031140864,0,-0.002680267,0.949736476,0.2,0.0003,29622.47656,0.000451486,,,
,14560,,12793,1,364,164.8706319,3.56,,,,,,,,,,,,,,
455.753273,14600,5,,,,,,11731.67407,-4.095797837,364,0.044374764,0,-0.007729463,0.949607849,0.2,0.0003,3555.606934,0.00233538,,,
,14600,,12851,1,365,160.083555,3.53,,,,,,,,,,,,,,
229.1348038,14640,5,,,,,,7885.069366,-4.095545828,365,0.106794119,0.075000001,-0.000790955,0.94961071,0.2,0.0003,3517.622803,0.005757223,,,
,14640,,12867,1,366,169.2990262,3.65,,,,,,,,,,,,,,
50.58470154,14680,3,,,,,,5393.703644,-4.095612228,366,0.200423002,0,-0.00144265,0.949704885,0.2,0.0003,2425.953369,0.001273845,,,
,14680,,12887,1,367,164.0784199,3.64,,,,,,,,,,,,,,
27.36433411,14720,2,,,,,,14004.04175,-4.095878839,367,-0.021601319,0,-0.007581636,0.949752331,0.2,0.0003,8544.272461,0.000405352,,,
,14720,,12903,1,368,156.9111487,3.54,,,,,,,,,,,,,,
141.2923698,14760,3,,,,,,11180.35065,-4.095914364,368,0.086974859,0,0.003344494,0.949748456,0.2,0.0003,3818.612793,0.000206515,,,
,14760,,12921,1,369,163.0713306,3.51,,,,,,,,,,,,,,
42.74856663,14800,4,,,,,,20081.67859,-4.095893621,369,0.025180161,0,-0.003213826,0.949750602,0.2,0.0003,3487.442383,0.000176691,,,
,14800,,12944,1,370,161.6657564,3.41,,,,,,,,,,,,,,
103.4058892,14840,5,,,,,,7358.92215,-4.095796049,370,0.078735352,0,0.004523078,0.949673295,0.2,0.0003,3104.894775,5.97E-05,,,
,14840,,12966,1,371,140.035045,3.24,,,,,,,,,,,,,,
129.3632221,14880,4,,,,,,7632.505493,-4.09538573,371,-0.030590892,0,0.003357479,0.949476361,0.2,0.0003,3623.088379,0.00057738,,,
,14880,,12987,1,372,138.9298045,3.19,,,,,,,,,,,,,,
389.2194366,14920,5,,,,,,11530.33453,-4.094498694,372,0.104667366,0,0.006657087,0.949169636,0.2,0.0003,3799.20459,0.000581724,,,
,14920,,13004,1,373,146.8372181,3.24,,,,,,,,,,,,,,
396.7871857,14960,5,,,,,,10969.71637,-4.093605578,373,0.109962344,0,0.000627436,0.948961198,0.2,0.0003,9775.40918,0.000223653,,,
,14960,,13024,1,374,146.9584499,3.28,,,,,,,,,,,,,,
298.9088192,15000,5,,,,,,8902.806519,-4.092955947,374,0.130915582,0,0.003715501,0.948722541,0.2,0.0003,7954.34375,0.000119114,,,
,15000,,13046,1,375,152.3141032,3.26,,,,,,,,,,,,,,
231.5276079,15040,5,,,,,,15711.86035,-4.092267454,375,0.040609121,0,0.000672955,0.948602676,0.2,0.0003,10143.04395,1.09E-05,,,
,15040,,13067,1,376,160.1270873,3.32,,,,,,,,,,,,,,
131.1660919,15080,2,,,,,,13672.82144,-4.092135787,376,0.025160015,0,0.004558548,0.948701799,0.2,0.0003,5286.787598,0.001078854,,,
,15080,,13087,1,377,153.7153406,3.33,,,,,,,,,,,,,,
126.6235123,15120,3,,,,,,8183.371811,-4.091965199,377,0.088636518,0.075000001,0.016443545,0.948275208,0.2,0.0003,4202.70752,0.005391793,,,
,15120,,13108,1,378,157.6417825,3.35,,,,,,,,,,,,,,
81.77963257,15160,2,,,,,,12337.0191,-4.090431392,378,0.004581034,0,0.002436182,0.947889447,0.2,0.0003,2905.13623,0.001354444,,,
,15160,,13127,1,379,165.8298235,3.44,,,,,,,,,,,,,,
198.8596306,15200,4,,,,,,7143.497223,-4.089587271,379,0.153534591,0,-0.002372889,0.947752595,0.2,0.0003,3536.315674,0.000418094,,,
,15200,,13144,1,380,178.9568526,3.58,,,,,,,,,,,,,,
80.05099106,15240,3,,,,,,19407.1741,-4.089367926,380,0.074054897,0,0.001912875,0.947733581,0.2,0.0003,3163.782959,0.000847246,,,
,15240,,13163,1,381,181.4107609,3.6,,,,,,,,,,,,,,
54.13380814,15280,3,,,,,,8219.494507,-4.089236975,381,0.095358133,0,0.002936006,0.947671175,0.2,0.0003,3230.402832,0.000600477,,,
,15280,,13181,1,382,172.0043685,3.47,,,,,,,,,,,,,,
119.8926296,15320,5,,,,,,7118.176758,-4.089110255,382,0.044445157,0,-0.007137153,0.947661161,0.2,0.0003,4793.105957,0.001107471,,,
,15320,,13202,1,383,174.4582026,3.5,,,,,,,,,,,,,,
65.10481262,15360,2,,,,,,6667.18869,-4.089050889,383,0.182646155,0,-0.003642101,0.947691858,0.2,0.0003,4717.395996,0.000664085,,,
,15360,,13220,1,384,163.9553067,3.44,,,,,,,,,,,,,,
351.5823135,15400,4,,,,,,11083.87436,-4.089221895,384,0.064859271,0,-0.008862446,0.947779536,0.2,0.0003,8846.793945,0.001620282,,,
,15400,,13256,1,385,160.0197953,3.38,,,,,,,,,,,,,,
329.3993607,15440,4,,,,,,15409.93161,-4.089483202,385,-0.003391504,0,-0.001139794,0.947830319,0.2,0.0003,4577.168945,0.001795557,,,
,15440,,13321,1,386,161.400691,3.4,,,,,,,,,,,,,,
63.92586327,15480,3,,,,,,11060.48166,-4.089418411,386,0.142586589,0,0.002157621,0.947772145,0.2,0.0003,6008.775879,0.000392658,,,
,15480,,13342,1,387,157.315077,3.3,,,,,,,,,,,,,,
246.224659,15520,4,,,,,,8432.774475,-4.08926034,387,0.0702824,0,0.00284842,0.947785795,0.2,0.0003,3147.964355,0.000182119,,,
,15520,,13363,1,388,152.1206272,3.29,,,,,,,,,,,,,,
119.4878702,15560,5,,,,,,12386.89494,-4.089268208,388,0.129700959,0,0.000594328,0.947756231,0.2,0.0003,1009.472107,0.000246595,,,
,15560,,13409,1,389,142.2048835,3.21,,,,,,,,,,,,,,
106.7069168,15600,2,,,,,,7986.266724,-4.088926435,389,0.075162292,0,0.002582397,0.947654605,0.2,0.0003,4330.243652,0.000135428,,,
,15600,,13440,1,390,140.5400153,3.13,,,,,,,,,,,,,,
150.08004,15640,3,,,,,,10035.12872,-4.088698745,390,-0.01536715,0,0.001440026,0.947645664,0.2,0.0003,8452.254883,0.000136259,,,
,15640,,13458,1,391,145,3.05,,,,,,,,,,,,,,
221.9114752,15680,5,,,,,,6131.390015,-4.088438332,391,0.045139313,0,0.002177996,0.947486579,0.2,0.0003,1754.607422,0.001217602,,,
,15680,,13482,1,392,145,3.06,,,,,,,,,,,,,,
200.4303894,15720,3,,,,,,795197799.5,-4.087905943,392,8.95E-05,0,0.009318658,0.947467804,0.2,0.0003,1493167232,0.000811805,,,
,15720,,13507,1,393,145,2.97,,,,,,,,,,,,,,
19.80049133,15760,2,,,,,,8970.251892,-4.087872088,393,0.125941098,0,0.005794366,0.94752574,0.2,0.0003,4091.847656,0.000800254,,,
,15760,,13528,1,394,145,2.91,,,,,,,,,,,,,,
212.2996712,15800,5,,,,,,11701.97797,-4.088411808,394,-0.003638029,0,-0.006239767,0.947810829,0.2,0.0003,10997.22656,0.001661027,,,
,15800,,13551,1,395,145,2.89,,,,,,,,,,,,,,
200.8571854,15840,3,,,,,,11097.49585,-4.089062274,395,0.083668828,0,-0.001033009,0.947921932,0.2,0.0003,8256.939453,0.000650224,,,145
,15840,,13586,1,396,145,2.94,,,,,,,,,,,,,,
283.5996552,15880,4,,,,,,11280.14716,-4.08924973,396,0.09401983,0,-0.002186733,0.947948396,0.2,0.0003,6402.614258,0.00051661,,,
,15880,,13607,1,397,145,2.97,,,,,,,,,,,,,,
51.35981369,15920,2,,,,,,7066.889679,-4.089303195,397,0.213895321,0,-0.005755466,0.947980106,0.2,0.0003,3335.112793,0.000415529,,,
,15920,,13628,1,398,145,2.99,,,,,,,,,,,,,,
321.5462837,15960,5,,,,,,31891.57611,-4.089402258,398,-0.032626867,0,0.003929932,0.948026538,0.2,0.0003,2807.165527,0.000233646,,,
,15960,,13650,1,399,150.1491731,3.04,,,,,,,,,,,,,,
370.3571472,16000,4,,,,,,13849.67072,-4.089446366,399,0.09688139,0,0.000548981,0.947990119,0.2,0.0003,19776.31445,0.000240374,,,
,16000,,13674,1,400,193.2831068,3.13,,,,,,,,,,,,,,
