time/total_timesteps,eval/mean_ep_length,eval/mean_reward,time/time_elapsed,time/fps,rollout/ep_rew_mean,rollout/ep_len_mean,time/iterations,train/approx_kl,train/learning_rate,train/explained_variance,train/n_updates,train/loss,train/entropy_loss,train/clip_fraction,train/policy_gradient_loss,train/value_loss,train/clip_range,train/std
40,1.0,-5.0,,,,,,,,,,,,,,,,
40,,,71,0,-6.795115083333333,3.3333333333333335,1,,,,,,,,,,,
80,5.0,-8.003226041793823,,,,,,0.026302487,0.0003,-0.00035762786865234375,10,23.460220336914062,-4.255627697706222,0.20500000454485418,-0.02024426673830021,75.66441469192505,0.2,0.9998578429222107
80,,,172,0,-5.371583148148147,2.888888888888889,2,,,,,,,,,,,
120,3.0,-15.0,,,,,,0.013177596,0.0003,-0.010711431503295898,20,24.397459030151367,-4.245274364948273,0.15000000298023225,-0.013087614080868625,184.23598224520683,0.2,0.9907231330871582
120,,,284,0,-3.5459545952380953,2.8333333333333335,3,,,,,,,,,,,
160,4.0,-19.434138298034668,,,,,,0.017797764,0.0003,-0.001286625862121582,30,272.1629943847656,-4.21837546825409,0.2175000047311187,-0.027400466264807622,326.0485512673855,0.2,0.985282838344574
160,,,426,0,-3.1771285999999996,2.8727272727272726,4,,,,,,,,,,,
200,5.0,45.58990526199341,,,,,,0.02255441,0.0003,0.0018193721771240234,40,207.4500274658203,-4.202650815248489,0.16000000275671483,-0.022631110430738843,298.0011071562767,0.2,0.9784739017486572
200,,,542,0,-3.7359309436619714,2.76056338028169,5,,,,,,,,,,,
240,1.0,-5.0,,,,,,0.012210673,0.0003,0.013455212116241455,50,119.31683349609375,-4.182938826084137,0.287500006146729,-0.030749360677655203,184.49821214675904,0.2,0.9727908968925476
240,,,561,0,-1.4994375517241376,2.7586206896551726,6,,,,,,,,,,,
280,5.0,-17.444867610931396,,,,,,0.010953747,0.0003,0.017111241817474365,60,237.80429077148438,-4.1620836675167086,0.20250000357627868,-0.029477525539114136,761.5551944494248,0.2,0.9658925533294678
280,,,1017,0,-1.4695603367346934,2.836734693877551,7,,,,,,,,,,,
320,5.0,18.09844744205475,,,,,,0.029538618,0.0003,-0.038700103759765625,70,333.6885070800781,-4.14832039475441,0.32500000651925803,-0.020581051742119615,221.6188378572464,0.2,0.9638485312461853
320,,,1105,0,-0.22340144999999964,2.8,8,,,,,,,,,,,
360,5.0,-9.73571914434433,,,,,,0.008346315,0.0003,-0.013984084129333496,80,178.27590942382812,-4.14169979095459,0.23750000521540643,-0.0200845016304811,351.87205399274825,0.2,0.9613156318664551
360,,,1203,0,0.5761245000000004,2.88,9,,,,,,,,,,,
400,3.0,-6.800455093383789,,,,,,0.017248547,0.0003,-0.010095834732055664,90,12.02692985534668,-4.129652100801468,0.17000000309199095,-0.024311139875499065,61.0565146446228,0.2,0.9560805559158325
400,,,1238,0,2.12372642,2.97,10,,,,,,,,,,,
440,5.0,51.84073221683502,,,,,,0.020557227,0.0003,0.025259196758270264,100,32.43342971801758,-4.121155679225922,0.2600000059232116,-0.029733750842860902,403.9809161782265,0.2,0.9564949870109558
440,,,1282,0,2.1268583199999997,3.0,11,,,,,,,,,,,
480,5.0,27.18530559539795,,,,,,0.016166147,0.0003,0.022294580936431885,110,108.6695785522461,-4.114768582582474,0.21250000428408383,-0.01577016789786285,161.25911972522735,0.2,0.9517054557800293
480,,,1327,0,3.6186229400000003,3.11,12,,,,,,,,,,,
520,5.0,-5.688230395317078,,,,,,0.03551724,0.0003,-0.031027913093566895,120,97.27839660644531,-4.104361432790756,0.3975000087171793,-0.05209516061062458,400.18508644104,0.2,0.9497107863426208
520,,,1374,0,5.98925944,3.15,13,,,,,,,,,,,
560,2.0,1.9012880325317383,,,,,,0.014690237,0.0003,0.01613473892211914,130,565.1520385742188,-4.098974269628525,0.10000000204890966,-0.018587499231925885,605.9197681903839,0.2,0.9480783939361572
560,,,1549,0,5.052065809999999,3.18,14,,,,,,,,,,,
600,1.0,-5.0,,,,,,0.015423961,0.0003,-0.018303990364074707,140,16.856977462768555,-4.089688640832901,0.10250000171363353,-0.008155149394551708,145.492276763916,0.2,0.9432923197746277
600,,,1649,0,7.38596024,3.08,15,,,,,,,,,,,
640,5.0,12.860539436340332,,,,,,0.012750979,0.0003,0.004571199417114258,150,176.7049560546875,-4.077958649396896,0.11750000212341546,-0.00011957278728005338,714.4720795154572,0.2,0.9414291381835938
640,,,1690,0,7.89579153,3.13,16,,,,,,,,,,,
680,3.0,-10.632773756980896,,,,,,0.021822687,0.0003,-0.01294553279876709,160,346.2635192871094,-4.077349156141281,0.22750000450760127,-0.012495492957823439,186.01044919490815,0.2,0.9430503249168396
680,,,1726,0,68.4369273,3.22,17,,,,,,,,,,,
720,5.0,27.09708595275879,,,,,,0.021046054,0.0003,6.42538070678711e-05,170,112.61808013916016,-4.077341657876969,0.2600000061094761,-0.010352369855681897,1613472.3504888534,0.2,0.9412772059440613
720,,,1835,0,67.37568837000002,3.11,18,,,,,,,,,,,
760,5.0,98.46392726898193,,,,,,0.027175425,0.0003,-0.015250086784362793,180,49.566246032714844,-4.073144966363907,0.3050000065937638,-0.036261459743245725,150.97403740882874,0.2,0.9398919343948364
760,,,1917,0,67.90710767,3.12,19,,,,,,,,,,,
800,4.0,28.01176905632019,,,,,,0.033716977,0.0003,-0.003277301788330078,190,156.23117065429688,-4.06532136797905,0.23250000476837157,-0.01897941087881918,413.310596036911,0.2,0.9366052150726318
800,,,1958,0,68.66674495000001,3.11,20,,,,,,,,,,,
840,5.0,72.18323421478271,,,,,,0.026884593,0.0003,0.0030781030654907227,200,96.88965606689453,-4.055468034744263,0.22750000488013028,-0.023422792225303503,533.3433337211609,0.2,0.9347757697105408
840,,,1998,0,68.53656711,3.13,21,,,,,,,,,,,
880,5.0,33.77262496948242,,,,,,0.026124816,0.0003,0.01892763376235962,210,105.39156341552734,-4.052249610424042,0.2025000037625432,-0.023574446190468733,705.4227067947388,0.2,0.933903694152832
880,,,2037,0,72.10533781999999,3.22,22,,,,,,,,,,,
920,5.0,38.89661359786987,,,,,,0.0101477085,0.0003,-0.13428831100463867,220,172.6446075439453,-4.0470297038555145,0.2025000037625432,-0.020948714369897058,426.8648036003113,0.2,0.9315404295921326
920,,,2076,0,71.26881724,3.24,23,,,,,,,,,,,
960,5.0,41.667635917663574,,,,,,0.012079795,0.0003,0.03837382793426514,230,81.294189453125,-4.037432527542114,0.10500000212341547,-0.02547139153059108,643.6618724822998,0.2,0.9285732507705688
960,,,2159,0,72.83474263,3.4,24,,,,,,,,,,,
1000,1.0,-5.0,,,,,,0.0308384,0.0003,-0.05469822883605957,240,361.2871398925781,-4.029916000366211,0.20500000435858964,-0.011752041731604091,376.7593842387199,0.2,0.9263917803764343
1000,,,2192,0,15.02329323,3.39,25,,,,,,,,,,,
1040,5.0,-10.421762466430664,,,,,,0.036358695,0.0003,-0.009407281875610352,250,58.98977279663086,-4.019676858186722,0.3525000086054206,-0.035171529172803286,363.804958152771,0.2,0.9222263693809509
1040,,,2235,0,15.555020100000002,3.41,26,,,,,,,,,,,
1080,2.0,3.892343521118164,,,,,,0.01691556,0.0003,-0.03177034854888916,260,433.24493408203125,-4.004669922590256,0.17000000309199095,-0.014080336798215288,555.801978302002,0.2,0.9181928634643555
1080,,,2331,0,18.958028400000003,3.55,27,,,,,,,,,,,
1120,2.0,-8.331470251083374,,,,,,0.011315365,0.0003,0.024434208869934082,270,82.1451416015625,-3.9916230112314226,0.19500000383704902,-0.02359009972300554,1402.179337310791,0.2,0.9147748947143555
1120,,,2366,0,20.23187664,3.49,28,,,,,,,,,,,
1160,5.0,38.570682525634766,,,,,,0.008457378,0.0003,-0.010278820991516113,280,180.3610382080078,-3.986550545692444,0.06500000115483999,-0.005822286314651137,2711.0224387168882,0.2,0.9147099852561951
1160,,,2402,0,20.092030519999998,3.4,29,,,,,,,,,,,
1200,1.0,-5.0,,,,,,0.008021449,0.0003,-0.04593229293823242,290,484.2294921875,-3.9875181704759597,0.15750000290572644,-0.014242530373521767,540.210115814209,0.2,0.9154852628707886
1200,,,2440,0,21.19155832,3.4,30,,,,,,,,,,,
1240,3.0,7.4414074420928955,,,,,,0.0054422813,0.0003,0.045772016048431396,300,620.53857421875,-3.985446611046791,0.05000000074505806,-0.013081819078288393,841.7450080871582,0.2,0.913851261138916
1240,,,2518,0,22.77471107000001,3.3,31,,,,,,,,,,,
1280,4.0,-4.536325216293335,,,,,,0.022570778,0.0003,0.008626401424407959,310,669.26123046875,-3.9815498650074006,0.40250000935047864,-0.027133389931113916,1331.971732711792,0.2,0.913475751876831
1280,,,2614,0,23.777632429999997,3.36,32,,,,,,,,,,,
1320,5.0,-15.584242343902588,,,,,,0.020483099,0.0003,0.05380725860595703,320,427.57037353515625,-3.9817406326532363,0.16500000301748513,-0.0307726062668371,566.3192740917206,0.2,0.9136649966239929
1320,,,2655,0,23.451367200000004,3.29,33,,,,,,,,,,,
1360,4.0,-12.504027962684631,,,,,,0.006898148,0.0003,0.039369285106658936,330,611.9024658203125,-3.9805382639169693,0.06250000111758709,-0.007332024938987214,611.4314727783203,0.2,0.912832498550415
1360,,,2691,0,24.00489007,3.37,34,,,,,,,,,,,
1400,5.0,8.44137755036354,,,,,,0.009001843,0.0003,-0.00683748722076416,340,201.96847534179688,-3.9767191380262377,0.210000004991889,-0.025412649366262485,443.81428146362305,0.2,0.9117883443832397
1400,,,2734,0,24.046221879999997,3.35,35,,,,,,,,,,,
1440,2.0,11.099380493164062,,,,,,0.03146532,0.0003,0.01366204023361206,350,296.35064697265625,-3.9776639103889466,0.24250000566244126,-0.026446812109388707,648.325926399231,0.2,0.9130825400352478
1440,,,2833,0,19.903461030000003,3.28,36,,,,,,,,,,,
1480,5.0,69.9999771118164,,,,,,0.017819561,0.0003,-0.006702303886413574,360,297.0467224121094,-3.9768807232379912,0.09000000171363354,-0.0012492605268198177,717.4398315429687,0.2,0.9114791750907898
1480,,,2868,0,22.881195090000002,3.41,37,,,,,,,,,,,
1520,5.0,53.66940677165985,,,,,,0.017496685,0.0003,-0.01970493793487549,370,62.1759147644043,-3.9712129801511766,0.1525000024586916,-0.036520902405536626,725.200846004486,0.2,0.9101121425628662
1520,,,2907,0,25.21025952,3.5,38,,,,,,,,,,,
1560,5.0,72.35749626159668,,,,,,0.0119422,0.0003,0.07095062732696533,380,228.9254913330078,-3.9660816341638565,0.21750000435858965,-0.026196081808921013,672.7504693984986,0.2,0.9079883098602295
1560,,,2947,0,24.273733000000004,3.49,39,,,,,,,,,,,
1600,5.0,97.75082635879517,,,,,,0.022684652,0.0003,0.04076915979385376,390,251.29051208496094,-3.956671965122223,0.20000000428408385,-0.01900425217812881,718.5278064727784,0.2,0.9047218561172485
1600,,,3117,0,24.823270200000003,3.49,40,,,,,,,,,,,
1640,5.0,44.96739387512207,,,,,,0.01669814,0.0003,0.06911998987197876,400,448.60693359375,-3.9435688853263855,0.19250000398606062,-0.014613908486353466,1385.8174095153809,0.2,0.9007017016410828
1640,,,3276,0,25.63012794,3.46,41,,,,,,,,,,,
1680,2.0,8.216153144836426,,,,,,0.01722673,0.0003,-0.024127960205078125,410,242.296142578125,-3.9327038794755937,0.34250000678002834,-0.023814063085010273,559.5834663391113,0.2,0.898432731628418
1680,,,3373,0,27.94809715,3.45,42,,,,,,,,,,,
1720,3.0,13.173521995544434,,,,,,0.0063924254,0.0003,-0.0010960102081298828,420,476.3600158691406,-3.9264493584632874,0.11750000212341546,-0.006645227678018273,1000.4381429672242,0.2,0.8965140581130981
1720,,,3413,0,29.10908473,3.38,43,,,,,,,,,,,
1760,5.0,102.32632160186768,,,,,,0.020091198,0.0003,-0.017945051193237305,430,201.00271606445312,-3.920559972524643,0.13250000290572644,0.008188793158042263,644.9602369308471,0.2,0.8951897025108337
1760,,,3514,0,31.328139110000002,3.35,44,,,,,,,,,,,
1800,4.0,-1.0075178146362305,,,,,,0.03194452,0.0003,-0.0037488937377929688,440,443.5130310058594,-3.9164209753274917,0.315000007674098,-0.03976739924983121,851.6014072418213,0.2,0.8947312831878662
1800,,,3553,0,33.88790556,3.43,45,,,,,,,,,,,
1840,5.0,15.452901363372803,,,,,,0.035100862,0.0003,0.011100709438323975,450,73.28370666503906,-3.910822269320488,0.2350000051781535,-0.01797765234077815,694.6181327819825,0.2,0.8923102617263794
1840,,,3595,0,31.702076549999997,3.4,46,,,,,,,,,,,
1880,3.0,8.48865795135498,,,,,,0.030764122,0.0003,0.00380021333694458,460,174.45269775390625,-3.904281535744667,0.3675000095739961,-0.03734533949700562,735.3157330036163,0.2,0.8906630277633667
1880,,,3740,0,29.884095490000004,3.44,47,,,,,,,,,,,
1920,5.0,82.24839687347412,,,,,,0.023032147,0.0003,0.09739279747009277,470,327.2578125,-3.898435252904892,0.37750000935047867,-0.03938707225479447,589.1676126480103,0.2,0.8888832926750183
1920,,,3827,0,32.031446069999994,3.5,48,,,,,,,,,,,
1960,1.0,-5.0,,,,,,0.02184149,0.0003,0.009451329708099365,480,770.556396484375,-3.8950435876846314,0.19500000458210706,-0.027706370754222,1131.6895262718201,0.2,0.8892847895622253
1960,,,3866,0,32.547881669999995,3.59,49,,,,,,,,,,,
2000,2.0,8.652548789978027,,,,,,0.0305262,0.0003,-0.017014503479003906,490,228.59632873535156,-3.894555684924126,0.31500000655651095,-0.037556808623339745,552.4707930088043,0.2,0.8893070220947266
2000,,,3962,0,35.26591698,3.7,50,,,,,,,,,,,
2040,5.0,96.72520446777344,,,,,,0.03138763,0.0003,0.04238629341125488,500,720.640380859375,-3.894393891096115,0.1875000039115548,-0.024122001897776534,915.4702689290046,0.2,0.8891603350639343
2040,,,4006,0,34.50877132000001,3.6,51,,,,,,,,,,,
2080,5.0,139.29372024536133,,,,,,0.030906253,0.0003,-0.0024896860122680664,510,157.0843505859375,-3.8872189193964006,0.23500000406056643,-0.029778110225452115,817.1184921264648,0.2,0.8855036497116089
2080,,,4114,0,38.17180758,3.7,52,,,,,,,,,,,
2120,5.0,68.65643501281738,,,,,,0.023686238,0.0003,0.09664511680603027,520,484.2093505859375,-3.8765030086040495,0.17500000335276128,-0.018900463566242254,1325.2064346313477,0.2,0.8837282657623291
2120,,,4152,0,40.95713003,3.86,53,,,,,,,,,,,
2160,5.0,100.10835933685303,,,,,,0.009914088,0.0003,0.14441007375717163,530,338.2898864746094,-3.8700922280550003,0.11000000163912774,-0.009054944099807472,522.0473009109497,0.2,0.8804747462272644
2160,,,4214,0,40.03531756,3.86,54,,,,,,,,,,,
2200,1.0,-5.0,,,,,,0.01375708,0.0003,0.001767277717590332,540,657.4406127929688,-3.855464479327202,0.15000000223517418,-0.01640407616214361,1229.4285477638246,0.2,0.8766440153121948
2200,,,4309,0,37.64060383,3.74,55,,,,,,,,,,,
2240,4.0,68.05964946746826,,,,,,0.020743772,0.0003,0.027354061603546143,550,1127.34912109375,-3.843959292769432,0.31500000730156896,-0.011750463236603536,1145.4757188796998,0.2,0.8734697699546814
2240,,,4348,0,42.236321870000005,3.76,56,,,,,,,,,,,
2280,5.0,103.6693286895752,,,,,,0.022123003,0.0003,0.11721020936965942,560,680.3951416015625,-3.8318174213171003,0.23750000465661286,-0.010926949881177279,1324.3609886169434,0.2,0.8705183267593384
2280,,,4454,0,44.27484086,3.77,57,,,,,,,,,,,
2320,5.0,63.3125205039978,,,,,,0.067702025,0.0003,0.06428050994873047,570,603.1609497070312,-3.828141877055168,0.27250000536441804,-0.030266274448004005,687.451172375679,0.2,0.871738612651825
2320,,,4540,0,43.92867983000001,3.79,58,,,,,,,,,,,
2360,3.0,40.41014766693115,,,,,,0.038474135,0.0003,0.06250309944152832,580,239.58746337890625,-3.824188792705536,0.2875000063329935,-0.04434247857861919,643.6958318710327,0.2,0.8671005964279175
2360,,,4579,0,46.75699451,3.82,59,,,,,,,,,,,
2400,5.0,63.426419734954834,,,,,,0.016149595,0.0003,0.12153607606887817,590,346.5776062011719,-3.8046730518341065,0.19000000450760127,-0.008939812268363313,1018.392202758789,0.2,0.8612906336784363
2400,,,4618,0,48.38006656999999,3.89,60,,,,,,,,,,,
2440,5.0,116.2361307144165,,,,,,0.017586907,0.0003,0.19871586561203003,600,276.5063171386719,-3.7871711522340776,0.19750000387430192,-0.022543732141057225,1053.1093999862671,0.2,0.8571061491966248
2440,,,4660,0,49.10053034,3.97,61,,,,,,,,,,,
2480,5.0,99.87380027770996,,,,,,0.03138825,0.0003,0.20284175872802734,610,204.66371154785156,-3.7746356606483458,0.30750000663101673,-0.04193495445455482,829.8692905426026,0.2,0.8547787666320801
2480,,,4701,0,49.31162126,3.97,62,,,,,,,,,,,
2520,5.0,77.70004558563232,,,,,,0.01904564,0.0003,0.11871272325515747,620,1312.387939453125,-3.770253670215607,0.2650000061839819,-0.020270873375156963,1212.6230023384094,0.2,0.8547718524932861
2520,,,4764,0,46.268368689999996,3.85,63,,,,,,,,,,,
2560,2.0,12.67254638671875,,,,,,0.025371516,0.0003,-0.040285587310791016,630,260.7864074707031,-3.7662594258785247,0.19750000368803738,-0.016152843969539386,990.1796155929566,0.2,0.8522593379020691
2560,,,4836,0,47.766196210000004,3.9,64,,,,,,,,,,,
2600,5.0,101.64926624298096,,,,,,0.018311951,0.0003,0.14506959915161133,640,244.04312133789062,-3.752496415376663,0.2575000053271651,-0.02606675912393257,483.04375383853915,0.2,0.8472382426261902
2600,,,4874,0,47.653287520000006,3.97,65,,,,,,,,,,,
2640,5.0,102.81440544128418,,,,,,0.005645615,0.0003,0.0023404359817504883,650,531.1471557617188,-3.7403694719076155,0.1350000023841858,-0.01623541309316352,1133.0349700927734,0.2,0.8465981483459473
2640,,,4913,0,46.48791214,3.94,66,,,,,,,,,,,
2680,5.0,39.153451323509216,,,,,,0.019179497,0.0003,0.09290474653244019,660,247.21725463867188,-3.73906072974205,0.23000000473111867,-0.01656338709402917,757.2759906768799,0.2,0.8462222814559937
2680,,,4961,0,47.954304360000016,4.01,67,,,,,,,,,,,
2720,5.0,19.171839714050293,,,,,,0.014116453,0.0003,0.2152523398399353,670,505.2210998535156,-3.7306543231010436,0.2275000050663948,-0.006636957367591112,457.943044090271,0.2,0.8416149020195007
2720,,,4998,0,51.47597808,4.1,68,,,,,,,,,,,
2760,5.0,107.65199279785156,,,,,,0.028944619,0.0003,0.15346503257751465,680,41.465152740478516,-3.7149105697870253,0.33500000890344384,-0.006081007669563388,930.8208729982376,0.2,0.8394262790679932
2760,,,5033,0,51.92607698,4.13,69,,,,,,,,,,,
2800,5.0,92.39977025985718,,,,,,0.010988196,0.0003,0.18679332733154297,690,182.900390625,-3.704627996683121,0.10250000171363353,-0.007908908224326295,834.8942026138305,0.2,0.8348956108093262
2800,,,5068,0,50.821114539999996,4.12,70,,,,,,,,,,,
2840,5.0,62.75290361046791,,,,,,0.030281805,0.0003,0.043074965476989746,700,583.1095581054688,-3.6890926480293276,0.30250000655651094,-0.0382880746255978,1173.4156591415406,0.2,0.8329004049301147
2840,,,5111,0,49.50833968999999,4.08,71,,,,,,,,,,,
2880,5.0,76.18508386611938,,,,,,0.02124514,0.0003,0.12861484289169312,710,114.09033203125,-3.6817760288715364,0.32750000767409804,-0.011367869105306471,564.8697577953338,0.2,0.8294280767440796
2880,,,5148,0,48.36387653,4.05,72,,,,,,,,,,,
2920,5.0,70.27003955841064,,,,,,0.0144601315,0.0003,0.14487868547439575,720,211.97354125976562,-3.6691177606582643,0.1850000036880374,-0.016829313767666464,696.3836327552796,0.2,0.8278933763504028
2920,,,5188,0,50.53049581000001,4.1,73,,,,,,,,,,,
2960,5.0,47.42825973033905,,,,,,0.01736747,0.0003,0.16240942478179932,730,505.87890625,-3.659663641452789,0.21000000480562447,-0.015146201088209655,895.6858636379242,0.2,0.8248810172080994
2960,,,5226,0,52.87858088,4.13,74,,,,,,,,,,,
3000,2.0,13.618841171264648,,,,,,0.035359163,0.0003,0.14564460515975952,740,866.5657958984375,-3.6454942375421524,0.31500000692903996,-0.04454160991852405,1036.36322889328,0.2,0.8212898969650269
3000,,,5260,0,55.83892717,4.12,75,,,,,,,,,,,
3040,5.0,130.64715385437012,,,,,,0.010798186,0.0003,0.10290426015853882,750,620.4160766601562,-3.639830303192139,0.1400000024586916,-0.019312146935517395,1213.4484642028808,0.2,0.8211455345153809
3040,,,5346,0,58.03323432,4.15,76,,,,,,,,,,,
3080,5.0,35.25682759284973,,,,,,0.012919441,0.0003,0.13364970684051514,760,518.4180297851562,-3.637212887406349,0.11000000219792128,-0.0064804847619143405,1025.024567604065,0.2,0.8198117017745972
3080,,,5385,0,57.997303959999996,4.08,77,,,,,,,,,,,
3120,5.0,100.28080368041992,,,,,,0.025938895,0.0003,0.007744848728179932,770,283.3310852050781,-3.6252704590559004,0.18750000316649676,-0.02625515252977495,1145.8816591262816,0.2,0.8156919479370117
3120,,,5476,0,56.95762398,4.09,78,,,,,,,,,,,
3160,5.0,48.54659652709961,,,,,,0.044133276,0.0003,0.3541952967643738,780,206.961669921875,-3.6144740372896194,0.5100000100210309,0.014306205032080488,521.1743700027466,0.2,0.8142704963684082
3160,,,5575,0,60.53176986999999,4.09,79,,,,,,,,,,,
3200,5.0,54.51326549053192,,,,,,0.024098905,0.0003,0.15306192636489868,790,563.6829833984375,-3.6082429081201552,0.2050000039860606,-0.001969825424457672,1543.697787475586,0.2,0.8134734034538269
3200,,,5614,0,61.631810320000014,4.13,80,,,,,,,,,,,
3240,4.0,0.9848477840423584,,,,,,0.008252155,0.0003,0.2665666937828064,800,371.8350524902344,-3.605173760652542,0.22750000525265932,-0.00682241376081949,601.8368505477905,0.2,0.8126985430717468
3240,,,5652,0,61.296403059999996,4.07,81,,,,,,,,,,,
3280,5.0,120.9849624633789,,,,,,0.021963835,0.0003,0.0909804105758667,810,607.5947265625,-3.603037577867508,0.16000000312924384,-0.0107196991732053,1272.6836559295655,0.2,0.8121125102043152
3280,,,5673,0,64.41333279999999,4.17,82,,,,,,,,,,,
3320,5.0,38.01241135597229,,,,,,0.045823913,0.0003,0.15838563442230225,820,246.4247589111328,-3.6007569462060927,0.2925000058487058,-0.03325908085382252,945.3125442504883,0.2,0.8113431930541992
3320,,,5739,0,68.29766169,4.25,83,,,,,,,,,,,
3360,5.0,77.15226602554321,,,,,,0.031133156,0.0003,0.31083905696868896,830,245.13963317871094,-3.5973509579896925,0.3375000076368451,-0.0138365001400234,794.3476821422577,0.2,0.8113679885864258
3360,,,5755,0,69.35638455,4.3,84,,,,,,,,,,,
3400,5.0,90.50482273101807,,,,,,0.0052588983,0.0003,0.2945772409439087,840,380.420654296875,-3.5992574453353883,0.2875000063329935,-0.006506556606182134,538.7049520492553,0.2,0.8125669956207275
3400,,,5772,0,66.65589067,4.29,85,,,,,,,,,,,
3440,5.0,84.89128398895264,,,,,,0.008918208,0.0003,0.22512847185134888,850,346.7591247558594,-3.597377750277519,0.3050000058487058,0.01164943144554854,1049.016175842285,0.2,0.8094851970672607
3440,,,5788,0,65.96326715,4.29,86,,,,,,,,,,,
3480,5.0,135.8100814819336,,,,,,0.017742764,0.0003,0.0359494686126709,860,830.7681274414062,-3.5816386699676515,0.30250000637024643,-0.018040254998777528,1296.058436012268,0.2,0.8063928484916687
3480,,,5900,0,65.54105527,4.39,87,,,,,,,,,,,
3520,5.0,116.55461502075195,,,,,,0.0476074,0.0003,0.21373844146728516,870,434.2255859375,-3.5728225350379943,0.34500000793486835,-0.042944788169916134,1025.284348678589,0.2,0.8046320676803589
3520,,,5965,0,68.62150278000001,4.49,88,,,,,,,,,,,
3560,5.0,54.574997901916504,,,,,,0.02602404,0.0003,0.32531261444091797,880,475.5216064453125,-3.5670913398265838,0.3175000071525574,0.007158417032314901,971.3703496932983,0.2,0.8039226531982422
3560,,,5981,0,70.41594857000001,4.53,89,,,,,,,,,,,
3600,5.0,98.76236343383789,,,,,,0.009318012,0.0003,0.28106236457824707,890,337.7988586425781,-3.559847828745842,0.09750000145286322,-0.0028153457809821703,725.7660667419434,0.2,0.8021367788314819
3600,,,5996,0,70.81842134,4.54,90,,,,,,,,,,,
3640,5.0,42.406267285346985,,,,,,0.012968197,0.0003,0.3005449175834656,900,436.95916748046875,-3.555599868297577,0.14500000271946192,-0.019046058451057758,710.6018000602722,0.2,0.8006681203842163
3640,,,6011,0,69.57686657,4.56,91,,,,,,,,,,,
3680,5.0,75.7152771949768,,,,,,0.044831127,0.0003,0.12426173686981201,910,2163.38037109375,-3.5506225138902665,0.3225000070407987,-0.016574748543780514,1561.332247543335,0.2,0.7997395396232605
3680,,,6026,0,70.12843491000001,4.57,92,,,,,,,,,,,
3720,5.0,167.08428573608398,,,,,,0.029590206,0.0003,0.4049420952796936,920,481.8448486328125,-3.5433257579803468,0.36250000782310965,-0.01656461111823774,475.5126196861267,0.2,0.7966670989990234
3720,,,6043,0,74.23629440999999,4.68,93,,,,,,,,,,,
3760,5.0,153.7977123260498,,,,,,0.09115597,0.0003,0.34300869703292847,930,606.3880615234375,-3.528008958697319,0.37750000786036253,-0.04060728327895049,1011.7508407592774,0.2,0.7943100333213806
3760,,,6060,0,72.51091324,4.63,94,,,,,,,,,,,
3800,5.0,121.51571369171143,,,,,,0.02217632,0.0003,0.06886512041091919,940,1533.0771484375,-3.5219431430101396,0.18500000331550837,-0.03098203154404473,1552.4938974380493,0.2,0.7925595045089722
3800,,,6124,0,70.84112281,4.49,95,,,,,,,,,,,
3840,5.0,31.251073598861694,,,,,,0.0081464425,0.0003,0.06692898273468018,950,604.031982421875,-3.5155845671892165,0.10750000234693288,-0.01308520665654216,997.8524677276612,0.2,0.7924402952194214
3840,,,6140,0,70.62617703,4.47,96,,,,,,,,,,,
3880,5.0,74.45394706726074,,,,,,0.017601848,0.0003,0.062135279178619385,960,195.22039794921875,-3.5102967619895935,0.3350000072270632,0.0017635556301684118,522.1568203449249,0.2,0.7915047407150269
3880,,,6163,0,66.71620368,4.38,97,,,,,,,,,,,
3920,5.0,99.67101955413818,,,,,,0.048444353,0.0003,-0.041057586669921875,970,199.04266357421875,-3.5057523399591446,0.3600000083446503,-0.04527662853462973,711.1984343051911,0.2,0.790414571762085
3920,,,6180,0,68.30430281,4.39,98,,,,,,,,,,,
3960,5.0,85.02646923065186,,,,,,0.021248419,0.0003,0.20219075679779053,980,406.75634765625,-3.50025335252285,0.27000000663101675,-0.010418853390947325,1119.4403946876525,0.2,0.7891141772270203
3960,,,6197,0,66.81656261,4.36,99,,,,,,,,,,,
4000,5.0,75.76665449142456,,,,,,0.014140135,0.0003,0.2524920105934143,990,864.4906616210938,-3.492163521051407,0.22750000450760127,-0.018477904354949715,1281.4645016670227,0.2,0.7877984046936035
4000,,,6218,0,66.37625485000001,4.29,100,,,,,,,,,,,
4040,1.0,-5.0,,,,,,0.033214513,0.0003,0.12711751461029053,1000,215.34230041503906,-3.482864013314247,0.1900000037625432,-0.018871896213968276,985.3597040176392,0.2,0.7839869260787964
4040,,,6405,0,65.20846733000002,4.25,101,,,,,,,,,,,
4080,5.0,151.42193984985352,,,,,,0.034993496,0.0003,0.14916068315505981,1010,361.1545715332031,-3.4677962183952333,0.2950000070035458,-0.008433516664663365,1326.202983188629,0.2,0.7811493873596191
4080,,,6422,0,66.44814210999999,4.22,102,,,,,,,,,,,
4120,5.0,124.05961036682129,,,,,,0.0351073,0.0003,0.27706825733184814,1020,418.0919189453125,-3.460562527179718,0.32000000681728125,-0.001599282603929164,1512.5534858703613,0.2,0.7804319262504578
4120,,,6484,0,65.63940052,4.14,103,,,,,,,,,,,
4160,5.0,113.66588115692139,,,,,,0.01888489,0.0003,0.10653620958328247,1030,524.8804321289062,-3.4586579233407972,0.13750000279396773,-0.010310417997025034,1747.450786972046,0.2,0.7799091339111328
4160,,,6501,0,63.76196187000001,4.13,104,,,,,,,,,,,
4200,5.0,126.488525390625,,,,,,0.026221912,0.0003,0.10149025917053223,1040,662.6474609375,-3.456636393070221,0.30250000692903994,-0.026741586164498576,1120.5469509124755,0.2,0.779762864112854
4200,,,6519,0,64.6031274,4.16,105,,,,,,,,,,,
4240,5.0,67.15176010131836,,,,,,0.043988977,0.0003,0.3277270793914795,1050,558.8412475585938,-3.4546641379594805,0.35000000726431607,-0.020813261001967474,795.9583968639374,0.2,0.7793158292770386
4240,,,6534,0,66.55537813,4.21,106,,,,,,,,,,,
4280,5.0,87.48608255386353,,,,,,0.010822902,0.0003,0.16094982624053955,1060,323.6968994140625,-3.4486868739128114,0.12500000223517418,-0.0017697371412964459,1335.6994203567506,0.2,0.776995837688446
4280,,,6554,0,68.22445336999999,4.25,107,,,,,,,,,,,
4320,5.0,64.31442070007324,,,,,,0.032616876,0.0003,0.1020817756652832,1070,944.0889282226562,-3.4360549598932266,0.22000000420957805,-0.009289552139889556,1054.8421949386598,0.2,0.7737884521484375
4320,,,6572,0,71.32612601,4.3,108,,,,,,,,,,,
4360,5.0,80.30110740661621,,,,,,0.02032438,0.0003,0.2128591537475586,1080,194.4967498779297,-3.417816570401192,0.2000000037252903,-0.029675956713908814,1217.7766470909119,0.2,0.7707550525665283
4360,,,6587,0,73.22661203,4.27,109,,,,,,,,,,,
4400,5.0,148.00589752197266,,,,,,0.023385573,0.0003,0.2745589017868042,1090,406.5550537109375,-3.4072914242744448,0.24250000566244126,-0.017745153609721454,951.4700673103332,0.2,0.7690483331680298
4400,,,6604,0,70.05401316,4.24,110,,,,,,,,,,,
4440,5.0,88.91812705993652,,,,,,0.023513652,0.0003,-0.003950357437133789,1100,483.106201171875,-3.4014569193124773,0.4975000089034438,0.015109036889625704,856.1666080951691,0.2,0.7673749923706055
4440,,,6622,0,72.76507072,4.3,111,,,,,,,,,,,
4480,5.0,98.95018100738525,,,,,,0.014398938,0.0003,0.25155436992645264,1110,493.6863098144531,-3.395091325044632,0.14500000309199096,-0.006104984506055189,1217.760404586792,0.2,0.7640165686607361
4480,,,6639,0,71.79608717,4.31,112,,,,,,,,,,,
4520,5.0,40.270403265953064,,,,,,0.014446851,0.0003,0.22905594110488892,1120,561.0061645507812,-3.3872954308986665,0.21500000432133676,-0.004342043923679739,1337.2336579322814,0.2,0.7648903131484985
4520,,,6654,0,71.47017452000001,4.37,113,,,,,,,,,,,
4560,5.0,58.17490196228027,,,,,,0.03082507,0.0003,0.42357325553894043,1130,217.8022003173828,-3.385228160023689,0.26000000573694704,-0.02710867446410703,451.2238685131073,0.2,0.7637574076652527
4560,,,6670,0,75.49162862,4.44,114,,,,,,,,,,,
4600,5.0,81.78835868835449,,,,,,0.015349024,0.0003,0.23265188932418823,1140,150.97930908203125,-3.3851919054985045,0.3075000062584877,0.0055683763395063535,1520.4564469337463,0.2,0.7647305727005005
4600,,,6685,0,74.70846345000001,4.44,115,,,,,,,,,,,
4640,5.0,78.93393325805664,,,,,,0.024406403,0.0003,0.1721164584159851,1150,570.2664184570312,-3.380762109160423,0.22000000439584255,-0.0471091023455665,1529.8042123794555,0.2,0.7618783712387085
4640,,,6702,0,74.46413319999999,4.47,116,,,,,,,,,,,
4680,5.0,104.11048316955566,,,,,,0.01965113,0.0003,0.1285543441772461,1160,248.87864685058594,-3.3709098517894747,0.12000000197440386,-0.00986080202346784,886.314847946167,0.2,0.7599023580551147
4680,,,6719,0,73.84116847,4.48,117,,,,,,,,,,,
4720,5.0,58.88794565200806,,,,,,0.021901134,0.0003,0.08998376131057739,1170,1089.907470703125,-3.360999682545662,0.20500000417232514,-0.01138500228107886,971.1017748832703,0.2,0.7583107948303223
4720,,,6738,0,75.65921112,4.53,118,,,,,,,,,,,
4760,5.0,98.3658857345581,,,,,,0.010194674,0.0003,0.26785242557525635,1180,355.5464172363281,-3.3508690893650055,0.19500000420957803,-0.02221385882818141,792.495641708374,0.2,0.7541033029556274
4760,,,6802,0,77.81137073999999,4.61,119,,,,,,,,,,,
4800,5.0,86.61776065826416,,,,,,0.006753433,0.0003,0.39937037229537964,1190,435.676025390625,-3.331928640604019,0.15000000316649675,-0.0021281298968824913,607.9655767440796,0.2,0.749443531036377
4800,,,6816,0,78.36670002,4.65,120,,,,,,,,,,,
4840,5.0,150.16144180297852,,,,,,0.021805506,0.0003,0.45780712366104126,1200,309.00201416015625,-3.317472279071808,0.365000007674098,-0.0029890083184000104,589.381571817398,0.2,0.7472330927848816
4840,,,6832,0,77.24467676999998,4.64,121,,,,,,,,,,,
4880,5.0,104.43041563034058,,,,,,0.026800761,0.0003,0.34972310066223145,1210,313.2899169921875,-3.3121844857931135,0.2125000037252903,-0.017927246824801846,692.2333108901978,0.2,0.7466980218887329
4880,,,6892,0,77.35622176,4.61,122,,,,,,,,,,,
4920,5.0,91.58181476593018,,,,,,0.034053817,0.0003,0.16055774688720703,1220,509.3395080566406,-3.307255947589874,0.5925000101327896,-0.027937244544227725,1581.9346977233886,0.2,0.7455329298973083
4920,,,6952,0,79.39765231999999,4.6,123,,,,,,,,,,,
4960,5.0,65.6182599067688,,,,,,0.042639375,0.0003,0.19285929203033447,1230,986.6017456054688,-3.300575923919678,0.3975000102072954,-0.037490913722140286,1141.9067686080932,0.2,0.7441601753234863
4960,,,6968,0,77.28330717,4.58,124,,,,,,,,,,,
5000,5.0,103.58425617218018,,,,,,0.04607699,0.0003,0.21271896362304688,1240,242.4730224609375,-3.2935672968626024,0.36250000838190316,-0.02827280985195102,781.9090288162231,0.2,0.7411028146743774
5000,,,6983,0,76.02333186000001,4.58,125,,,,,,,,,,,
5040,5.0,114.0407943725586,,,,,,0.02904874,0.0003,0.33843857049942017,1250,380.54132080078125,-3.2828658908605575,0.41000000946223736,-0.010496223044173126,746.2888072967529,0.2,0.7399157285690308
5040,,,6998,0,78.51111346,4.59,126,,,,,,,,,,,
5080,5.0,5.923176258802414,,,,,,0.00789542,0.0003,0.34896141290664673,1260,513.647216796875,-3.2767662435770033,0.22500000502914191,-0.011475354075228105,853.3204486846923,0.2,0.7382535934448242
5080,,,7013,0,77.72564223,4.64,127,,,,,,,,,,,
5120,5.0,18.21691131591797,,,,,,0.067448966,0.0003,0.30524134635925293,1270,111.89786529541016,-3.265424573421478,0.3450000075623393,-0.028554123590365642,467.5837600708008,0.2,0.7356292009353638
5120,,,7029,0,77.25672317,4.63,128,,,,,,,,,,,
5160,5.0,51.8495192527771,,,,,,0.0072508752,0.0003,0.20604437589645386,1280,451.77081298828125,-3.250082704424858,0.07750000115483999,-0.002882737504787658,1025.9098526954651,0.2,0.7314980030059814
5160,,,7044,0,80.00105676999999,4.63,129,,,,,,,,,,,
5200,5.0,168.39186477661133,,,,,,0.05311969,0.0003,0.2564830780029297,1290,342.4714660644531,-3.2309500217437743,0.3550000086426735,-0.008395419586449859,1044.8601195335389,0.2,0.7277607321739197
5200,,,7061,0,79.33826086,4.64,130,,,,,,,,,,,
5240,5.0,151.7879409790039,,,,,,0.027327953,0.0003,0.3928374648094177,1300,330.4651794433594,-3.2182153910398483,0.1950000036507845,-0.01869523611501791,710.8378670692443,0.2,0.7266480326652527
5240,,,7077,0,80.02716727,4.64,131,,,,,,,,,,,
5280,5.0,75.74753475189209,,,,,,0.032772068,0.0003,0.3139071464538574,1310,1374.236572265625,-3.212242159247398,0.3175000069662929,-0.029779891798389146,1028.2177777290344,0.2,0.7258841395378113
5280,,,7094,0,79.58756634000001,4.64,132,,,,,,,,,,,
5320,5.0,137.4344367980957,,,,,,0.035140958,0.0003,0.4645341634750366,1320,140.69566345214844,-3.197243222594261,0.34750000685453414,0.02715196042292518,417.7198523521423,0.2,0.7205183506011963
5320,,,7111,0,80.92068837000001,4.66,133,,,,,,,,,,,
5360,5.0,74.87401676177979,,,,,,0.020659117,0.0003,0.2795560956001282,1330,597.4058837890625,-3.1800546526908873,0.15500000324100255,-0.0036046661319505623,771.5631466388702,0.2,0.719761312007904
5360,,,7126,0,84.67057682999999,4.72,134,,,,,,,,,,,
5400,5.0,10.112948894500732,,,,,,0.0054791286,0.0003,0.2630997896194458,1340,270.6423645019531,-3.1767018735408783,0.09750000145286322,-0.006020530717232742,1230.1593715190888,0.2,0.7196366190910339
5400,,,7146,0,83.38508979000002,4.71,135,,,,,,,,,,,
5440,5.0,132.46613883972168,,,,,,0.024079002,0.0003,0.2174789309501648,1350,738.63134765625,-3.170389997959137,0.16500000320374966,-0.008110048781454715,1429.3726501464844,0.2,0.7171640396118164
5440,,,7161,0,85.69622599000002,4.7,136,,,,,,,,,,,
5480,5.0,146.9097023010254,,,,,,0.03126788,0.0003,0.12534630298614502,1360,616.36279296875,-3.163751059770584,0.22000000551342963,-0.006911880963889417,1368.2725505828857,0.2,0.7186195254325867
5480,,,7330,0,87.23268347,4.64,137,,,,,,,,,,,
5520,5.0,148.6925449371338,,,,,,0.052116394,0.0003,0.27125048637390137,1370,1664.5350341796875,-3.1689459085464478,0.16500000339001417,-0.0006052059038847757,1645.210092639923,0.2,0.7198023796081543
5520,,,7345,0,84.00656307999999,4.59,138,,,,,,,,,,,
5560,5.0,91.98425102233887,,,,,,0.023072228,0.0003,0.006766915321350098,1380,307.4749450683594,-3.1649768143892287,0.33250000774860383,-0.017041474967591074,1253.359918308258,0.2,0.7178322076797485
5560,,,7362,0,85.09385197999998,4.52,139,,,,,,,,,,,
5600,4.0,62.80438995361328,,,,,,0.029634116,0.0003,0.07029318809509277,1390,704.7376708984375,-3.159123682975769,0.4425000105053186,-0.06987577574586794,1367.5583307266236,0.2,0.7177423238754272
5600,,,7377,0,84.08373078999999,4.51,140,,,,,,,,,,,
5640,5.0,72.95060157775879,,,,,,0.04719905,0.0003,0.20579493045806885,1400,703.2151489257812,-3.1499986380338667,0.2650000058114529,-0.002898341126820014,1124.722789669037,0.2,0.7144438624382019
5640,,,7394,0,86.56168636000001,4.5,141,,,,,,,,,,,
5680,5.0,96.63379192352295,,,,,,0.01641494,0.0003,0.4182664752006531,1410,261.58648681640625,-3.1392217189073564,0.2525000054389238,-0.012509211763972416,904.6329667329788,0.2,0.7132600545883179
5680,,,7410,0,86.77229075999999,4.51,142,,,,,,,,,,,
5720,5.0,166.23504638671875,,,,,,0.03516661,0.0003,0.47265422344207764,1420,256.6478576660156,-3.1356543987989425,0.3950000097975135,0.000912568960920912,703.9917730331421,0.2,0.7138906717300415
5720,,,7425,0,84.48246024,4.42,143,,,,,,,,,,,
5760,5.0,109.39865779876709,,,,,,0.041890465,0.0003,-0.00478363037109375,1430,1727.161376953125,-3.1287631511688234,0.28500000704079864,0.00569056324573467,1256.4219749450683,0.2,0.7093214392662048
5760,,,7441,0,86.85667983999998,4.45,144,,,,,,,,,,,
5800,5.0,67.59731912612915,,,,,,0.019157862,0.0003,0.3508896231651306,1440,1696.3265380859375,-3.1072655588388445,0.3125000072643161,-0.0198236006470097,1147.0313041687011,0.2,0.7059404253959656
5800,,,7456,0,85.27230282999999,4.48,145,,,,,,,,,,,
5840,5.0,207.11920928955078,,,,,,0.025300015,0.0003,0.45923590660095215,1450,145.9191131591797,-3.1053974658250807,0.37250000722706317,-0.011867286591004814,448.8817904472351,0.2,0.7093735933303833
5840,,,7471,0,84.98374063999998,4.53,146,,,,,,,,,,,
5880,5.0,56.89370512962341,,,,,,0.032120217,0.0003,0.5124403536319733,1460,579.4359741210938,-3.107458731532097,0.3025000061839819,-0.015533428400085536,685.9736530303956,0.2,0.708213210105896
5880,,,7487,0,86.81920777,4.54,147,,,,,,,,,,,
5920,5.0,152.91019439697266,,,,,,0.0350557,0.0003,0.16124379634857178,1470,1179.564697265625,-3.0996555358171465,0.2525000048801303,-0.02791210644577404,1234.6546862602233,0.2,0.7063047885894775
5920,,,7503,0,82.92176117999999,4.52,148,,,,,,,,,,,
5960,5.0,51.90296548604965,,,,,,0.019133773,0.0003,-0.013155221939086914,1480,480.8902282714844,-3.0909884929656983,0.21500000432133676,-0.01831126610868523,1099.7711472511292,0.2,0.704974889755249
5960,,,7520,0,83.46775185999999,4.56,149,,,,,,,,,,,
6000,5.0,83.33402347564697,,,,,,0.06270755,0.0003,0.3740718364715576,1490,112.24996948242188,-3.080535206198692,0.4150000099092722,-0.013189927492639985,604.7314092636109,0.2,0.7018789052963257
6000,,,7536,0,85.54152294,4.58,150,,,,,,,,,,,
6040,5.0,126.20329856872559,,,,,,0.020647157,0.0003,0.10490423440933228,1500,370.9971618652344,-3.0719311952590944,0.1200000025331974,-0.013206990378464534,1474.435559463501,0.2,0.7019605040550232
6040,,,7552,0,85.24546070000001,4.59,151,,,,,,,,,,,
6080,5.0,82.69256937503815,,,,,,0.07418728,0.0003,0.24249917268753052,1510,221.95956420898438,-3.0733751893043517,0.4475000103935599,-0.032378058867761864,787.5733274936676,0.2,0.7018961310386658
6080,,,7616,0,86.66300898,4.62,152,,,,,,,,,,,
6120,5.0,92.00715351104736,,,,,,0.023718994,0.0003,0.41239237785339355,1520,240.85833740234375,-3.0720758736133575,0.21750000417232512,-0.008232029352220716,613.6020221710205,0.2,0.700908362865448
6120,,,7632,0,81.98123319,4.49,153,,,,,,,,,,,
6160,5.0,74.04137992858887,,,,,,0.016317325,0.0003,0.014725327491760254,1530,1176.7813720703125,-3.063908103108406,0.11250000204890967,-0.016549582379047932,2006.6728076934814,0.2,0.6992692947387695
6160,,,7648,0,83.83889657000002,4.51,154,,,,,,,,,,,
6200,5.0,119.85872888565063,,,,,,0.023588192,0.0003,0.09857350587844849,1540,3228.326904296875,-3.0637646496295927,0.3950000097975135,-0.024888785087096042,2561.958086681366,0.2,0.7011405229568481
6200,,,7666,0,81.3481963,4.46,155,,,,,,,,,,,
6240,5.0,70.85869646072388,,,,,,0.03262236,0.0003,0.2601780295372009,1550,49.064781188964844,-3.0628901928663255,0.3150000063702464,-0.03427025957062142,969.3983641147613,0.2,0.6995286345481873
6240,,,7681,0,80.41914226999998,4.44,156,,,,,,,,,,,
6280,5.0,133.96667194366455,,,,,,0.024569152,0.0003,0.3098863959312439,1560,139.82437133789062,-3.0599923223257064,0.3750000087544322,0.01892710272455589,759.3745952606201,0.2,0.7020978927612305
6280,,,7698,0,80.88185466999998,4.44,157,,,,,,,,,,,
6320,5.0,76.3513212800026,,,,,,0.036189467,0.0003,0.2629305124282837,1570,1027.4837646484375,-3.0664924532175064,0.22000000402331352,-0.018042113310366405,1756.4096267700195,0.2,0.7024611830711365
6320,,,7717,0,78.80058088999998,4.4,158,,,,,,,,,,,
6360,5.0,135.50254440307617,,,,,,0.009486996,0.0003,0.13551294803619385,1580,517.9964599609375,-3.0632721930742264,0.17250000312924385,0.02130267191969324,974.0397537231445,0.2,0.7004228830337524
6360,,,7889,0,82.67025974,4.48,159,,,,,,,,,,,
6400,5.0,105.1016674041748,,,,,,0.0063559753,0.0003,0.4288702607154846,1590,424.28631591796875,-3.053736025094986,0.1350000025704503,-0.009313228928367634,651.8030679702758,0.2,0.6980007886886597
6400,,,7911,0,83.75980089000001,4.45,160,,,,,,,,,,,
6440,5.0,106.69374656677246,,,,,,0.021226222,0.0003,0.18454748392105103,1600,279.8554992675781,-3.0461378753185273,0.24750000573694705,-0.018272927430371056,1334.7646179199219,0.2,0.6971542835235596
6440,,,7927,0,84.0175405,4.46,161,,,,,,,,,,,
6480,5.0,105.93219661712646,,,,,,0.012496861,0.0003,0.27990561723709106,1610,177.59266662597656,-3.044315993785858,0.2525000056251884,-0.011923281314375344,1561.7434392929076,0.2,0.6974678039550781
6480,,,7991,0,85.25768932,4.49,162,,,,,,,,,,,
6520,5.0,82.01045227050781,,,,,,0.05442615,0.0003,0.3114296793937683,1620,420.3651428222656,-3.042564034461975,0.2925000064074993,-0.010944746530367411,1096.277087688446,0.2,0.6961547136306763
6520,,,8009,0,83.45800397,4.45,163,,,,,,,,,,,
6560,5.0,78.2108154296875,,,,,,0.08172822,0.0003,0.16877585649490356,1630,174.13926696777344,-3.0427481472492217,0.4125000089406967,-0.028791985249245044,1093.837166595459,0.2,0.6974989771842957
6560,,,8074,0,84.45836032,4.51,164,,,,,,,,,,,
6600,5.0,111.00215148925781,,,,,,0.021544995,0.0003,0.3014211654663086,1640,195.7866973876953,-3.0476696282625197,0.3225000059232116,-0.04203208945211372,589.9816712379455,0.2,0.6989652514457703
6600,,,8090,0,85.46692235,4.56,165,,,,,,,,,,,
6640,5.0,60.6298942565918,,,,,,0.071694985,0.0003,0.20368963479995728,1650,363.0014343261719,-3.0363295167684554,0.4600000087171793,-0.004556057890240517,877.648206615448,0.2,0.6930281519889832
6640,,,8106,0,86.15299045999998,4.59,166,,,,,,,,,,,
6680,5.0,81.74871444702148,,,,,,0.0055557312,0.0003,0.4696212410926819,1660,387.27874755859375,-3.0264815390110016,0.17250000312924385,-0.02107316518224254,711.0799291610717,0.2,0.6945432424545288
6680,,,8154,0,85.11605361000002,4.57,167,,,,,,,,,,,
6720,5.0,127.98051929473877,,,,,,0.009464078,0.0003,0.1250629425048828,1670,1072.915283203125,-3.0274306297302247,0.09750000145286322,-0.005467282965255426,1205.7932458877563,0.2,0.6930692195892334
6720,,,8170,0,85.30156630000002,4.57,168,,,,,,,,,,,
6760,5.0,96.28949069976807,,,,,,0.029171105,0.0003,0.2887645959854126,1680,260.8827819824219,-3.0226984918117523,0.4175000086426735,-0.03594939767701364,903.5508888244628,0.2,0.6925718188285828
6760,,,8185,0,85.2774937,4.54,169,,,,,,,,,,,
6800,5.0,188.14808082580566,,,,,,0.040386036,0.0003,0.2938106656074524,1690,150.48190307617188,-3.022537162899971,0.4050000078976154,-0.028668247462192077,1196.9004012584687,0.2,0.6935008764266968
6800,,,8202,0,85.95301870000002,4.5,170,,,,,,,,,,,
6840,5.0,116.98155784606934,,,,,,0.020485722,0.0003,0.16464310884475708,1700,119.89002990722656,-3.0200414836406706,0.3175000065937638,-0.005628245445805069,1413.1265711784363,0.2,0.692966639995575
6840,,,8218,0,87.2806862,4.55,171,,,,,,,,,,,
6880,5.0,89.00240564346313,,,,,,0.013809322,0.0003,0.2440563440322876,1710,835.5856323242188,-3.0134057492017745,0.13000000212341548,-0.00795082928612829,902.8869717597961,0.2,0.691960334777832
6880,,,8387,0,86.38112253999998,4.56,172,,,,,,,,,,,
6920,5.0,83.91852951049805,,,,,,0.020721067,0.0003,0.22582674026489258,1720,275.5782165527344,-3.009223872423172,0.26250000558793546,-0.008852441511699016,1116.4622735977173,0.2,0.6930968165397644
6920,,,8403,0,82.60562288000001,4.49,173,,,,,,,,,,,
6960,5.0,107.05287265777588,,,,,,0.06797029,0.0003,-0.0037679672241210938,1730,258.0788879394531,-3.0155263453722,0.30750000663101673,-0.01388333416442038,1218.1183292388916,0.2,0.6949381828308105
6960,,,8419,0,84.34602607,4.54,174,,,,,,,,,,,
7000,5.0,80.89721864461899,,,,,,0.013202148,0.0003,0.32966870069503784,1740,415.0625,-3.016788327693939,0.10250000171363353,-0.012325056139670786,816.9913937568665,0.2,0.6930138468742371
7000,,,8434,0,85.32471135,4.54,175,,,,,,,,,,,
7040,5.0,79.06899356842041,,,,,,0.13830937,0.0003,0.4401184916496277,1750,520.5834350585938,-3.0129491865634916,0.5275000099092721,0.021250668543511896,632.5569013595581,0.2,0.6949270963668823
7040,,,8450,0,87.67085303000002,4.55,176,,,,,,,,,,,
7080,4.0,29.643977165222168,,,,,,0.025912493,0.0003,0.3800153136253357,1760,127.24766540527344,-3.021160936355591,0.2650000054389238,-0.032498381013647305,829.7031740188598,0.2,0.6970044374465942
7080,,,8464,0,87.78749418000001,4.59,177,,,,,,,,,,,
7120,5.0,82.17139148712158,,,,,,0.01917122,0.0003,0.5040017366409302,1770,175.9923095703125,-3.023801842331886,0.22750000432133674,-0.0022548351536897824,524.1017221450805,0.2,0.6966351866722107
7120,,,8526,0,87.69314051,4.62,178,,,,,,,,,,,
7160,5.0,98.26096153259277,,,,,,0.081213504,0.0003,0.4607884883880615,1780,161.77931213378906,-3.0277140110731127,0.5450000097975135,-0.02964378084347117,366.5555429339409,0.2,0.6987018585205078
7160,,,8542,0,86.05498066,4.61,179,,,,,,,,,,,
7200,5.0,59.333653688430786,,,,,,0.017280921,0.0003,0.13361817598342896,1790,337.023193359375,-3.0208227813243864,0.275000006146729,0.0015213388156553264,931.5882832050323,0.2,0.6952447891235352
7200,,,8556,0,86.54379559000004,4.64,180,,,,,,,,,,,
7240,4.0,54.4597225189209,,,,,,0.026737874,0.0003,0.5574408769607544,1800,90.79417419433594,-3.0079520106315614,0.2925000060349703,-0.004322826870556984,658.3767522811889,0.2,0.6940702199935913
7240,,,8573,0,86.40198817999999,4.65,181,,,,,,,,,,,
7280,5.0,76.02478361129761,,,,,,0.02983865,0.0003,0.2766820192337036,1810,364.6305236816406,-2.996575677394867,0.5650000113993883,0.04450466844195035,1196.11554813385,0.2,0.6919384002685547
7280,,,8590,0,87.96258103,4.68,182,,,,,,,,,,,
7320,5.0,63.81428349018097,,,,,,0.003953861,0.0003,0.4428919553756714,1820,450.1769104003906,-2.995058226585388,0.0800000011920929,0.005285205327381836,896.8283018112182,0.2,0.692479133605957
7320,,,8606,0,88.01944202000003,4.65,183,,,,,,,,,,,
7360,5.0,79.05579662322998,,,,,,0.05576123,0.0003,0.20138627290725708,1830,247.00015258789062,-2.9928914457559586,0.3600000089034438,-0.03773515502885858,1447.661708164215,0.2,0.6913810968399048
7360,,,8667,0,88.74536520999999,4.69,184,,,,,,,,,,,
7400,5.0,29.41897177696228,,,,,,0.03053555,0.0003,0.33970576524734497,1840,338.8204650878906,-2.9893421709537504,0.38000000864267347,-0.026576595372296764,722.9001650810242,0.2,0.6910907626152039
7400,,,8683,0,87.52993615999999,4.68,185,,,,,,,,,,,
7440,5.0,120.027170419693,,,,,,0.08841592,0.0003,0.35877174139022827,1850,556.0339965820312,-2.9888095527887346,0.2825000058859587,-0.005024973315266834,681.0332072496415,0.2,0.6912447810173035
7440,,,8698,0,88.85406189000001,4.64,186,,,,,,,,,,,
7480,5.0,132.6973419189453,,,,,,0.020539686,0.0003,0.27702730894088745,1860,627.9060668945312,-2.986442705988884,0.2950000060722232,-0.02430502452652945,1585.5750425338745,0.2,0.6923214793205261
7480,,,8713,0,88.73763074000003,4.61,187,,,,,,,,,,,
7520,2.0,15.197813034057617,,,,,,0.06153976,0.0003,0.2837774157524109,1870,690.0260620117188,-2.9840390205383303,0.16250000279396773,-0.004187783697416325,1039.1810438156128,0.2,0.6909999251365662
7520,,,8727,0,84.98368881999998,4.56,188,,,,,,,,,,,
7560,5.0,91.77317714691162,,,,,,0.008444138,0.0003,0.3668074607849121,1880,104.32379913330078,-2.9697834461927415,0.07500000111758709,-0.0031283617223380133,762.3164031505585,0.2,0.6875075697898865
7560,,,8743,0,86.64884336000001,4.56,189,,,,,,,,,,,
7600,5.0,101.39863872528076,,,,,,0.16063103,0.0003,0.4726685881614685,1890,223.63095092773438,-2.9513153344392777,0.3150000059977174,-0.0004862444644822994,555.8856103897094,0.2,0.6819052696228027
7600,,,8761,0,88.37854657,4.54,190,,,,,,,,,,,
7640,5.0,62.28819942474365,,,,,,0.553728,0.0003,0.04333078861236572,1900,86.17567443847656,-2.9306013703346254,0.517500008828938,0.034883527376077826,1063.4903564929962,0.2,0.6801785826683044
7640,,,8783,0,83.57775364999999,4.48,191,,,,,,,,,,,
7680,5.0,29.612658858299255,,,,,,0.023492163,0.0003,-0.1256084442138672,1910,433.25445556640625,-2.929075610637665,0.2650000059977174,-0.047880268489761874,1560.0813106536866,0.2,0.6810885667800903
7680,,,8800,0,81.76376787,4.47,192,,,,,,,,,,,
7720,3.0,11.937796950340271,,,,,,0.060201887,0.0003,0.11153936386108398,1920,475.1922607421875,-2.9309772819280626,0.39250000920146705,-0.05860636746801902,903.7654266357422,0.2,0.6804153323173523
7720,,,8820,0,75.44137016999998,4.41,193,,,,,,,,,,,
7760,3.0,1.5097973346710205,,,,,,0.04369852,0.0003,0.248124361038208,1930,180.63243103027344,-2.92720208466053,0.5225000122562051,-0.06588949919794687,559.7584784030914,0.2,0.6795474886894226
7760,,,8835,0,75.69328949000001,4.42,194,,,,,,,,,,,
7800,5.0,92.07892513275146,,,,,,0.030118704,0.0003,0.07941579818725586,1940,1532.0311279296875,-2.923228216171265,0.34500000849366186,-0.0447930849490513,2622.4681659698485,0.2,0.6796597242355347
7800,,,8849,0,77.25023738,4.45,195,,,,,,,,,,,
7840,3.0,41.30459022521973,,,,,,0.033019066,0.0003,0.4711388349533081,1950,49.55806350708008,-2.9240865409374237,0.25750000644475224,0.002301242695830297,671.4402781486511,0.2,0.679713249206543
7840,,,8867,0,75.65297535,4.45,196,,,,,,,,,,,
7880,5.0,109.32743644714355,,,,,,0.09188523,0.0003,0.01687312126159668,1960,154.7049102783203,-2.924358054995537,0.42750001009553673,-0.029490223889588378,877.555039691925,0.2,0.6781728267669678
7880,,,8884,0,74.38749573,4.39,197,,,,,,,,,,,
7920,5.0,83.34407711029053,,,,,,0.020833826,0.0003,0.11606448888778687,1970,1164.0177001953125,-2.919883316755295,0.25500000528991223,-0.01332522398846776,1545.801396369934,0.2,0.6781938076019287
7920,,,8900,0,75.09184060999999,4.41,198,,,,,,,,,,,
7960,5.0,77.55222129821777,,,,,,0.007806075,0.0003,0.3530278205871582,1980,681.3726806640625,-2.916285938024521,0.12000000216066838,-0.01571408536983654,909.5105547904968,0.2,0.6773483753204346
7960,,,8919,0,74.90489881,4.39,199,,,,,,,,,,,
8000,5.0,169.52861976623535,,,,,,0.03071896,0.0003,0.2558724284172058,1990,397.66131591796875,-2.906539040803909,0.3750000087544322,-0.034452329304185694,645.8090331554413,0.2,0.6749130487442017
8000,,,8950,0,76.2157551,4.43,200,,,,,,,,,,,
8040,5.0,169.78436279296875,,,,,,0.0065576155,0.0003,0.4096548557281494,2000,844.5681762695312,-2.8945320308208466,0.23000000435858964,0.0006607389761302373,966.6978204727172,0.2,0.6735469102859497
8040,,,8965,0,78.65047882,4.46,201,,,,,,,,,,,
8080,5.0,102.71944046020508,,,,,,0.06702478,0.0003,0.28334975242614746,2010,720.590576171875,-2.8871231585741044,0.43750000968575475,-0.021713778814009856,1170.334340763092,0.2,0.6726147532463074
8080,,,8981,0,81.49792740000001,4.5,202,,,,,,,,,,,
8120,5.0,79.31047344207764,,,,,,0.032933246,0.0003,0.03456389904022217,2020,840.388671875,-2.884559926390648,0.26750000566244125,-0.008862882333633016,1480.659150505066,0.2,0.6722548007965088
8120,,,9045,0,85.03950395,4.49,203,,,,,,,,,,,
8160,5.0,27.515350818634033,,,,,,0.02093837,0.0003,0.08273941278457642,2030,1596.6688232421875,-2.8827719688415527,0.2875000057742,-0.009948693135847897,1582.013352203369,0.2,0.6722747683525085
8160,,,9062,0,88.96491470999999,4.53,204,,,,,,,,,,,
8200,5.0,82.90566492080688,,,,,,0.063724615,0.0003,0.26310139894485474,2040,286.00335693359375,-2.8792307496070864,0.327500007301569,-0.02273703891576586,1016.9891668319702,0.2,0.6706846952438354
8200,,,9080,0,88.12957589,4.53,205,,,,,,,,,,,
8240,5.0,110.06907844543457,,,,,,0.08730525,0.0003,0.3032146096229553,2050,290.3358154296875,-2.867827022075653,0.3700000081211329,0.006489227873753412,727.3062177658081,0.2,0.6674660444259644
8240,,,9095,0,87.95377452000001,4.48,206,,,,,,,,,,,
8280,5.0,117.06355857849121,,,,,,0.026077364,0.0003,7.545948028564453e-05,2060,323.236328125,-2.860874316096306,0.28750000707805157,-0.011162477801553905,1153.351149749756,0.2,0.6671201586723328
8280,,,9110,0,89.25584773,4.47,207,,,,,,,,,,,
8320,5.0,132.17974662780762,,,,,,0.023850756,0.0003,0.25982117652893066,2070,1225.8084716796875,-2.855500653386116,0.34500000923871993,-0.027725064751721217,1099.0677520751954,0.2,0.6642508506774902
8320,,,9131,0,90.05759297,4.52,208,,,,,,,,,,,
8360,2.0,12.719259262084961,,,,,,0.0333633,0.0003,0.1629757285118103,2080,130.7471160888672,-2.8465553730726243,0.2500000040978193,-0.03326731699722587,1339.9276142120361,0.2,0.6639547348022461
8360,,,9187,0,88.01984151999999,4.44,209,,,,,,,,,,,
8400,5.0,142.2353172302246,,,,,,0.020238847,0.0003,0.0852774977684021,2090,838.3369140625,-2.846512195467949,0.28500000610947607,-0.03579116260050796,1957.1684886932374,0.2,0.6638715267181396
8400,,,9203,0,88.91093645,4.44,210,,,,,,,,,,,
8440,5.0,134.3668556213379,,,,,,0.02689266,0.0003,0.23444050550460815,2100,1455.4814453125,-2.8441872507333756,0.16750000305473806,-0.0191399884281509,818.9630202293396,0.2,0.6631661057472229
8440,,,9220,0,90.0203422,4.44,211,,,,,,,,,,,
8480,5.0,92.32118034362793,,,,,,0.04613766,0.0003,0.4368954300880432,2110,541.6431274414062,-2.8424770891666413,0.46000000946223735,-0.02217538755008719,759.4883394241333,0.2,0.6631461977958679
8480,,,9234,0,90.47590933,4.48,212,,,,,,,,,,,
8520,5.0,82.51474285125732,,,,,,0.07499514,0.0003,0.4945529103279114,2120,457.57806396484375,-2.840771648287773,0.4125000094994903,-0.03908925186900891,649.0944476604461,0.2,0.6627347469329834
8520,,,9248,0,90.75868789,4.53,213,,,,,,,,,,,
8560,5.0,102.79308605194092,,,,,,0.017086059,0.0003,0.4826449751853943,2130,140.0222625732422,-2.843211367726326,0.5925000105053186,0.037370608380879265,594.0766660690308,0.2,0.6640043258666992
8560,,,9263,0,91.11223170000001,4.53,214,,,,,,,,,,,
8600,5.0,101.23443412780762,,,,,,0.051713075,0.0003,0.29183799028396606,2140,234.45843505859375,-2.854904481768608,0.6000000109896064,0.04807037478080023,950.7446793556213,0.2,0.6664368510246277
8600,,,9278,0,92.13769706000001,4.55,215,,,,,,,,,,,
8640,5.0,106.14416885375977,,,,,,0.05596172,0.0003,0.45088285207748413,2150,339.1933288574219,-2.854863187670708,0.2675000062212348,-0.019791600386379282,758.373818397522,0.2,0.6657059788703918
8640,,,9292,0,94.11798944,4.54,216,,,,,,,,,,,
8680,5.0,82.20629787445068,,,,,,0.10690278,0.0003,0.17239993810653687,2160,500.63970947265625,-2.8535542249679566,0.2875000063329935,-0.008062626023456688,1463.4173110961915,0.2,0.6664055585861206
8680,,,9307,0,92.96501194000001,4.53,217,,,,,,,,,,,
8720,5.0,113.28950309753418,,,,,,0.025557097,0.0003,0.22802817821502686,2170,240.69749450683594,-2.8514969795942307,0.16750000268220902,-0.016197789165307765,858.4960257053375,0.2,0.6645710468292236
8720,,,9321,0,94.85728003000003,4.57,218,,,,,,,,,,,
8760,5.0,176.94393730163574,,,,,,0.0208582,0.0003,0.37437450885772705,2180,485.1654052734375,-2.8347887843847275,0.2400000048801303,-0.015801862788794096,1041.9003029823302,0.2,0.6591566801071167
8760,,,9335,0,98.89110137000002,4.57,219,,,,,,,,,,,
8800,5.0,128.69683837890625,,,,,,0.038605556,0.0003,0.34234148263931274,2190,468.26055908203125,-2.81603926718235,0.27500000689178705,-0.0298353351469268,1711.1162216186524,0.2,0.6568220853805542
8800,,,9351,0,102.67094061999998,4.66,220,,,,,,,,,,,
8840,5.0,115.13667297363281,,,,,,0.014528003,0.0003,0.292391300201416,2200,172.91197204589844,-2.8081358313560485,0.14250000268220903,-0.014214798840184817,1173.4247982025147,0.2,0.6553152799606323
8840,,,9366,0,103.57327496000002,4.69,221,,,,,,,,,,,
8880,2.0,10.538065910339355,,,,,,0.011607174,0.0003,0.31088608503341675,2210,497.3603820800781,-2.798957696557045,0.13250000216066837,0.0008342760888626844,1163.0676042556763,0.2,0.6526304483413696
8880,,,9381,0,103.65387745,4.7,222,,,,,,,,,,,
8920,5.0,82.45348644256592,,,,,,0.027978817,0.0003,0.19411581754684448,2220,1498.4305419921875,-2.792589059472084,0.3050000062212348,-0.029936418277211496,1161.233369064331,0.2,0.6527421474456787
8920,,,9396,0,103.42533806000003,4.66,223,,,,,,,,,,,
8960,5.0,191.79262351989746,,,,,,0.07559698,0.0003,0.29627496004104614,2230,184.10012817382812,-2.784072458744049,0.5400000115856528,0.002398210841558912,1178.0653822898864,0.2,0.6481213569641113
8960,,,9433,0,102.34548268,4.63,224,,,,,,,,,,,
9000,5.0,114.59472846984863,,,,,,0.07364564,0.0003,0.285586953163147,2240,303.04693603515625,-2.770892769098282,0.407500009983778,-0.014867582559818404,1162.981135559082,0.2,0.6467798948287964
9000,,,9449,0,103.19945540000002,4.63,225,,,,,,,,,,,
9040,1.0,-5.0,,,,,,0.045209594,0.0003,0.32295334339141846,2250,88.98539733886719,-2.7671877205371858,0.3825000086799264,-0.018199586138071024,788.6382524967194,0.2,0.6471816301345825
9040,,,9463,0,99.41078822,4.54,226,,,,,,,,,,,
9080,5.0,112.53137016296387,,,,,,0.047916893,0.0003,0.019033730030059814,2260,81.04302978515625,-2.7716927587985993,0.33500000834465027,-0.01867170007128145,1428.867262649536,0.2,0.6467811465263367
9080,,,9575,0,101.52645491999999,4.59,227,,,,,,,,,,,
9120,5.0,94.96659088134766,,,,,,0.029878695,0.0003,0.32645732164382935,2270,463.0138854980469,-2.7660500675439836,0.33250000718981026,-0.006727635792922226,1242.4489852905274,0.2,0.6464505791664124
9120,,,9590,0,100.75600551000001,4.59,228,,,,,,,,,,,
9160,3.0,54.06898498535156,,,,,,0.078645304,0.0003,0.3510226011276245,2280,251.4293975830078,-2.7646448850631713,0.4425000101327896,0.06250681290228392,715.1644429683686,0.2,0.6470520496368408
9160,,,9605,0,100.43200464,4.56,229,,,,,,,,,,,
9200,5.0,96.99121427536011,,,,,,0.013471864,0.0003,0.2207241654396057,2290,404.2821350097656,-2.765409177541733,0.24250000566244126,-0.007317329198103839,1172.3233543395995,0.2,0.6477564573287964
9200,,,9619,0,101.00625646,4.59,230,,,,,,,,,,,
9240,5.0,124.07416152954102,,,,,,0.052261647,0.0003,0.5472037494182587,2300,336.06707763671875,-2.762720540165901,0.39250000938773155,-0.00022892366861926305,651.9904775619507,0.2,0.6477202773094177
9240,,,9637,0,97.19687795,4.48,231,,,,,,,,,,,
9280,5.0,113.9053897857666,,,,,,0.0129122855,0.0003,0.08556735515594482,2310,1548.2337646484375,-2.764451503753662,0.14250000230968,-0.028830967720568878,1675.7416095733643,0.2,0.6477527022361755
9280,,,9653,0,97.95451256,4.47,232,,,,,,,,,,,
9320,5.0,195.52447128295898,,,,,,0.019197427,0.0003,0.3099048137664795,2320,47.14969253540039,-2.765180730819702,0.24000000581145287,-0.006733921017730604,1043.6104345321655,0.2,0.6483993530273438
9320,,,9668,0,95.80871488000003,4.47,233,,,,,,,,,,,
9360,5.0,54.71570539474487,,,,,,0.017607518,0.0003,0.5341678857803345,2330,207.29331970214844,-2.7660938799381256,0.4675000086426735,0.02036080361212953,566.5196235656738,0.2,0.6477771997451782
9360,,,9684,0,95.25556550000002,4.53,234,,,,,,,,,,,
9400,5.0,56.704225301742554,,,,,,0.054667227,0.0003,0.22762537002563477,2340,309.7196350097656,-2.761865791678429,0.2500000048428774,-0.0040818941244651795,918.7050882339478,0.2,0.6471923589706421
9400,,,9747,0,96.99269569,4.56,235,,,,,,,,,,,
9440,2.0,7.679413795471191,,,,,,0.024730556,0.0003,0.32803064584732056,2350,447.5388488769531,-2.756224536895752,0.36000000815838573,-0.00544631694327109,1101.1364757537842,0.2,0.645754337310791
9440,,,9760,0,94.87513843999997,4.52,236,,,,,,,,,,,
9480,5.0,141.0948543548584,,,,,,0.044680476,0.0003,0.3998284339904785,2360,263.1405029296875,-2.732727271318436,0.3050000073388219,0.0012184627166425433,659.0206158638,0.2,0.6371952295303345
9480,,,9773,0,97.88181702,4.59,237,,,,,,,,,,,
9520,5.0,104.76122093200684,,,,,,0.014161245,0.0003,0.3201863765716553,2370,666.0800170898438,-2.7047857731580733,0.34500000849366186,-0.01029386064205028,1084.9637078285218,0.2,0.635539174079895
9520,,,9787,0,100.44943095,4.63,238,,,,,,,,,,,
9560,5.0,121.32008934020996,,,,,,0.51268405,0.0003,0.5202018916606903,2380,287.8951721191406,-2.6864263713359833,0.3575000068172812,0.0438712816266343,444.9919588088989,0.2,0.6277269721031189
9560,,,9802,0,98.31314554000001,4.65,239,,,,,,,,,,,
9600,5.0,126.22845649719238,,,,,,0.044441655,0.0003,0.30450892448425293,2390,1064.419921875,-2.665587532520294,0.2325000049546361,-0.019430721800017637,1130.5300214767456,0.2,0.6254113912582397
9600,,,9817,0,96.29527932,4.63,240,,,,,,,,,,,
9640,5.0,114.8139762878418,,,,,,0.031274468,0.0003,0.23657268285751343,2400,874.9541015625,-2.6542749285697935,0.20750000402331353,-0.03393649149278648,1746.8898151397705,0.2,0.6242885589599609
9640,,,9877,0,96.44727211,4.66,241,,,,,,,,,,,
9680,5.0,74.33074402809143,,,,,,0.014928054,0.0003,0.39093220233917236,2410,128.34498596191406,-2.650470072031021,0.1350000025704503,-0.006373387932255792,690.1098503112793,0.2,0.6239890456199646
9680,,,9911,0,93.40524072000002,4.65,242,,,,,,,,,,,
9720,5.0,91.05588245391846,,,,,,0.04985148,0.0003,0.32168591022491455,2420,246.3179931640625,-2.6504086434841154,0.2700000060722232,-0.005832221468008358,658.113429260254,0.2,0.6243281364440918
9720,,,9926,0,94.55083971,4.73,243,,,,,,,,,,,
9760,5.0,93.32392406463623,,,,,,0.027284056,0.0003,0.5463906526565552,2430,151.1624755859375,-2.647037649154663,0.2350000051781535,0.005477161082380921,518.5264790534973,0.2,0.6240593194961548
9760,,,9941,0,95.0908475,4.72,244,,,,,,,,,,,
9800,5.0,124.26509284973145,,,,,,0.029890243,0.0003,0.2570491433143616,2440,1139.3187255859375,-2.6440011501312255,0.20000000353902578,-0.015084177847893444,1734.5401126861573,0.2,0.623808741569519
9800,,,9956,0,94.22620051,4.68,245,,,,,,,,,,,
9840,5.0,90.54773902893066,,,,,,0.0717519,0.0003,0.269630491733551,2450,809.0181884765625,-2.642527002096176,0.43500000834465025,-0.010362007695948704,1152.8119459152222,0.2,0.6244470477104187
9840,,,9973,0,96.71349951,4.68,246,,,,,,,,,,,
9880,5.0,132.69397735595703,,,,,,0.03335061,0.0003,0.489349365234375,2460,143.9017791748047,-2.6401720702648164,0.40250000953674314,-0.026145116744883134,708.4894138336182,0.2,0.6243005990982056
9880,,,9988,0,95.28541981999999,4.65,247,,,,,,,,,,,
9920,5.0,112.04167646169662,,,,,,0.017343875,0.0003,0.2812579870223999,2470,366.24163818359375,-2.6368819802999495,0.1950000036507845,-0.006587721621472154,1395.9480911254882,0.2,0.624252438545227
9920,,,10005,0,93.45999932000002,4.61,248,,,,,,,,,,,
9960,5.0,95.76620769500732,,,,,,0.032500185,0.0003,0.22227925062179565,2480,655.8256225585938,-2.631985366344452,0.36750000845640896,0.004739274937310256,1006.9958847045898,0.2,0.6224721670150757
9960,,,10064,0,93.3933368,4.62,249,,,,,,,,,,,
10000,5.0,101.31977081298828,,,,,,0.026532803,0.0003,0.36684393882751465,2490,432.5317687988281,-2.629134050011635,0.19500000383704902,-0.01357895554224342,1024.5516021728515,0.2,0.6239240169525146
10000,,,10080,0,94.64907284,4.64,250,,,,,,,,,,,
10040,5.0,94.8104419708252,,,,,,0.018481027,0.0003,0.3508639931678772,2500,269.2105407714844,-2.6348753929138184,0.09500000197440386,0.004788925652974285,975.6790869712829,0.2,0.6260141730308533
10040,,,10095,0,95.42881274,4.66,251,,,,,,,,,,,
10080,5.0,70.66296172142029,,,,,,0.14444311,0.0003,0.40038514137268066,2510,236.1549835205078,-2.637541431188583,0.31750000789761545,-0.02804961890476987,1104.2332285881043,0.2,0.623798131942749
10080,,,10140,0,97.68075728,4.66,252,,,,,,,,,,,
10120,5.0,81.67536067962646,,,,,,0.054843925,0.0003,0.1432470679283142,2520,372.049560546875,-2.626412698626518,0.22250000517815352,-0.027788521750480875,1078.2577026367187,0.2,0.6238404512405396
10120,,,10156,0,97.25394103000002,4.63,253,,,,,,,,,,,
10160,5.0,136.0645523071289,,,,,,0.045418546,0.0003,0.2363547682762146,2530,310.7749938964844,-2.6310020864009855,0.2825000062584877,-0.021433542037939325,1206.562400817871,0.2,0.6258413791656494
10160,,,10171,0,97.32757991,4.63,254,,,,,,,,,,,
10200,5.0,97.03099346160889,,,,,,0.07748895,0.0003,0.5509867370128632,2540,134.31134033203125,-2.6336087733507156,0.41500000916421415,-0.002127265708404558,329.7282847881317,0.2,0.6249457597732544
10200,,,10185,1,95.23609511999999,4.61,255,,,,,,,,,,,
10240,2.0,21.838308334350586,,,,,,0.011697687,0.0003,0.39683669805526733,2550,574.0910034179688,-2.6295169442892075,0.3500000085681677,0.018442536622169436,779.0318872451783,0.2,0.6236406564712524
10240,,,10199,1,94.27034038,4.63,256,,,,,,,,,,,
10280,5.0,71.49623966217041,,,,,,0.02807999,0.0003,0.23311960697174072,2560,235.6114044189453,-2.6236545860767366,0.2350000051781535,-0.007011921247831232,803.4040504455567,0.2,0.6214784979820251
10280,,,10214,1,95.18785197,4.64,257,,,,,,,,,,,
10320,5.0,131.55828666687012,,,,,,0.016411161,0.0003,0.2524862289428711,2570,268.39495849609375,-2.611859267950058,0.37500000838190317,-0.023438266540979403,1162.4143768310546,0.2,0.6197851300239563
10320,,,10229,1,91.31737002999998,4.61,258,,,,,,,,,,,
10360,5.0,104.45801162719727,,,,,,0.037324388,0.0003,0.4133192300796509,2580,417.30029296875,-2.6102625250816347,0.26750000584870576,-0.01732858279727225,775.4810220718384,0.2,0.6200063824653625
10360,,,10244,1,96.00328894000002,4.71,259,,,,,,,,,,,
10400,5.0,87.00354290008545,,,,,,0.036434017,0.0003,0.45879942178726196,2590,165.2559051513672,-2.615623551607132,0.2300000049173832,-0.024728762822487614,645.1763160705566,0.2,0.6215990781784058
10400,,,10260,1,96.64770469,4.72,260,,,,,,,,,,,
10440,5.0,89.30348205566406,,,,,,0.026978321,0.0003,0.501622885465622,2600,283.86083984375,-2.6186273366212847,0.2625000050291419,-0.015947815201507187,506.0265118598938,0.2,0.6210250854492188
10440,,,10274,1,95.55936573000001,4.71,261,,,,,,,,,,,
10480,5.0,115.92578125,,,,,,0.04660394,0.0003,0.3242049813270569,2610,410.5539245605469,-2.6116049200296403,0.25000000447034837,-0.015217560280689213,735.4220049858093,0.2,0.6181350946426392
10480,,,10288,1,95.42620339000001,4.71,262,,,,,,,,,,,
10520,4.0,94.74763488769531,,,,,,0.010223617,0.0003,0.3947325348854065,2620,768.2649536132812,-2.609776309132576,0.17000000271946192,-0.01459351047280506,789.1617295265198,0.2,0.6199593544006348
10520,,,10304,1,92.88890036000002,4.66,263,,,,,,,,,,,
10560,5.0,101.44786930084229,,,,,,0.12520564,0.0003,0.18126773834228516,2630,410.790283203125,-2.6108702450990675,0.4575000094249845,0.020383383332227823,1536.6886476516725,0.2,0.619403600692749
10560,,,10319,1,94.81616688999999,4.68,264,,,,,,,,,,,
10600,5.0,82.45679759979248,,,,,,0.1553803,0.0003,0.35436660051345825,2640,236.7563934326172,-2.6074012219905853,0.31500000692903996,0.0012305848347023308,896.4123220443726,0.2,0.6203339695930481
10600,,,10335,1,95.50885987,4.7,265,,,,,,,,,,,
10640,5.0,109.77865028381348,,,,,,0.04623696,0.0003,0.24871772527694702,2650,142.66375732421875,-2.607544332742691,0.3375000074505806,-0.03502759812545264,1043.844395160675,0.2,0.619556725025177
10640,,,10350,1,94.76413686,4.69,266,,,,,,,,,,,
10680,5.0,129.22596168518066,,,,,,0.060742214,0.0003,0.23429208993911743,2660,1559.059814453125,-2.6080349743366242,0.2375000048428774,-0.02470103564526651,734.8900608062744,0.2,0.621623158454895
10680,,,10411,1,94.2577687,4.66,267,,,,,,,,,,,
10720,3.0,30.405152320861816,,,,,,0.012702223,0.0003,0.29942983388900757,2670,587.343994140625,-2.6096125811338426,0.15500000286847354,-0.004728044653020324,987.2011735916137,0.2,0.6199837923049927
10720,,,10424,1,96.08811764999999,4.65,268,,,,,,,,,,,
10760,5.0,53.25963020324707,,,,,,0.022850124,0.0003,0.3262709379196167,2680,519.7904052734375,-2.6036098837852477,0.20500000528991222,-0.008502880566229576,898.1815380096435,0.2,0.6199086904525757
10760,,,10440,1,97.08698368000002,4.72,269,,,,,,,,,,,
10800,5.0,164.99463653564453,,,,,,0.036601275,0.0003,0.476165771484375,2690,160.95370483398438,-2.6034489989280702,0.2750000063329935,-0.009667705815081718,458.54194059371946,0.2,0.6200746893882751
10800,,,10456,1,97.49511735,4.72,270,,,,,,,,,,,
10840,5.0,92.1755781173706,,,,,,0.012957234,0.0003,0.4148264527320862,2700,314.7345275878906,-2.6034735798835755,0.13000000193715094,-0.0028916326488615416,912.8543201446533,0.2,0.6210748553276062
10840,,,10470,1,98.5775112,4.72,271,,,,,,,,,,,
10880,5.0,113.31787168979645,,,,,,0.018540958,0.0003,0.4950491786003113,2710,540.8532104492188,-2.6103104561567307,0.1900000037625432,-0.017019711544708115,874.1105026245117,0.2,0.6241352558135986
10880,,,10485,1,97.81710215000001,4.68,272,,,,,,,,,,,
10920,5.0,96.53347188234329,,,,,,0.057096135,0.0003,0.327358603477478,2720,181.94354248046875,-2.615332680940628,0.43750000949949025,-0.00639724770291652,1086.183450126648,0.2,0.6239604353904724
10920,,,10499,1,99.49262066,4.7,273,,,,,,,,,,,
10960,5.0,42.64466428756714,,,,,,0.058849864,0.0003,0.5508355498313904,2730,161.39773559570312,-2.6083289086818695,0.1400000024586916,-0.005585190770216286,523.0301956176758,0.2,0.6223464608192444
10960,,,10514,1,101.54458352,4.69,274,,,,,,,,,,,
11000,5.0,131.02735328674316,,,,,,0.0213488,0.0003,0.3495017886161804,2740,526.8638916015625,-2.602582922577858,0.24250000547617673,-0.019270251386624294,1285.3353423118592,0.2,0.6211556196212769
11000,,,10528,1,102.53099689000001,4.78,275,,,,,,,,,,,
11040,5.0,115.46259880065918,,,,,,0.026587984,0.0003,0.5106624960899353,2750,709.0554809570312,-2.5985861480236054,0.17750000394880772,0.003999276467075097,764.6636751651764,0.2,0.6212267875671387
11040,,,10543,1,101.06773599999998,4.76,276,,,,,,,,,,,
11080,5.0,210.62895584106445,,,,,,0.08791647,0.0003,0.27602308988571167,2760,428.2147216796875,-2.605114758014679,0.6050000142306089,0.0031853931536898195,902.9769091129303,0.2,0.6241535544395447
11080,,,10558,1,104.02698004,4.81,277,,,,,,,,,,,
11120,5.0,83.31037521362305,,,,,,0.02687388,0.0003,0.4473826289176941,2770,442.53302001953125,-2.6074297189712525,0.3350000074133277,-0.024598574443525666,1296.699439907074,0.2,0.6245226860046387
11120,,,10621,1,104.52722670000003,4.76,278,,,,,,,,,,,
11160,5.0,81.02418899536133,,,,,,0.03368132,0.0003,0.1229282021522522,2780,1487.2333984375,-2.603638881444931,0.2600000062957406,0.021579547270193865,1273.535140657425,0.2,0.622767448425293
11160,,,10635,1,104.92222353000001,4.79,279,,,,,,,,,,,
11200,5.0,140.08613204956055,,,,,,0.047049,0.0003,0.4354988932609558,2790,255.36685180664062,-2.5976608872413633,0.4350000102072954,-0.0083671071747085,713.3844040870666,0.2,0.6217535138130188
11200,,,10696,1,104.69367488,4.79,280,,,,,,,,,,,
11240,5.0,57.96439242362976,,,,,,0.059130915,0.0003,0.38537412881851196,2800,331.964599609375,-2.585419601202011,0.4225000079721212,-0.018711720418796186,693.4002440452575,0.2,0.6191704273223877
11240,,,10714,1,102.83271676,4.73,281,,,,,,,,,,,
11280,4.0,65.38682174682617,,,,,,0.1649487,0.0003,0.10732835531234741,2810,1455.7698974609375,-2.572184455394745,0.4150000074878335,-0.02069082391790289,1887.7521534919738,0.2,0.6170064806938171
11280,,,10731,1,98.25391712999999,4.67,282,,,,,,,,,,,
11320,5.0,146.5896987915039,,,,,,0.05217489,0.0003,0.17371821403503418,2820,440.15667724609375,-2.5649772614240645,0.4525000097230077,-0.014307278424021196,1251.8387936592103,0.2,0.6175845265388489
11320,,,10746,1,97.27040158999996,4.68,283,,,,,,,,,,,
11360,5.0,160.8223934173584,,,,,,0.02519344,0.0003,0.2470797896385193,2830,245.4263916015625,-2.5659252226352693,0.2625000050291419,-0.010270201867842842,1023.8138692855835,0.2,0.6166102886199951
11360,,,10761,1,97.40048299000001,4.68,284,,,,,,,,,,,
11400,5.0,116.07064151763916,,,,,,0.02127305,0.0003,0.535715639591217,2840,225.95687866210938,-2.566466560959816,0.1850000038743019,-0.008156547291873723,527.7353107452393,0.2,0.6166792511940002
11400,,,10775,1,96.20607206999998,4.67,285,,,,,,,,,,,
11440,5.0,122.57888603210449,,,,,,0.0113758575,0.0003,0.4550887942314148,2850,285.47515869140625,-2.5559741288423536,0.26500000562518833,-0.016837732703770602,598.6482173919678,0.2,0.6128702163696289
11440,,,10789,1,94.34161514000002,4.65,286,,,,,,,,,,,
11480,5.0,97.90762138366699,,,,,,0.04294744,0.0003,0.26836907863616943,2860,199.2303466796875,-2.5458208203315733,0.3225000070407987,-0.0017000804684357718,975.210341835022,0.2,0.6119135618209839
11480,,,10804,1,94.93382545000004,4.62,287,,,,,,,,,,,
11520,5.0,130.59710502624512,,,,,,0.09403104,0.0003,0.22526001930236816,2870,656.1426391601562,-2.546926775574684,0.24750000555068255,-0.022714333943293925,1716.8761630058289,0.2,0.6120022535324097
11520,,,10820,1,94.62918739000001,4.62,288,,,,,,,,,,,
11560,5.0,67.49705028533936,,,,,,0.034891404,0.0003,0.45371949672698975,2880,183.98092651367188,-2.549261826276779,0.3775000091642141,-0.004580722554164818,710.0040165901185,0.2,0.61354660987854
11560,,,10836,1,93.44641584000003,4.63,289,,,,,,,,,,,
11600,5.0,114.54709815979004,,,,,,0.0073971613,0.0003,0.3906219005584717,2890,171.79974365234375,-2.550172191858292,0.22250000443309545,-0.0019822720131196458,706.563659286499,0.2,0.6117022037506104
11600,,,10850,1,94.40260773999997,4.65,290,,,,,,,,,,,
11640,5.0,107.06476211547852,,,,,,0.039794877,0.0003,0.3716387152671814,2900,207.36270141601562,-2.539474603533745,0.22250000480562449,-0.008376031898806102,706.4798942565918,0.2,0.6103464365005493
11640,,,10910,1,95.39564912000002,4.62,291,,,,,,,,,,,
11680,5.0,37.10174560546875,,,,,,0.021045964,0.0003,0.30086320638656616,2910,746.35498046875,-2.535242661833763,0.3350000072270632,-0.018338453499745812,1373.5066841125488,0.2,0.6106058955192566
11680,,,10924,1,99.05161289,4.69,292,,,,,,,,,,,
11720,5.0,121.60713005065918,,,,,,0.017343093,0.0003,0.5275022685527802,2920,122.5047836303711,-2.533383297920227,0.35000000689178706,-0.00820940398713903,555.9598456382752,0.2,0.609447717666626
11720,,,10939,1,101.27191968999999,4.72,293,,,,,,,,,,,
11760,5.0,113.82389640808105,,,,,,0.039467797,0.0003,0.48846322298049927,2930,359.17547607421875,-2.526243180036545,0.4125000098720193,-0.027634289804263967,588.9156305313111,0.2,0.607495903968811
11760,,,10954,1,102.35380869999999,4.74,294,,,,,,,,,,,
11800,5.0,120.9875659942627,,,,,,0.06795293,0.0003,0.25917088985443115,2940,302.735595703125,-2.517639568448067,0.30750000607222316,0.02051499299996067,1112.902354812622,0.2,0.6068297624588013
11800,,,11062,1,101.66781127000002,4.69,295,,,,,,,,,,,
11840,5.0,147.67538833618164,,,,,,0.009095721,0.0003,0.1010584831237793,2950,322.2848815917969,-2.515729296207428,0.2625000046566129,0.013090322048083181,1352.9360972881318,0.2,0.6080286502838135
11840,,,11077,1,99.45078142999999,4.68,296,,,,,,,,,,,
11880,5.0,122.14593124389648,,,,,,0.053194962,0.0003,0.3099028468132019,2960,514.5272827148438,-2.509154298901558,0.44000001046806575,-0.0054877328418660885,941.4225405216217,0.2,0.6046245694160461
11880,,,11091,1,102.57810916000003,4.71,297,,,,,,,,,,,
11920,5.0,125.81608772277832,,,,,,0.008213452,0.0003,0.5109908878803253,2970,320.26983642578125,-2.502423068881035,0.10250000208616257,-0.004844134003760691,738.7283899307251,0.2,0.6055458784103394
11920,,,11150,1,103.68045115999999,4.72,298,,,,,,,,,,,
11960,5.0,84.78806114196777,,,,,,0.04474269,0.0003,0.46907418966293335,2980,286.0446472167969,-2.501527577638626,0.3100000062957406,-0.02365797572012527,667.3047937393188,0.2,0.6055502891540527
11960,,,11166,1,102.77476883000001,4.7,299,,,,,,,,,,,
12000,5.0,73.96196174621582,,,,,,0.3055147,0.0003,0.18035686016082764,2990,116.67997741699219,-2.5004954516887663,0.5950000094249844,0.084416072074564,1092.5692598342896,0.2,0.605351984500885
12000,,,11180,1,103.90520853000002,4.73,300,,,,,,,,,,,
12040,5.0,103.15909957885742,,,,,,0.018358838,0.0003,0.4515371322631836,3000,311.8359069824219,-2.50410258769989,0.3200000077486038,-0.02853553390450514,738.4655296325684,0.2,0.605364203453064
12040,,,11195,1,103.77532526,4.76,301,,,,,,,,,,,
12080,5.0,132.36199569702148,,,,,,0.016848609,0.0003,0.4560646414756775,3010,297.946044921875,-2.501391831040382,0.17250000312924385,-0.01879816506769203,596.8337598800659,0.2,0.6045930981636047
12080,,,11210,1,102.9140981,4.74,302,,,,,,,,,,,
12120,5.0,133.1159267425537,,,,,,0.04866255,0.0003,0.1770339012145996,3020,317.4033508300781,-2.4921561151742937,0.37500000819563867,0.0042392360972007825,806.1530931472778,0.2,0.6029360294342041
12120,,,11225,1,102.36820607,4.73,303,,,,,,,,,,,
12160,5.0,118.00202941894531,,,,,,0.01661259,0.0003,0.3203340172767639,3030,202.50888061523438,-2.4852023780345918,0.24000000581145287,-0.0057628561102319505,1026.3062537193298,0.2,0.6014580130577087
12160,,,11239,1,103.07193212000001,4.73,304,,,,,,,,,,,
12200,5.0,100.33991622924805,,,,,,0.021729564,0.0003,0.4110361337661743,3040,436.54437255859375,-2.4778781175613402,0.19500000458210706,-0.010047590700705733,885.2245895385743,0.2,0.6004434823989868
12200,,,11255,1,101.22121906000001,4.65,305,,,,,,,,,,,
12240,4.0,89.66857147216797,,,,,,0.021461535,0.0003,0.1308339238166809,3050,669.3289184570312,-2.473088228702545,0.4000000074505806,0.011197980531724171,1394.8717288017274,0.2,0.5996904969215393
12240,,,11270,1,101.90262706000001,4.7,306,,,,,,,,,,,
12280,5.0,115.55276489257812,,,,,,0.06985213,0.0003,0.41053545475006104,3060,449.5555419921875,-2.4678287655115128,0.3125000072643161,-0.009515448052861752,897.6061033248901,0.2,0.5990830063819885
12280,,,11286,1,101.31210519999999,4.66,307,,,,,,,,,,,
12320,5.0,104.91372108459473,,,,,,0.031348467,0.0003,0.12367290258407593,3070,1548.6195068359375,-2.4646045953035354,0.2175000049173832,-0.018634343529447504,1745.6408254623414,0.2,0.5991266965866089
12320,,,11300,1,103.10979512000002,4.67,308,,,,,,,,,,,
12360,5.0,114.85120964050293,,,,,,0.035905834,0.0003,0.4336140751838684,3080,151.40264892578125,-2.4596272826194765,0.4775000086054206,-0.02557802002193057,731.6225281476975,0.2,0.5982508659362793
12360,,,11316,1,103.07876984,4.62,309,,,,,,,,,,,
12400,5.0,99.85362434387207,,,,,,0.2695982,0.0003,0.2590404152870178,3090,612.462646484375,-2.4564067363739013,0.6075000068172812,0.02203523917327401,1778.054222869873,0.2,0.5978312492370605
12400,,,11332,1,101.84465303,4.6,310,,,,,,,,,,,
12440,5.0,113.70744800567627,,,,,,0.0211424,0.0003,0.08904045820236206,3100,1975.869873046875,-2.454026994109154,0.2750000057742,-0.017763174879582944,1074.5185075759887,0.2,0.5981890559196472
12440,,,11345,1,100.63836447,4.61,311,,,,,,,,,,,
12480,5.0,136.68924808502197,,,,,,0.014532823,0.0003,0.4686318635940552,3110,402.60894775390625,-2.455990344285965,0.24750000555068255,-0.016205773718029382,583.7965431213379,0.2,0.5987666845321655
12480,,,11359,1,98.81018175999999,4.52,312,,,,,,,,,,,
12520,5.0,107.51002597808838,,,,,,0.05420398,0.0003,0.2133309245109558,3120,256.82623291015625,-2.4536360055208206,0.2450000040233135,0.020016906841356086,1161.2252378463745,0.2,0.597622275352478
12520,,,11374,1,101.03271731999999,4.53,313,,,,,,,,,,,
12560,5.0,111.7244815826416,,,,,,0.0111532025,0.0003,0.3125002384185791,3130,830.9623413085938,-2.446223792433739,0.24750000555068255,0.011065834396285945,924.3023878097534,0.2,0.5970168113708496
12560,,,11388,1,103.55430765000003,4.57,314,,,,,,,,,,,
12600,5.0,68.15117359161377,,,,,,0.042114645,0.0003,0.5913637280464172,3140,220.63099670410156,-2.43368681371212,0.25500000547617674,-0.010094085166929289,584.8051652908325,0.2,0.593775749206543
12600,,,11449,1,102.29202528999998,4.53,315,,,,,,,,,,,
12640,5.0,121.5390625,,,,,,0.007846547,0.0003,0.2519192099571228,3150,555.864990234375,-2.4225327402353285,0.09750000145286322,-0.00434426740597701,1202.576763010025,0.2,0.5928102731704712
12640,,,11463,1,102.28343380999999,4.57,316,,,,,,,,,,,
12680,3.0,44.04552459716797,,,,,,0.15455781,0.0003,0.49103832244873047,3160,265.88433837890625,-2.4178099066019056,0.48750000912696123,-0.019933622444659703,712.3852476119995,0.2,0.5924884080886841
12680,,,11479,1,103.70598034999999,4.57,317,,,,,,,,,,,
12720,5.0,116.22164154052734,,,,,,0.04525806,0.0003,0.23275381326675415,3170,726.6602172851562,-2.419172766804695,0.4650000100955367,-0.02986688911681995,1394.9841172218323,0.2,0.5942061543464661
12720,,,11494,1,103.33849421999999,4.6,318,,,,,,,,,,,
12760,5.0,102.2135066986084,,,,,,0.12673987,0.0003,0.3611569404602051,3180,576.4840087890625,-2.4228615283966066,0.460000010766089,0.014217429243726664,976.2596397399902,0.2,0.5933040380477905
12760,,,11510,1,104.04732177,4.61,319,,,,,,,,,,,
12800,5.0,157.29531860351562,,,,,,0.07576988,0.0003,0.3069833517074585,3190,250.27561950683594,-2.422033444046974,0.5475000124424696,-0.01548260101058987,800.9250052452087,0.2,0.5925201773643494
12800,,,11525,1,101.34944687000001,4.59,320,,,,,,,,,,,
12840,5.0,102.6391658782959,,,,,,0.033422213,0.0003,0.35088300704956055,3200,257.5538330078125,-2.422969418764114,0.3850000096485019,-0.015915640786543006,931.2850372314454,0.2,0.5917899012565613
12840,,,11542,1,101.84801466,4.63,321,,,,,,,,,,,
12880,5.0,131.78002548217773,,,,,,0.040550794,0.0003,0.3485838770866394,3210,187.30780029296875,-2.42156268954277,0.4325000075623393,0.019367065788319447,668.886370754242,0.2,0.5922645926475525
12880,,,11558,1,101.89047832,4.62,322,,,,,,,,,,,
12920,5.0,80.08225536346436,,,,,,0.23721413,0.0003,0.2788354158401489,3220,291.1941833496094,-2.422465053200722,0.6250000106170773,0.010259689893282487,805.6459102392197,0.2,0.5907638072967529
12920,,,11574,1,105.39654977999999,4.7,323,,,,,,,,,,,
12960,5.0,119.17362403869629,,,,,,0.1197017,0.0003,0.4856952428817749,3230,136.67604064941406,-2.4106318831443785,0.40250000935047864,0.007399088426027456,520.3943190574646,0.2,0.5902746319770813
12960,,,11588,1,100.96454591,4.65,324,,,,,,,,,,,
13000,5.0,126.78028678894043,,,,,,0.011041862,0.0003,0.02190488576889038,3240,176.98104858398438,-2.399757060408592,0.26500000562518833,-0.006334362048655784,882.5153844833374,0.2,0.5877165198326111
13000,,,11652,1,99.57067382000001,4.62,325,,,,,,,,,,,
13040,5.0,152.46525382995605,,,,,,0.110076085,0.0003,-0.0782928466796875,3250,798.1829833984375,-2.39071438908577,0.5725000126287341,-0.0034103622482507534,1901.4679397583009,0.2,0.5867670178413391
13040,,,11668,1,98.37331642,4.59,326,,,,,,,,,,,
13080,5.0,112.54409980773926,,,,,,0.01750981,0.0003,0.2945218086242676,3260,648.70751953125,-2.3881058603525163,0.2775000065565109,-0.02463443361659301,1375.9853397369384,0.2,0.5862315893173218
13080,,,11684,1,97.81773766,4.59,327,,,,,,,,,,,
13120,5.0,141.9555320739746,,,,,,0.01240718,0.0003,0.40056830644607544,3270,613.7554321289062,-2.3830454021692278,0.22250000480562449,0.009696211292175572,948.2196761131287,0.2,0.5860500335693359
13120,,,11742,1,98.14236814,4.56,328,,,,,,,,,,,
13160,5.0,146.9713592529297,,,,,,0.017922278,0.0003,0.1950746774673462,3280,1392.052490234375,-2.3771953493356706,0.27750000581145284,-0.001396723502257391,1187.9772436141968,0.2,0.5856010913848877
13160,,,11759,1,99.51185965000002,4.62,329,,,,,,,,,,,
13200,5.0,115.92129898071289,,,,,,0.026073074,0.0003,0.34463316202163696,3290,491.4524841308594,-2.3719325840473173,0.28250000551342963,-0.019542698435689055,1135.4430957794189,0.2,0.5845727324485779
13200,,,11773,1,101.51963154,4.65,330,,,,,,,,,,,
13240,5.0,141.24745750427246,,,,,,0.035184573,0.0003,0.48421502113342285,3300,296.1462707519531,-2.364604079723358,0.3800000077113509,-0.014833487717060057,819.010684967041,0.2,0.58344566822052
13240,,,11820,1,106.41682650000003,4.68,331,,,,,,,,,,,
13280,5.0,80.63540840148926,,,,,,0.06905095,0.0003,0.40163034200668335,3310,562.8762817382812,-2.3558835804462435,0.5000000111758709,0.017056389257049887,1316.1366958618164,0.2,0.5821104645729065
13280,,,11837,1,107.77217055,4.68,332,,,,,,,,,,,
13320,4.0,77.28408241271973,,,,,,0.11229245,0.0003,0.4858199954032898,3320,321.2254333496094,-2.3570778340101244,0.48500001039355994,0.05721696421765956,876.3492424011231,0.2,0.5844753980636597
13320,,,11899,1,107.62259602999998,4.65,333,,,,,,,,,,,
13360,5.0,91.12334632873535,,,,,,0.025083128,0.0003,0.25767409801483154,3330,275.1842346191406,-2.359674263000488,0.21250000465661287,-0.020234624235017696,1437.4152091979981,0.2,0.5826066136360168
13360,,,11914,1,110.75856926,4.69,334,,,,,,,,,,,
13400,5.0,110.71828842163086,,,,,,0.023251664,0.0003,0.48978888988494873,3340,282.217529296875,-2.3518954634666445,0.3675000075250864,-0.0007546470765373625,735.7104261398315,0.2,0.5818816423416138
13400,,,11931,1,109.04635322,4.56,335,,,,,,,,,,,
13440,5.0,149.75400924682617,,,,,,0.028044203,0.0003,0.07065719366073608,3350,510.512939453125,-2.3539293348789214,0.3075000073760748,-0.015630611323576904,2039.4994165420533,0.2,0.5833050012588501
13440,,,11991,1,111.62405605,4.61,336,,,,,,,,,,,
13480,5.0,112.8581485748291,,,,,,0.08143337,0.0003,0.28747838735580444,3360,150.0533447265625,-2.3557737708091735,0.30500000696629287,-0.01227006350760349,1224.1762302398681,0.2,0.5833581686019897
13480,,,12007,1,114.89603685000002,4.65,337,,,,,,,,,,,
13520,5.0,152.87912368774414,,,,,,0.017892808,0.0003,0.2827293276786804,3370,894.4579467773438,-2.3534238904714586,0.3375000074505806,-0.00641925298776187,1269.0443371772767,0.2,0.5829653739929199
13520,,,12025,1,115.78634335999998,4.66,338,,,,,,,,,,,
13560,5.0,141.9438648223877,,,,,,0.056838557,0.0003,0.38599085807800293,3380,529.4931030273438,-2.346029081940651,0.28500000610947607,-0.009869451542617735,1282.1838390350342,0.2,0.5819664001464844
13560,,,12082,1,114.53341178,4.64,339,,,,,,,,,,,
13600,5.0,127.8668384552002,,,,,,0.12068878,0.0003,0.3514339327812195,3390,272.4551696777344,-2.3394661098718643,0.2825000058859587,-0.0012536918238402529,926.5494513511658,0.2,0.5811042785644531
13600,,,12097,1,114.21080963,4.62,340,,,,,,,,,,,
13640,5.0,124.26792335510254,,,,,,0.027240109,0.0003,0.22513413429260254,3400,1808.4505615234375,-2.3328241229057314,0.32250000797212125,-0.006039071621635239,1424.5485462188722,0.2,0.5808213949203491
13640,,,12113,1,113.36843062999998,4.64,341,,,,,,,,,,,
13680,5.0,140.36019134521484,,,,,,0.020961497,0.0003,0.39121687412261963,3410,883.9579467773438,-2.3288632065057753,0.5475000102072954,-0.004881794024622655,818.9418597221375,0.2,0.5800046920776367
13680,,,12128,1,111.18857033,4.62,342,,,,,,,,,,,
13720,5.0,123.657958984375,,,,,,0.03793218,0.0003,0.33424240350723267,3420,156.24630737304688,-2.3252979546785353,0.3350000074133277,-0.018832808956940415,881.4409223556519,0.2,0.5789915323257446
13720,,,12142,1,107.66193208,4.58,343,,,,,,,,,,,
13760,5.0,152.49044609069824,,,,,,0.06440785,0.0003,0.21076732873916626,3430,400.01483154296875,-2.327745312452316,0.5725000092759729,0.06320029666647316,860.6945432424545,0.2,0.5807555317878723
13760,,,12157,1,109.84408171999999,4.64,344,,,,,,,,,,,
13800,5.0,97.4171552658081,,,,,,0.10655156,0.0003,0.39638054370880127,3440,646.3706665039062,-2.3310082614421845,0.4000000089406967,-0.010552090558958293,1000.8455132484436,0.2,0.5785272717475891
13800,,,12172,1,106.86790549999999,4.55,345,,,,,,,,,,,
13840,5.0,137.62212944030762,,,,,,0.035441205,0.0003,-0.05695903301239014,3450,115.05781555175781,-2.3209122717380524,0.2525000058114529,-0.004547067815728956,1593.4284999847412,0.2,0.5773153901100159
13840,,,12226,1,109.31234201999997,4.64,346,,,,,,,,,,,
13880,5.0,69.80668830871582,,,,,,0.07945014,0.0003,0.48397040367126465,3460,196.2782745361328,-2.32145137488842,0.44500000942498447,-0.016808176775521134,652.2905229568481,0.2,0.5787308216094971
13880,,,12241,1,108.94068628999999,4.68,347,,,,,,,,,,,
13920,5.0,98.55218696594238,,,,,,0.034472845,0.0003,0.3913043141365051,3470,132.2767333984375,-2.3265310913324355,0.2850000072270632,0.0005397391930455298,684.3697687149048,0.2,0.5817573070526123
13920,,,12255,1,109.10644,4.72,348,,,,,,,,,,,
13960,5.0,87.86779117584229,,,,,,0.08324587,0.0003,0.33620917797088623,3480,1405.631591796875,-2.32924969792366,0.3350000070407987,-0.020373082214500758,1269.8650800704957,0.2,0.5801168084144592
13960,,,12313,1,107.86582179999999,4.7,349,,,,,,,,,,,
14000,5.0,79.76042461395264,,,,,,0.072535634,0.0003,-0.014577031135559082,3490,426.6136169433594,-2.31762775182724,0.4400000074878335,0.02055620507831918,1606.7248237609863,0.2,0.5772167444229126
14000,,,12329,1,104.45957530000001,4.67,350,,,,,,,,,,,
14040,2.0,11.418924331665039,,,,,,0.079390615,0.0003,0.26038694381713867,3500,1068.8040771484375,-2.3092801600694655,0.3875000089406967,-0.013715931880287824,860.958376121521,0.2,0.5762209296226501
14040,,,12343,1,105.76358575,4.66,351,,,,,,,,,,,
14080,5.0,85.31875038146973,,,,,,0.0026179003,0.0003,0.25659632682800293,3510,1314.01220703125,-2.3030218333005905,0.17000000327825546,-0.025908516331874142,1855.3024658203126,0.2,0.5765212774276733
14080,,,12357,1,106.40891814000001,4.69,352,,,,,,,,,,,
14120,5.0,51.95392823219299,,,,,,0.025586404,0.0003,0.37683457136154175,3520,273.9554748535156,-2.3000235199928283,0.36250000819563866,-0.034063414415577434,783.4221998214722,0.2,0.5747120380401611
14120,,,12372,1,107.47283789000001,4.69,353,,,,,,,,,,,
14160,5.0,121.47822189331055,,,,,,0.06254582,0.0003,0.42547571659088135,3530,183.6846160888672,-2.296353980898857,0.24750000480562448,-0.0027915710386878347,654.0903570175171,0.2,0.5752322673797607
14160,,,12386,1,108.91839184000003,4.71,354,,,,,,,,,,,
14200,3.0,53.64377784729004,,,,,,0.034362953,0.0003,0.48661428689956665,3540,98.1908950805664,-2.304093411564827,0.26750000547617675,-0.00593135672257632,698.0424164772033,0.2,0.5756489038467407
14200,,,12445,1,110.44584217000002,4.72,355,,,,,,,,,,,
14240,5.0,91.01190757751465,,,,,,0.016310837,0.0003,0.3255940079689026,3550,204.70343017578125,-2.306615489721298,0.3450000066310167,-0.01964709353109356,1297.8403326034545,0.2,0.5757686495780945
14240,,,12459,1,108.10403995,4.68,356,,,,,,,,,,,
14280,5.0,146.2097568511963,,,,,,0.030434128,0.0003,0.23784327507019043,3560,257.1704406738281,-2.3080110043287276,0.3350000072270632,-0.039391469763650086,1529.4034778594971,0.2,0.5757726430892944
14280,,,12475,1,111.37756989000002,4.76,357,,,,,,,,,,,
14320,5.0,133.5893726348877,,,,,,0.05743082,0.0003,0.3109515309333801,3570,475.090576171875,-2.311593234539032,0.41500000897794964,-0.009506445516162787,1090.8935823440552,0.2,0.5770406723022461
14320,,,12490,1,110.91939167999999,4.75,358,,,,,,,,,,,
14360,5.0,123.70643520355225,,,,,,0.05319082,0.0003,0.3108944296836853,3580,541.0858764648438,-2.3218731701374056,0.4875000106170774,-0.013425407029972126,862.3534856796265,0.2,0.5790097713470459
14360,,,12505,1,112.47451127000002,4.75,359,,,,,,,,,,,
14400,3.0,31.9598445892334,,,,,,0.030842196,0.0003,0.4162101149559021,3590,78.21521759033203,-2.3345698744058607,0.4625000083819032,0.01163239070592681,660.3069787979126,0.2,0.5828876495361328
14400,,,12519,1,111.48685163000002,4.72,360,,,,,,,,,,,
14440,5.0,106.49029541015625,,,,,,0.062200576,0.0003,0.3327369689941406,3600,371.498046875,-2.3425678074359895,0.26000000573694704,-0.011047476069143159,1124.2231269836425,0.2,0.583666205406189
14440,,,12536,1,111.53224221,4.67,361,,,,,,,,,,,
14480,5.0,127.22993278503418,,,,,,0.042137243,0.0003,0.1280556321144104,3610,1192.76416015625,-2.3393094152212144,0.3350000074133277,-0.0029351212835535987,1739.313985824585,0.2,0.5825178623199463
14480,,,12595,1,113.71616039,4.68,362,,,,,,,,,,,
14520,5.0,84.34613132476807,,,,,,0.05262617,0.0003,0.32650458812713623,3620,1416.591064453125,-2.3357337385416033,0.3900000099092722,-0.041950699050794335,1795.7656703948974,0.2,0.5827240943908691
14520,,,12609,1,113.43231922999998,4.71,363,,,,,,,,,,,
14560,5.0,98.16413307189941,,,,,,0.09387993,0.0003,0.3905966877937317,3630,586.1781616210938,-2.3360488921403886,0.5250000113621354,-0.023270732283126573,892.4960495948792,0.2,0.5823657512664795
14560,,,12625,1,114.84493402,4.72,364,,,,,,,,,,,
14600,5.0,152.6073875427246,,,,,,0.03284815,0.0003,0.4100096821784973,3640,861.2969970703125,-2.336670359969139,0.1900000037625432,-0.01618736914882901,1038.1899545669555,0.2,0.582446813583374
14600,,,12640,1,115.15741790000001,4.72,365,,,,,,,,,,,
14640,4.0,77.57423400878906,,,,,,0.05520223,0.0003,0.48232853412628174,3650,386.8601379394531,-2.342576137185097,0.7000000108033418,0.05549624891424174,687.106616973877,0.2,0.5845035314559937
14640,,,12656,1,111.13242988,4.61,366,,,,,,,,,,,
14680,5.0,91.89638805389404,,,,,,0.07092876,0.0003,0.18892836570739746,3660,330.4656066894531,-2.3467486441135406,0.3400000061839819,-0.03804165034351172,1807.874280166626,0.2,0.5850090980529785
14680,,,12670,1,111.76753349,4.63,367,,,,,,,,,,,
14720,5.0,149.19292068481445,,,,,,0.1040582,0.0003,0.35042786598205566,3670,218.00022888183594,-2.3474438935518265,0.29500000532716514,0.0009330575793865092,904.6085720062256,0.2,0.5848590731620789
14720,,,12685,1,112.74759281,4.69,368,,,,,,,,,,,
14760,5.0,120.92827606201172,,,,,,0.085255176,0.0003,0.5051325857639313,3680,387.9466247558594,-2.345662868022919,0.3600000085309148,0.005977880754799126,537.1293455123902,0.2,0.583758533000946
14760,,,12700,1,112.98342767999999,4.69,369,,,,,,,,,,,
14800,5.0,100.06626987457275,,,,,,0.04013156,0.0003,0.3819037079811096,3690,213.51478576660156,-2.3382661998271943,0.33750000670552255,-0.0015346539951860915,1074.8669483184815,0.2,0.5830599665641785
14800,,,12715,1,112.66005994999999,4.65,370,,,,,,,,,,,
14840,2.0,20.810894012451172,,,,,,0.02222769,0.0003,0.22786486148834229,3700,326.83477783203125,-2.3321795880794527,0.33250000737607477,0.017771547395823296,1195.3924395084382,0.2,0.5811454057693481
14840,,,12728,1,113.89698309999999,4.63,371,,,,,,,,,,,
14880,5.0,103.45626640319824,,,,,,0.026414208,0.0003,0.32665812969207764,3710,450.2088317871094,-2.3238224357366564,0.25000000558793545,0.008087445414967077,1291.9223342895507,0.2,0.5805486440658569
14880,,,12745,1,114.73908096999999,4.66,372,,,,,,,,,,,
14920,5.0,87.91558647155762,,,,,,0.06560074,0.0003,0.244493305683136,3720,389.14324951171875,-2.3252254158258436,0.23500000461935996,0.005427993816556409,1158.3632425308228,0.2,0.5830711722373962
14920,,,12761,1,116.80784127000001,4.73,373,,,,,,,,,,,
14960,4.0,65.26666069030762,,,,,,0.04090952,0.0003,0.3213505744934082,3730,569.1207275390625,-2.339165535569191,0.3675000090152025,-0.017855382193811237,1073.1151418685913,0.2,0.5856728553771973
14960,,,12779,1,113.60522324,4.72,374,,,,,,,,,,,
15000,5.0,99.76875877380371,,,,,,0.052424252,0.0003,0.35074710845947266,3740,545.2916259765625,-2.350616177916527,0.4825000105425715,-0.023489235635497607,835.2218124389649,0.2,0.5867272615432739
15000,,,12795,1,110.34878099000001,4.59,375,,,,,,,,,,,
15040,4.0,93.83971214294434,,,,,,0.07837632,0.0003,0.012192487716674805,3750,2980.744384765625,-2.3540531933307647,0.572500011138618,0.04427538348245434,2739.720546722412,0.2,0.5873647928237915
15040,,,12859,1,104.66148363,4.49,376,,,,,,,,,,,
15080,5.0,52.89075481891632,,,,,,0.06487102,0.0003,0.14310985803604126,3760,372.1039733886719,-2.356687623262405,0.4725000109523535,-0.03777331764080376,1236.8705293655396,0.2,0.587591290473938
15080,,,12873,1,107.88087838999999,4.59,377,,,,,,,,,,,
15120,5.0,122.92871475219727,,,,,,0.20596904,0.0003,0.3516331911087036,3770,179.41082763671875,-2.351406863331795,0.37250000666826966,0.06765074709466716,806.4318010330201,0.2,0.5847829580307007
15120,,,12888,1,107.56859691,4.61,378,,,,,,,,,,,
15160,5.0,116.76342582702637,,,,,,0.23641483,0.0003,0.44222700595855713,3780,389.80194091796875,-2.35524300634861,0.672500011883676,0.05263065114204437,832.6064522743225,0.2,0.587867259979248
15160,,,12902,1,108.01366562999999,4.61,379,,,,,,,,,,,
15200,5.0,171.22903060913086,,,,,,0.026573025,0.0003,0.4777984023094177,3790,277.1582336425781,-2.352860924601555,0.3700000088661909,-0.0013853278917667744,661.6813619613647,0.2,0.5853387713432312
15200,,,12952,1,109.06590532999999,4.57,380,,,,,,,,,,,
15240,5.0,116.67748260498047,,,,,,0.09613046,0.0003,0.3393089175224304,3800,294.5115051269531,-2.345881751179695,0.46250000726431606,0.02762767525448,1328.5708806037903,0.2,0.586228609085083
15240,,,12967,1,105.7211796,4.5,381,,,,,,,,,,,
15280,5.0,92.85031795501709,,,,,,0.04578745,0.0003,0.007307827472686768,3810,188.689208984375,-2.3476193457841874,0.3550000047311187,0.033472185368445914,1731.3717794418335,0.2,0.5856027007102966
15280,,,12981,1,105.82130721000001,4.52,382,,,,,,,,,,,
15320,5.0,177.5780143737793,,,,,,0.08891289,0.0003,0.3537335991859436,3820,403.7268981933594,-2.345844978094101,0.23750000428408385,0.008154839943599645,1136.5419546127318,0.2,0.5848034620285034
15320,,,12996,1,104.94892904,4.55,383,,,,,,,,,,,
15360,5.0,185.18669891357422,,,,,,0.02465275,0.0003,0.4188774824142456,3830,812.964111328125,-2.3437057346105576,0.4125000100582838,0.007743148953595669,781.4522640228272,0.2,0.5858620405197144
15360,,,13010,1,104.64302440000002,4.52,384,,,,,,,,,,,
15400,5.0,102.84838151931763,,,,,,0.10665211,0.0003,0.13853365182876587,3840,1348.49951171875,-2.3445983082056046,0.42000000849366187,-0.012800118179984565,1671.2724067687989,0.2,0.5834886431694031
15400,,,13025,1,107.11865637000001,4.54,385,,,,,,,,,,,
15440,5.0,89.48105430603027,,,,,,0.09192124,0.0003,0.3096332550048828,3850,1074.69482421875,-2.3296669870615005,0.3775000084191561,0.015483963921724353,1186.012700843811,0.2,0.5833404660224915
15440,,,13041,1,108.19362754999999,4.58,386,,,,,,,,,,,
15480,5.0,121.26745223999023,,,,,,0.044501502,0.0003,0.24562060832977295,3860,403.1543273925781,-2.3316918522119523,0.4175000090152025,-0.0029360796723631234,1397.1209503173827,0.2,0.584250807762146
15480,,,13058,1,108.89689579,4.58,387,,,,,,,,,,,
15520,5.0,83.68618679046631,,,,,,0.030365594,0.0003,0.1802736520767212,3870,974.1589965820312,-2.3330233842134476,0.20000000447034835,0.0005921783870144193,1506.8106141090393,0.2,0.5834338068962097
15520,,,13073,1,113.44809426000002,4.66,388,,,,,,,,,,,
15560,5.0,106.98989963531494,,,,,,0.024924599,0.0003,0.4223436713218689,3880,832.9909057617188,-2.3252121090888975,0.24750000443309544,-0.013421799939460466,1206.9790900230407,0.2,0.5819485187530518
15560,,,13137,1,113.62393804,4.66,389,,,,,,,,,,,
15600,5.0,129.65292167663574,,,,,,0.020337107,0.0003,0.5519281923770905,3890,156.79872131347656,-2.315636318922043,0.44000000692903996,0.019502731804413996,690.8374899864197,0.2,0.5814651250839233
15600,,,13186,1,112.08097139000002,4.63,390,,,,,,,,,,,
15640,5.0,115.89132308959961,,,,,,0.036480404,0.0003,0.3314182162284851,3900,520.8704833984375,-2.3127748638391497,0.3250000074505806,-0.03701769407438405,1180.2238647460938,0.2,0.5820474624633789
15640,,,13201,1,113.07594220000001,4.62,391,,,,,,,,,,,
15680,5.0,174.56634140014648,,,,,,0.097651705,0.0003,0.2435305118560791,3910,716.9386596679688,-2.3102318078279493,0.3900000091642141,-0.0541445205945638,2061.65505065918,0.2,0.5817408561706543
15680,,,13216,1,113.38365765,4.7,392,,,,,,,,,,,
15720,5.0,105.23278617858887,,,,,,0.0446881,0.0003,0.4800265431404114,3920,558.1232299804688,-2.3137926757335663,0.4150000102818012,-0.04055344034554764,846.7436235427856,0.2,0.5827997922897339
15720,,,13232,1,115.51207403000002,4.7,393,,,,,,,,,,,
15760,5.0,130.2478904724121,,,,,,0.05428125,0.0003,0.45960599184036255,3930,810.4920043945312,-2.3167733639478683,0.30250000543892386,-0.010619142059531439,945.6077186107635,0.2,0.5834228992462158
15760,,,13246,1,114.42639613,4.72,394,,,,,,,,,,,
15800,5.0,111.37057876586914,,,,,,0.03595941,0.0003,0.43543654680252075,3940,213.4016876220703,-2.3096321314573287,0.3350000075995922,0.015464893298121752,838.5742692947388,0.2,0.5803003311157227
15800,,,13262,1,114.55808996,4.68,395,,,,,,,,,,,
15840,5.0,145.29544830322266,,,,,,0.022949696,0.0003,0.22581267356872559,3950,911.1473999023438,-2.301969963312149,0.3150000074878335,-0.004343158018309623,1508.4324859619142,0.2,0.5809693336486816
15840,,,13304,1,113.37644285999998,4.69,396,,,,,,,,,,,
15880,5.0,158.1516933441162,,,,,,0.03553492,0.0003,0.3476666212081909,3960,707.6913452148438,-2.3029025942087173,0.25500000547617674,-0.0038987907821046996,1164.9081645965575,0.2,0.5802360773086548
15880,,,13320,1,114.60259561,4.7,397,,,,,,,,,,,
15920,5.0,76.69233179092407,,,,,,0.023157239,0.0003,0.26789331436157227,3970,161.63037109375,-2.3039155066013337,0.26000000536441803,-0.009804713812554832,1484.5052631378173,0.2,0.5815557241439819
15920,,,13334,1,113.90631954,4.68,398,,,,,,,,,,,
15960,5.0,125.35305118560791,,,,,,0.04148058,0.0003,0.4697222113609314,3980,49.627037048339844,-2.3091479301452638,0.3375000059604645,-0.0002240010883542698,733.9680830001831,0.2,0.5816667675971985
15960,,,13350,1,115.32491881,4.75,399,,,,,,,,,,,
16000,4.0,55.77504539489746,,,,,,0.07573958,0.0003,0.45179980993270874,3990,637.1713256835938,-2.305468147993088,0.39250000920146705,-0.03180569202828337,809.8920460700989,0.2,0.5796566009521484
16000,,,13366,1,109.21165643999998,4.62,400,,,,,,,,,,,
