eval/mean_ep_length,time/total_timesteps,eval/mean_reward,time/time_elapsed,time/iterations,rollout/ep_rew_mean,rollout/ep_len_mean,time/fps,train/learning_rate,train/explained_variance,train/entropy_loss,train/policy_gradient_loss,train/value_loss,train/clip_fraction,train/loss,train/clip_range,train/approx_kl,train/std,train/n_updates
3.0,40,-2.528254985809326,,,,,,,,,,,,,,,,
,40,,47,1,-2.1773540000000002,1.95,0,,,,,,,,,,,
4.0,80,-20.0,,,,,,0.0003,2.181529998779297e-05,-4.248947030305862,-0.0302521763891491,89.09593689441681,0.22500000409781934,31.892913818359375,0.2,0.026124869,0.9962644577026367,10
,80,,98,2,-1.4986345238095242,1.880952380952381,0,,,,,,,,,,,
3.0,120,-13.662219762802124,,,,,,0.0003,-0.0002900362014770508,-4.239747226238251,-0.010667977796147166,386.1894850373268,0.1800000039860606,324.9931640625,0.2,0.010460265,0.9927055835723877,20
,120,,159,3,-0.6672801746031747,1.9047619047619047,0,,,,,,,,,,,
5.0,160,62.93265038728714,,,,,,0.0003,0.003268122673034668,-4.224212735891342,-0.012769337386707779,286.5785273194313,0.16000000275671483,191.2357635498047,0.2,0.020842273,0.9872991442680359,30
,160,,186,4,2.879382382716049,1.962962962962963,0,,,,,,,,,,,
1.0,200,-5.0,,,,,,0.0003,0.002900242805480957,-4.213931220769882,-0.022412213342468013,1682.196248626709,0.21000000406056643,794.832275390625,0.2,0.018253297,0.9841978549957275,40
,200,,261,5,3.5461012700000007,1.91,0,,,,,,,,,,,
1.0,240,-5.0,,,,,,0.0003,-0.0009093284606933594,-4.203789311647415,-0.015364769467814777,268.7667033910751,0.14750000312924386,229.9319305419922,0.2,0.021075167,0.9808222055435181,50
,240,,350,6,5.48670309,1.95,0,,,,,,,,,,,
3.0,280,24.720803260803223,,,,,,0.0003,0.0004634261131286621,-4.196188193559647,-0.001122495503659593,640.8797866106033,0.09250000137835741,432.0697021484375,0.2,0.006137875,0.9804162383079529,60
,280,,404,7,7.120649219999999,1.89,0,,,,,,,,,,,
4.0,320,-20.0,,,,,,0.0003,-0.004655361175537109,-4.196385234594345,-0.015714083861385,738.640231180191,0.22750000488013028,24.55262565612793,0.2,0.01922293,0.9787386655807495,70
,320,,439,8,8.24330758,1.9,0,,,,,,,,,,,
1.0,360,-5.0,,,,,,0.0003,-0.006575345993041992,-4.1846322357654575,-0.004210003512716875,2440.6873025894165,0.052500000782310964,91.43245697021484,0.2,0.00771091,0.9739472270011902,80
,360,,508,9,6.58695529,1.8,0,,,,,,,,,,,
1.0,400,-5.0,,,,,,0.0003,-0.007415175437927246,-4.175563406944275,-0.02422878957569985,658.0540076255799,0.21500000525265933,345.15277099609375,0.2,0.031244613,0.9730520248413086,90
,400,,532,10,5.173752100000001,1.81,0,,,,,,,,,,,
2.0,440,-10.0,,,,,,0.0003,-0.018059492111206055,-4.173524087667465,-0.030976844198630716,128.93157420158386,0.1825000036507845,121.61971282958984,0.2,0.01211416,0.9718393683433533,100
,440,,618,11,5.260994190000002,1.84,0,,,,,,,,,,,
4.0,480,-11.359229564666748,,,,,,0.0003,0.008381843566894531,-4.169722121953964,-0.005044068646975574,614.5013565063476,0.047500000707805155,297.6150817871094,0.2,0.0077075856,0.9713971614837646,110
,480,,653,12,4.12907267,1.87,0,,,,,,,,,,,
4.0,520,-20.0,,,,,,0.0003,-0.005892038345336914,-4.161467343568802,-0.04211057762231576,237.02607381343842,0.30750000700354574,37.26824951171875,0.2,0.03449578,0.9657887816429138,120
,520,,678,13,3.05822638,1.9,0,,,,,,,,,,,
1.0,560,-5.0,,,,,,0.0003,-0.003659486770629883,-4.146454775333405,-0.04289580397249666,279.58797163963317,0.33500000797212126,237.06846618652344,0.2,0.029854156,0.9624666571617126,130
,560,,750,14,2.54149404,1.9,0,,,,,,,,,,,
2.0,600,21.76949119567871,,,,,,0.0003,-8.58306884765625e-06,-4.131605327129364,-0.011153625575025217,569.5829264163971,0.2750000059604645,20.288793563842773,0.2,0.015399832,0.9548861384391785,140
,600,,784,15,9.385358660000001,1.77,0,,,,,,,,,,,
2.0,640,136.16238403320312,,,,,,0.0003,-5.0902366638183594e-05,-4.11232978105545,-0.02096763415633405,17360.8182328701,0.0675000013783574,253.08090209960938,0.2,0.0031248839,0.9522945880889893,150
,640,,840,16,16.21502525,1.82,0,,,,,,,,,,,
2.0,680,-10.0,,,,,,0.0003,-0.0011441707611083984,-4.111900329589844,-0.02323134432108418,6672.260524749756,0.12250000238418579,13352.5595703125,0.2,0.019448567,0.9535126090049744,160
,680,,873,17,18.79773039,1.7,0,,,,,,,,,,,
1.0,720,-5.0,,,,,,0.0003,0.005375981330871582,-4.1156054675579075,-0.02408304718672296,2100.535214710236,0.3375000085681677,53.765960693359375,0.2,0.033716578,0.9544984102249146,170
,720,,899,18,20.496878309999996,1.73,0,,,,,,,,,,,
5.0,760,106.29990863800049,,,,,,0.0003,-0.00020563602447509766,-4.112896716594696,-0.010954767761431871,2500.4764307022097,0.21250000465661287,1724.604736328125,0.2,0.016976846,0.9524492621421814,180
,760,,950,19,22.785664549999996,1.79,0,,,,,,,,,,,
5.0,800,294.41372299194336,,,,,,0.0003,0.0047002434730529785,-4.109690421819687,-0.04107307655387558,8132.818403434753,0.34500000830739735,121.93505096435547,0.2,0.047554895,0.9523032903671265,190
,800,,977,20,23.511006740000003,1.85,0,,,,,,,,,,,
4.0,840,240.10169982910156,,,,,,0.0003,-0.0035456418991088867,-4.108187961578369,-0.0133796003284806,9534.413214683533,0.11500000189989805,1646.135498046875,0.2,0.008571293,0.9514034986495972,200
,840,,1010,21,28.866651320000003,2.02,0,,,,,,,,,,,
5.0,880,377.3677673339844,,,,,,0.0003,-0.0069086551666259766,-4.106318610906601,-0.0385070862530847,8198.824744033813,0.21750000435858965,869.368408203125,0.2,0.021903437,0.9510172605514526,210
,880,,1040,22,40.18541168,2.14,0,,,,,,,,,,,
2.0,920,-10.0,,,,,,0.0003,-0.013513803482055664,-4.106046986579895,-0.0027071617021283577,22265.99098739624,0.0,23547.95703125,0.2,0.0024626942,0.9511324763298035,220
,920,,1071,23,36.29719993,2.1,0,,,,,,,,,,,
1.0,960,-5.0,,,,,,0.0003,-0.05905270576477051,-4.105910617113113,-0.012219072360967509,1583.854266357422,0.037500000558793545,355.6628112792969,0.2,0.012966278,0.9510746002197266,230
,960,,1127,24,44.87182332,2.23,0,,,,,,,,,,,
1.0,1000,-5.0,,,,,,0.0003,-0.008082985877990723,-4.106216675043106,-0.008047675619563965,14005.227939224244,0.0,3965.20751953125,0.2,0.0034060255,0.9513516426086426,240
,1000,,1194,25,43.830527110000006,2.12,0,,,,,,,,,,,
5.0,1040,408.8437843322754,,,,,,0.0003,0.017316758632659912,-4.106339621543884,-0.012133883943824909,10291.079996109009,0.11000000201165676,738.6016845703125,0.2,0.022856627,0.951099157333374,250
,1040,,1272,26,49.743931589999995,2.12,0,,,,,,,,,,,
1.0,1080,-5.0,,,,,,0.0003,-0.021101713180541992,-4.104553365707398,-0.004850596179421696,16475.153153991698,0.0,8385.404296875,0.2,0.0030712383,0.950194239616394,260
,1080,,1293,27,56.55058623,2.17,0,,,,,,,,,,,
1.0,1120,-5.0,,,,,,0.0003,-0.02033102512359619,-4.103027772903443,-0.0030424179311284937,15772.40919189453,0.0,15472.1630859375,0.2,0.000554736,0.9501596689224243,270
,1120,,1370,28,53.6853925,2.07,0,,,,,,,,,,,
5.0,1160,308.97910022735596,,,,,,0.0003,0.0026108622550964355,-4.101992028951645,-0.0008966778146714205,10467.624076843262,0.0,1088.68115234375,0.2,0.0018040733,0.9496082663536072,280
,1160,,1434,29,49.1964452,1.99,0,,,,,,,,,,,
2.0,1200,15.24894905090332,,,,,,0.0003,-0.012755393981933594,-4.101870179176331,-0.0013044650962183324,10126.076838684083,0.06500000096857547,1490.8336181640625,0.2,0.007950273,0.9499187469482422,290
,1200,,1458,30,58.21503898,2.12,0,,,,,,,,,,,
5.0,1240,171.7040557861328,,,,,,0.0003,-0.041658997535705566,-4.102072137594223,-0.009028223603527286,15704.014125061036,0.04000000059604645,5130.3369140625,0.2,0.0057815295,0.9500850439071655,300
,1240,,1485,31,60.530237670000005,2.23,0,,,,,,,,,,,
4.0,1280,37.66941833496094,,,,,,0.0003,0.01757979393005371,-4.1027040660381315,-0.017857697632862258,6741.955870056152,0.07000000104308128,768.901611328125,0.2,0.013711561,0.9501258730888367,310
,1280,,1513,32,50.78896626000001,2.14,0,,,,,,,,,,,
5.0,1320,168.82944059371948,,,,,,0.0003,0.024858534336090088,-4.103164529800415,-0.014796730262023628,5546.806132507324,0.08750000167638064,1490.961669921875,0.2,0.011470561,0.9506039023399353,320
,1320,,1540,33,57.47931929000001,2.33,0,,,,,,,,,,,
1.0,1360,-5.0,,,,,,0.0003,0.014650166034698486,-4.103658473491668,-0.011732340102207672,12936.139882659912,0.11250000167638063,8193.0771484375,0.2,0.017336845,0.9504361152648926,330
,1360,,1563,34,63.68579824,2.47,0,,,,,,,,,,,
5.0,1400,189.3784408569336,,,,,,0.0003,-0.031655073165893555,-4.103052031993866,-0.002347411536065924,8730.703274536132,0.0,6423.33056640625,0.2,0.002648905,0.9500948190689087,340
,1400,,1586,35,73.69745466,2.62,0,,,,,,,,,,,
5.0,1440,359.8218538761139,,,,,,0.0003,0.014319062232971191,-4.101674264669418,-0.019515353770293585,11058.457884216308,0.08250000216066837,1530.6312255859375,0.2,0.02146712,0.9494040012359619,350
,1440,,1629,36,75.33113957999998,2.7,0,,,,,,,,,,,
1.0,1480,-5.0,,,,,,0.0003,0.02180427312850952,-4.100152802467346,-0.029343385326501447,8134.743319702148,0.22250000443309545,1997.265380859375,0.2,0.022701032,0.9492373466491699,360
,1480,,1653,37,76.12475610999999,2.6,0,,,,,,,,,,,
3.0,1520,47.29216289520264,,,,,,0.0003,-0.03400683403015137,-4.099104875326157,-0.014795690579630904,16018.74030456543,0.032500000484287736,2677.649169921875,0.2,0.007431993,0.9489558935165405,370
,1520,,1721,38,76.41578443,2.56,0,,,,,,,,,,,
5.0,1560,305.25830459594727,,,,,,0.0003,-0.037348270416259766,-4.09747177362442,-0.009738220691797328,5706.332563781738,0.08500000145286321,2369.703857421875,0.2,0.010321145,0.9480882883071899,380
,1560,,1748,39,69.16485086,2.35,0,,,,,,,,,,,
1.0,1600,-5.0,,,,,,0.0003,-0.04731333255767822,-4.095480412244797,-0.015064607856038493,10948.643081665039,0.0825000012293458,1909.017822265625,0.2,0.0106325,0.9477729201316833,390
,1600,,1774,40,65.93444555,2.26,0,,,,,,,,,,,
3.0,1640,195.96106719970703,,,,,,0.0003,-0.04161989688873291,-4.09425128698349,-0.019553311798372296,11669.982736206055,0.19250000398606062,3550.832275390625,0.2,0.022412878,0.9472945928573608,400
,1640,,1799,41,65.99409305999998,2.16,0,,,,,,,,,,,
5.0,1680,417.1651077270508,,,,,,0.0003,-0.00886523723602295,-4.09263596534729,-0.028991209996361268,10619.531848144532,0.12500000260770322,11946.955078125,0.2,0.026534457,0.9466426372528076,410
,1680,,1827,42,67.72125729,2.21,0,,,,,,,,,,,
5.0,1720,135.5264015197754,,,,,,0.0003,-0.018341660499572754,-4.0910854697227474,-0.009096712705177201,14549.475527954102,0.057500001043081284,2807.788330078125,0.2,0.015247965,0.9465286731719971,420
,1720,,1863,43,59.60545341,2.19,0,,,,,,,,,,,
5.0,1760,66.79534101486206,,,,,,0.0003,-0.05569148063659668,-4.091183078289032,-0.010755997596106681,5233.974411010742,0.06250000093132257,1904.3175048828125,0.2,0.0066423137,0.9466084837913513,430
,1760,,1885,44,71.77974702,2.32,0,,,,,,,,,,,
3.0,1800,83.35430574417114,,,,,,0.0003,-0.014268636703491211,-4.090932053327561,-0.019740221438553363,12256.233052062988,0.18000000417232515,6407.17578125,0.2,0.01755327,0.946327805519104,440
,1800,,1910,45,76.00981769,2.43,0,,,,,,,,,,,
5.0,1840,305.64416313171387,,,,,,0.0003,-0.024539709091186523,-4.089878106117249,-0.016558380325841428,19752.2066986084,0.0600000012665987,6126.4404296875,0.2,0.012554767,0.9460331201553345,450
,1840,,1933,46,81.96698836000002,2.58,0,,,,,,,,,,,
3.0,1880,135.49007034301758,,,,,,0.0003,-0.03732955455780029,-4.08911412358284,-0.0075723503871540695,12765.412892150878,0.1150000024586916,1483.635498046875,0.2,0.013370907,0.945958137512207,460
,1880,,1990,47,83.113733,2.65,0,,,,,,,,,,,
1.0,1920,-5.0,,,,,,0.0003,0.0190466046333313,-4.088436484336853,-0.02764766462663828,6458.120465087891,0.15250000320374965,4486.96826171875,0.2,0.016978232,0.9456097483634949,470
,1920,,2030,48,72.73531959,2.59,0,,,,,,,,,,,
3.0,1960,55.51082992553711,,,,,,0.0003,-0.04831576347351074,-4.087112069129944,-0.017616975420969537,6229.372659301758,0.16250000353902577,1772.0411376953125,0.2,0.025307037,0.9450148344039917,480
,1960,,2225,49,74.18949932,2.55,0,,,,,,,,,,,
5.0,2000,133.0216238796711,,,,,,0.0003,-0.04774928092956543,-4.085139656066895,-0.01563725455744134,4842.840051269532,0.12250000238418579,4637.291015625,0.2,0.014134056,0.9445027112960815,490
,2000,,2250,50,70.29611077,2.51,0,,,,,,,,,,,
1.0,2040,-5.0,,,,,,0.0003,-0.0008361339569091797,-4.083455914258957,-0.021741341674628534,6163.226261901856,0.2525000056251884,3716.271240234375,0.2,0.02252851,0.9442972540855408,500
,2040,,2275,51,66.13425619,2.39,0,,,,,,,,,,,
3.0,2080,53.649900913238525,,,,,,0.0003,-0.0004127025604248047,-4.083681535720825,-0.030757651498279304,16822.861874389648,0.11750000212341546,14363.2802734375,0.2,0.017263293,0.9442436099052429,510
,2080,,2299,52,61.956704800000004,2.37,0,,,,,,,,,,,
5.0,2120,459.62744140625,,,,,,0.0003,-0.01302492618560791,-4.082234585285187,-0.02615744549817465,8310.541058349609,0.23500000555068254,4895.2255859375,0.2,0.041204244,0.9430711269378662,520
,2120,,2323,53,70.11751332,2.44,0,,,,,,,,,,,
5.0,2160,332.4227409362793,,,,,,0.0003,0.017006516456604004,-4.076612561941147,-0.004645162351926047,11885.986697387696,0.020000000298023225,9978.99609375,0.2,0.0030548112,0.9415555000305176,530
,2160,,2352,54,72.09201368,2.47,0,,,,,,,,,,,
1.0,2200,-5.0,,,,,,0.0003,0.007262706756591797,-4.073075771331787,-0.010287498951329322,8431.2678024292,0.0825000012293458,2753.9794921875,0.2,0.011116837,0.9404527544975281,540
,2200,,2379,55,81.6502175,2.58,0,,,,,,,,,,,
5.0,2240,438.1969795227051,,,,,,0.0003,-0.02633512020111084,-4.069680869579315,-0.043952051038941134,13072.639379882812,0.21250000465661287,2901.063720703125,0.2,0.026834136,0.9394879341125488,550
,2240,,2408,56,83.85179371,2.53,0,,,,,,,,,,,
5.0,2280,525.7501983642578,,,,,,0.0003,0.017463207244873047,-4.066300463676453,-0.004539439557757064,19394.100671386717,0.007500000111758709,6727.12890625,0.2,0.0032694074,0.9385528564453125,560
,2280,,2439,57,79.43533271999999,2.49,0,,,,,,,,,,,
4.0,2320,94.36919498443604,,,,,,0.0003,0.00469738245010376,-4.064314985275269,-0.018753165880389132,13805.55655517578,0.16000000312924384,1891.0009765625,0.2,0.022741165,0.9380185604095459,570
,2320,,2485,58,82.82112697999999,2.43,0,,,,,,,,,,,
5.0,2360,99.80996322631836,,,,,,0.0003,0.02439945936203003,-4.058777576684951,-0.005932745708132625,7877.453285217285,0.10250000189989805,3121.72607421875,0.2,0.0050197886,0.9351300001144409,580
,2360,,2511,59,80.86786893,2.34,0,,,,,,,,,,,
4.0,2400,124.76980972290039,,,,,,0.0003,-0.029476642608642578,-4.052007311582566,-0.030917452276039547,9469.714978027343,0.2525000050663948,1974.0673828125,0.2,0.022832094,0.9341332316398621,590
,2400,,2535,60,79.40844942999999,2.34,0,,,,,,,,,,,
5.0,2440,66.97225761413574,,,,,,0.0003,0.03494095802307129,-4.04877200126648,-0.012538525799463972,11626.322998046875,0.06250000093132257,2396.73046875,0.2,0.008368372,0.933064341545105,600
,2440,,2568,61,85.93623238999999,2.53,0,,,,,,,,,,,
5.0,2480,258.8509497642517,,,,,,0.0003,-0.008791804313659668,-4.044761973619461,-0.022550490915891695,15262.26791381836,0.09750000163912773,2890.789794921875,0.2,0.016505178,0.9317959547042847,610
,2480,,2605,62,89.17302959,2.58,0,,,,,,,,,,,
5.0,2520,181.35867977142334,,,,,,0.0003,-0.007176637649536133,-4.042548882961273,-0.024880802598636363,12706.252044677734,0.17750000394880772,7130.87890625,0.2,0.014971787,0.9317740201950073,620
,2520,,2629,63,89.86761781,2.66,0,,,,,,,,,,,
5.0,2560,364.1518325805664,,,,,,0.0003,0.02651035785675049,-4.041000378131867,-0.0008847179474832934,15627.93173828125,0.06500000096857547,4218.544921875,0.2,0.0068210927,0.930705726146698,630
,2560,,2656,64,92.09697762,2.79,0,,,,,,,,,,,
5.0,2600,75.72343158721924,,,,,,0.0003,-0.009131789207458496,-4.039486187696457,-0.027071155043522577,8353.267362976074,0.2325000051409006,2718.167236328125,0.2,0.01427569,0.9310240745544434,640
,2600,,2677,65,93.24840911999999,2.88,0,,,,,,,,,,,
5.0,2640,225.60664653778076,,,,,,0.0003,0.018064379692077637,-4.0386783182621,-0.026323962458918704,6306.691683959961,0.18250000346451997,3268.059326171875,0.2,0.017080523,0.9301937818527222,650
,2640,,2698,66,93.41740487999999,3.02,0,,,,,,,,,,,
5.0,2680,338.8204002380371,,,,,,0.0003,-0.013401031494140625,-4.037216585874558,-0.011732349394342246,9226.149886703492,0.1250000024214387,3817.268310546875,0.2,0.010848835,0.9303226470947266,660
,2680,,2724,67,93.16773501000002,3.02,0,,,,,,,,,,,
5.0,2720,152.27802991867065,,,,,,0.0003,-0.02830195426940918,-4.037418377399445,-0.018529261320068147,17611.071020507814,0.2300000051036477,2063.991943359375,0.2,0.021685451,0.9300518035888672,670
,2720,,2747,68,95.44236389000001,3.01,0,,,,,,,,,,,
5.0,2760,347.81029891967773,,,,,,0.0003,0.01072913408279419,-4.032165229320526,-0.019824735543297722,8892.660851287841,0.18000000361353158,2282.2138671875,0.2,0.015038685,0.9275918006896973,680
,2760,,2765,69,106.69604579000001,3.12,0,,,,,,,,,,,
3.0,2800,100.80772399902344,,,,,,0.0003,0.06405383348464966,-4.026507908105851,-0.012483513648403454,13525.456594848632,0.1600000023841858,7602.73193359375,0.2,0.017422317,0.9265047907829285,690
,2800,,2791,70,112.31756752,3.14,1,,,,,,,,,,,
4.0,2840,251.77395629882812,,,,,,0.0003,-0.029856085777282715,-4.024638706445694,-0.017309597824059896,14067.878496551513,0.11750000193715096,8604.25,0.2,0.01059151,0.9263826608657837,700
,2840,,2815,71,114.38309821000001,3.11,1,,,,,,,,,,,
3.0,2880,5.894952297210693,,,,,,0.0003,-0.0037615299224853516,-4.024412685632706,-0.009793776164806334,17598.659579467774,0.22250000443309545,13926.6865234375,0.2,0.013312403,0.9262215495109558,710
,2880,,2837,72,115.46447975000001,3.05,1,,,,,,,,,,,
5.0,2920,153.2084038257599,,,,,,0.0003,0.0476265549659729,-4.02485408782959,-0.033094620780066177,12082.826379394532,0.19500000458210706,5088.9765625,0.2,0.023403719,0.9266471862792969,720
,2920,,2856,73,118.32957502,3.03,1,,,,,,,,,,,
5.0,2960,493.42047119140625,,,,,,0.0003,0.020427167415618896,-4.024258524179459,-0.044641727002745026,6204.011091613769,0.300000006519258,3533.003662109375,0.2,0.03517469,0.9261164665222168,730
,2960,,2879,74,129.74313872000002,3.1,1,,,,,,,,,,,
5.0,3000,250.61198806762695,,,,,,0.0003,0.0016867518424987793,-4.023105174303055,-0.014021616842219364,24587.814529418945,0.10250000189989805,3848.69677734375,0.2,0.015826933,0.9260219931602478,740
,3000,,2900,75,145.37875796,3.26,1,,,,,,,,,,,
5.0,3040,366.9154396057129,,,,,,0.0003,-0.0011087656021118164,-4.0218472421169285,-0.018439275642176643,20757.63232116699,0.2100000038743019,2486.599365234375,0.2,0.016573617,0.925219714641571,750
,3040,,2924,76,149.00158482999998,3.31,1,,,,,,,,,,,
2.0,3080,32.22142791748047,,,,,,0.0003,-0.02141106128692627,-4.019101375341416,-0.035127633205338495,17628.922076416016,0.20750000439584254,18413.509765625,0.2,0.023374254,0.9247260093688965,760
,3080,,2947,77,152.92169913,3.26,1,,,,,,,,,,,
5.0,3120,129.08365631103516,,,,,,0.0003,-0.032412052154541016,-4.019361513853073,0.003954298239113996,17520.52131347656,0.1325000027194619,3153.805419921875,0.2,0.013822988,0.9249281883239746,770
,3120,,2969,78,152.35594073000001,3.38,1,,,,,,,,,,,
5.0,3160,234.29888916015625,,,,,,0.0003,0.12860018014907837,-4.018809032440186,-0.023326234717387706,5958.935147857666,0.16500000320374966,1312.062255859375,0.2,0.009868203,0.9243401885032654,780
,3160,,2992,79,151.83472635,3.39,1,,,,,,,,,,,
5.0,3200,177.7458426952362,,,,,,0.0003,0.04067295789718628,-4.016183924674988,-0.024727923413702224,14372.60174407959,0.22500000484287738,3088.920654296875,0.2,0.0220628,0.9238690733909607,790
,3200,,3014,80,150.35079812,3.46,1,,,,,,,,,,,
5.0,3240,260.5445976257324,,,,,,0.0003,0.06438678503036499,-4.0156403362751005,-0.01700654156731616,8117.256541442871,0.33250000793486834,3834.56591796875,0.2,0.021354556,0.9239082336425781,800
,3240,,3073,81,156.11703261,3.59,1,,,,,,,,,,,
2.0,3280,89.25538635253906,,,,,,0.0003,0.1099819540977478,-4.013604670763016,-0.020147724660055245,6314.819192504883,0.16000000331550837,6697.7158203125,0.2,0.0066323387,0.9221117496490479,810
,3280,,3090,82,161.15023706000002,3.64,1,,,,,,,,,,,
2.0,3320,-8.469570875167847,,,,,,0.0003,0.15343564748764038,-4.006257778406143,-0.004309578064639941,4703.043630981445,0.11750000268220902,2944.258056640625,0.2,0.009074708,0.9199125170707703,820
,3320,,3110,83,150.55529095000003,3.6,1,,,,,,,,,,,
5.0,3360,262.83044242858887,,,,,,0.0003,0.08659237623214722,-3.9991520643234253,-0.030110649954658585,6567.403240966797,0.39500000830739734,4471.8662109375,0.2,0.04191985,0.9176091551780701,830
,3360,,3133,84,140.84219116000003,3.52,1,,,,,,,,,,,
3.0,3400,129.2960319519043,,,,,,0.0003,0.01602071523666382,-3.9913830041885374,-0.011800649773640547,7146.876539611816,0.12500000186264515,2108.841796875,0.2,0.008784313,0.9159056544303894,840
,3400,,3156,85,141.38121396,3.51,1,,,,,,,,,,,
5.0,3440,335.9448051452637,,,,,,0.0003,0.08170819282531738,-3.9862186342477797,-0.003580397982459549,15601.803266906738,0.01750000026077032,12251.9130859375,0.2,0.006506141,0.9138178825378418,850
,3440,,3177,86,149.11090220999998,3.53,1,,,,,,,,,,,
3.0,3480,221.5353775024414,,,,,,0.0003,0.08097070455551147,-3.9818038910627367,-0.0009978009133192246,14580.563735961914,0.16750000342726706,7833.9736328125,0.2,0.01311921,0.9137780666351318,860
,3480,,3199,87,148.62756907000002,3.38,1,,,,,,,,,,,
5.0,3520,218.8133316040039,,,,,,0.0003,0.0018901824951171875,-3.9843833833932876,-0.027239156325231308,17281.678771972656,0.16000000275671483,16112.0224609375,0.2,0.016102478,0.9152041673660278,870
,3520,,3217,88,155.13092960000003,3.48,1,,,,,,,,,,,
5.0,3560,355.4612636566162,,,,,,0.0003,0.11577749252319336,-3.984318122267723,7.056150498101488e-05,7050.209585571289,0.2925000064074993,1888.779052734375,0.2,0.008780785,0.9136382341384888,880
,3560,,3238,89,159.18001577,3.53,1,,,,,,,,,,,
4.0,3600,105.44644737243652,,,,,,0.0003,0.0606616735458374,-3.980635777115822,-0.02049557953065233,18523.84344482422,0.17750000357627868,9290.673828125,0.2,0.015835462,0.9136338233947754,890
,3600,,3283,90,164.79531867000003,3.48,1,,,,,,,,,,,
5.0,3640,333.7891654968262,,,,,,0.0003,0.08618128299713135,-3.980222374200821,-0.0026637679249688516,11503.706219482421,0.05500000081956387,8162.923828125,0.2,0.0023867534,0.9122793078422546,900
,3640,,3305,91,169.06467188999994,3.5,1,,,,,,,,,,,
1.0,3680,-5.0,,,,,,0.0003,0.03324007987976074,-3.9734500110149384,-0.018073947442489934,9495.60369567871,0.10500000193715095,9796.634765625,0.2,0.013362388,0.9113849401473999,910
,3680,,3326,92,173.63394315000002,3.51,1,,,,,,,,,,,
5.0,3720,236.03862762451172,,,,,,0.0003,0.057251155376434326,-3.97079019844532,-0.0014175355914630926,13141.090167236329,0.0800000011920929,3495.06787109375,0.2,0.011869155,0.9098114371299744,920
,3720,,3350,93,169.31532065,3.5,1,,,,,,,,,,,
5.0,3760,248.94557189941406,,,,,,0.0003,0.07991844415664673,-3.9634167551994324,-0.03493554580199998,7004.067698669433,0.2500000046566129,3874.845703125,0.2,0.020892702,0.9068729281425476,930
,3760,,3374,94,163.73664692999998,3.49,1,,,,,,,,,,,
3.0,3800,40.10799026489258,,,,,,0.0003,0.09773808717727661,-3.9554158985614776,0.007643410520377069,11807.784101867675,0.042500000633299354,6907.9833984375,0.2,0.0035081715,0.9050765037536621,940
,3800,,3399,95,158.24011434,3.47,1,,,,,,,,,,,
3.0,3840,53.528663635253906,,,,,,0.0003,0.057798147201538086,-3.9527604460716246,-0.012101755151961702,8346.286637878418,0.10000000204890966,2868.77685546875,0.2,0.011241835,0.9057065844535828,950
,3840,,3423,96,145.73335022,3.36,1,,,,,,,,,,,
5.0,3880,316.01601219177246,,,,,,0.0003,-0.026323795318603516,-3.954814836382866,-0.019118914833670713,12410.30503540039,0.2700000056996942,8632.353515625,0.2,0.01418369,0.9056326150894165,960
,3880,,3462,97,145.28136794999998,3.37,1,,,,,,,,,,,
5.0,3920,214.4317626953125,,,,,,0.0003,0.18309873342514038,-3.9529280036687853,0.003866343373401837,5539.682995605469,0.26500000562518833,2392.97998046875,0.2,0.006736718,0.9051355719566345,970
,3920,,3484,98,143.51880724999998,3.38,1,,,,,,,,,,,
4.0,3960,33.31150645017624,,,,,,0.0003,0.23039919137954712,-3.945241633057594,-0.018512852369276512,5784.526642799377,0.2375000048428774,3317.83984375,0.2,0.049702976,0.9013686180114746,980
,3960,,3512,99,135.83487512000002,3.23,1,,,,,,,,,,,
4.0,4000,121.19249820709229,,,,,,0.0003,-0.10294067859649658,-3.935375264286995,0.01731769431207795,10170.542622375488,0.24500000458210708,7989.5947265625,0.2,0.010390893,0.8989599943161011,990
,4000,,3534,100,132.90025737,3.23,1,,,,,,,,,,,
1.0,4040,-5.0,,,,,,0.0003,0.08276194334030151,-3.934623211622238,0.034776868947665206,13346.289440917968,0.4500000089406967,4968.076171875,0.2,0.011185238,0.9003102779388428,1000
,4040,,3554,101,137.86935791,3.22,1,,,,,,,,,,,
5.0,4080,273.07653427124023,,,,,,0.0003,-0.04829668998718262,-3.9330574721097946,-0.024686268166915392,10810.599914550781,0.4250000100582838,3638.798095703125,0.2,0.04579257,0.8981906771659851,1010
,4080,,3602,102,129.43305162000001,3.17,1,,,,,,,,,,,
5.0,4120,70.59755945205688,,,,,,0.0003,0.12363898754119873,-3.924977186322212,-0.020283624294243054,5798.737327194214,0.220000003837049,4383.4912109375,0.2,0.012226923,0.896793782711029,1020
,4120,,3625,103,129.67467439,3.16,1,,,,,,,,,,,
2.0,4160,17.599313735961914,,,,,,0.0003,0.033013105392456055,-3.918649932742119,-0.016715221935883172,5970.020269393921,0.15250000283122062,2310.80322265625,0.2,0.04815094,0.8953031897544861,1030
,4160,,3649,104,139.07749220999997,3.31,1,,,,,,,,,,,
5.0,4200,210.721116065979,,,,,,0.0003,0.09144991636276245,-3.9203501850366593,-0.008915867946125223,11035.439421844483,0.2575000062584877,2457.40576171875,0.2,0.04142635,0.8966572284698486,1040
,4200,,3674,105,138.41947014,3.21,1,,,,,,,,,,,
5.0,4240,267.0947265625,,,,,,0.0003,0.04752814769744873,-3.9153756618499758,-0.01246635475883524,12969.995481872558,0.2725000062957406,6381.927734375,0.2,0.014992474,0.8930105566978455,1050
,4240,,3698,106,136.43833386999998,3.1,1,,,,,,,,,,,
5.0,4280,539.8968505859375,,,,,,0.0003,0.057527899742126465,-3.905514281988144,0.005938267237188488,12068.057617950439,0.13750000298023224,4218.49951171875,0.2,0.009907385,0.890967845916748,1060
,4280,,3722,107,144.57282122,3.12,1,,,,,,,,,,,
5.0,4320,483.5849075317383,,,,,,0.0003,0.012233614921569824,-3.9012723356485366,-0.013632159476255757,18161.653729248046,0.14250000268220903,2895.310302734375,0.2,0.013261363,0.8909618854522705,1070
,4320,,3748,108,134.37962619999996,3.04,1,,,,,,,,,,,
5.0,4360,351.16162872314453,,,,,,0.0003,0.05905711650848389,-3.9004524290561675,-0.030199120192301043,8272.474328613282,0.2675000062212348,3617.1083984375,0.2,0.015994832,0.8905625343322754,1080
,4360,,3770,109,132.04717311,3.03,1,,,,,,,,,,,
3.0,4400,-15.0,,,,,,0.0003,-0.03661704063415527,-3.8979816257953646,-0.021116062303353833,11818.72519378662,0.37250000778585673,7739.96142578125,0.2,0.040129557,0.8893049955368042,1090
,4400,,3808,110,132.19423149,3.04,1,,,,,,,,,,,
5.0,4440,115.5384521484375,,,,,,0.0003,0.11493468284606934,-3.8960414230823517,-0.011964670322486182,7380.309280395508,0.2700000055134296,3647.10888671875,0.2,0.0117527675,0.8895740509033203,1100
,4440,,3832,111,140.47142834,3.1,1,,,,,,,,,,,
5.0,4480,208.6204776763916,,,,,,0.0003,0.09470224380493164,-3.891726550459862,-0.013390883108077123,10944.28233795166,0.3950000092387199,5642.17431640625,0.2,0.022632733,0.8874158263206482,1110
,4480,,3852,112,137.07257117,3.13,1,,,,,,,,,,,
5.0,4520,239.07341766357422,,,,,,0.0003,0.1090962290763855,-3.8867447435855866,-0.008674585495100473,3561.612455749512,0.38750000931322576,2683.2275390625,0.2,0.035444137,0.8865534067153931,1120
,4520,,3872,113,135.38090356000004,3.21,1,,,,,,,,,,,
5.0,4560,-7.875045299530029,,,,,,0.0003,0.273389995098114,-3.877771931886673,-0.007177305850091198,4461.15698928833,0.28750000689178706,1447.2244873046875,0.2,0.014198393,0.8816156387329102,1130
,4560,,3889,114,138.56735195,3.32,1,,,,,,,,,,,
5.0,4600,264.48112964630127,,,,,,0.0003,0.13859128952026367,-3.8649847239255903,-0.011128224142303222,7154.181922149658,0.4625000098720193,2401.809326171875,0.2,0.032985814,0.8799046874046326,1140
,4600,,3910,115,144.22386855999997,3.41,1,,,,,,,,,,,
5.0,4640,348.5480422973633,,,,,,0.0003,0.1743047833442688,-3.8573316812515257,-0.027462271852637055,7208.219039916992,0.32750000786036254,2148.84130859375,0.2,0.018455323,0.8775035738945007,1150
,4640,,3934,116,144.58252942,3.46,1,,,,,,,,,,,
5.0,4680,284.6030697822571,,,,,,0.0003,0.13594186305999756,-3.8447759687900542,-0.013127877002989407,11779.416849517822,0.16250000298023223,5888.361328125,0.2,0.024711814,0.8735308051109314,1160
,4680,,3980,117,149.87685110999996,3.55,1,,,,,,,,,,,
4.0,4720,176.68210983276367,,,,,,0.0003,0.03361397981643677,-3.8315958440303803,-0.033526234457385715,10796.170150756836,0.25500000491738317,8912.486328125,0.2,0.015408479,0.8695947527885437,1170
,4720,,4004,118,154.35204561,3.61,1,,,,,,,,,,,
5.0,4760,213.85474967956543,,,,,,0.0003,0.2616223692893982,-3.819176399707794,-0.0010860335470351812,4692.814351654053,0.15250000339001418,2073.704833984375,0.2,0.030520037,0.8669947981834412,1180
,4760,,4025,119,152.23845911,3.68,1,,,,,,,,,,,
5.0,4800,223.93622207641602,,,,,,0.0003,0.09033548831939697,-3.8068674951791763,-0.03166995291310739,4392.718133926392,0.38000000938773154,1990.5272216796875,0.2,0.019046873,0.862607479095459,1190
,4800,,4044,120,153.77355411999997,3.68,1,,,,,,,,,,,
2.0,4840,45.565345764160156,,,,,,0.0003,0.05006498098373413,-3.7952768355607986,-0.007264774579634814,7676.480224609375,0.21000000443309547,5175.21435546875,0.2,0.008163005,0.8604674339294434,1200
,4840,,4066,121,150.82057457999997,3.67,1,,,,,,,,,,,
5.0,4880,266.03157806396484,,,,,,0.0003,0.1910199522972107,-3.789442038536072,-0.02139616790722356,5489.798555755615,0.2425000049173832,976.215087890625,0.2,0.0342465,0.8601843118667603,1210
,4880,,4088,122,147.37500065,3.57,1,,,,,,,,,,,
5.0,4920,120.48355293273926,,,,,,0.0003,0.102561354637146,-3.7889227747917174,-0.030739942334184887,8775.172736930846,0.38000000901520253,3636.054443359375,0.2,0.030315245,0.8601672053337097,1220
,4920,,4106,123,157.25359654000002,3.58,1,,,,,,,,,,,
4.0,4960,189.68004989624023,,,,,,0.0003,0.23955267667770386,-3.7875945389270784,-0.02042107683264476,14900.291905212402,0.23250000532716514,2991.399169921875,0.2,0.033051126,0.8594033122062683,1230
,4960,,4126,124,169.60027350000001,3.69,1,,,,,,,,,,,
5.0,5000,423.93895721435547,,,,,,0.0003,0.17375755310058594,-3.78434117436409,-0.002273931169256693,15954.234812927247,0.057500001043081284,2373.985107421875,0.2,0.0012536957,0.8589053153991699,1240
,5000,,4149,125,166.12585179,3.65,1,,,,,,,,,,,
5.0,5040,228.86833572387695,,,,,,0.0003,0.10471737384796143,-3.780757763981819,-0.01119734719639382,13822.045126342773,0.27500000651925804,14499.5078125,0.2,0.019123062,0.8582663536071777,1250
,5040,,4168,126,178.22777469000005,3.73,1,,,,,,,,,,,
4.0,5080,145.94348907470703,,,,,,0.0003,0.25531190633773804,-3.7746112048625946,0.0055325265627470975,7918.735357666015,0.41750000715255736,5141.9423828125,0.2,0.08327767,0.8542665243148804,1260
,5080,,4191,127,186.62377778,3.73,1,,,,,,,,,,,
5.0,5120,193.42742109298706,,,,,,0.0003,0.25151878595352173,-3.7643351316452027,-0.03592176672245841,10145.028025817872,0.34000000823289156,1023.7129516601562,0.2,0.031526074,0.8532881140708923,1270
,5120,,4212,128,200.84563874,3.85,1,,,,,,,,,,,
5.0,5160,282.8985843658447,,,,,,0.0003,0.2725676894187927,-3.760259875655174,-0.024090363351569978,8827.068116760254,0.2325000051409006,296.1295166015625,0.2,0.019468063,0.8516721129417419,1280
,5160,,4232,129,203.73822621,3.78,1,,,,,,,,,,,
5.0,5200,358.9859733581543,,,,,,0.0003,-0.015526056289672852,-3.7584567099809645,0.0023415696731535762,16233.073916625977,0.1325000025331974,7233.38232421875,0.2,0.013244081,0.8519201278686523,1290
,5200,,4260,130,200.26713486999998,3.67,1,,,,,,,,,,,
5.0,5240,448.12083435058594,,,,,,0.0003,0.1223495602607727,-3.7530625373125077,-0.00901046589322505,9484.56138305664,0.22500000484287738,3155.07421875,0.2,0.0153508065,0.8491975665092468,1300
,5240,,4279,131,217.00727820999998,3.77,1,,,,,,,,,,,
5.0,5280,410.1984558105469,,,,,,0.0003,0.03444880247116089,-3.7434553056955338,-0.004010097698774184,23460.164920043946,0.26250000558793546,10037.533203125,0.2,0.04216704,0.8462451696395874,1310
,5280,,4301,132,206.96739326000002,3.7,1,,,,,,,,,,,
5.0,5320,209.80302000045776,,,,,,0.0003,0.24009829759597778,-3.734232720732689,-0.029215058590925762,6943.36199092865,0.5525000130757689,1270.22802734375,0.2,0.041429713,0.8466383218765259,1320
,5320,,4321,133,193.64729393000005,3.56,1,,,,,,,,,,,
5.0,5360,156.11971378326416,,,,,,0.0003,0.1138191819190979,-3.73347584605217,-0.01623995994563302,12991.17732849121,0.28500000592321156,7606.16455078125,0.2,0.0144382045,0.8446166515350342,1330
,5360,,4343,134,203.77298118000002,3.69,1,,,,,,,,,,,
2.0,5400,76.36548614501953,,,,,,0.0003,0.19131916761398315,-3.7288554280996324,-0.026429709504009226,17263.976126861573,0.26250000558793546,21428.65625,0.2,0.027977126,0.8447765111923218,1340
,5400,,4376,135,195.58616769000002,3.62,1,,,,,,,,,,,
5.0,5440,161.3907060623169,,,,,,0.0003,0.22723883390426636,-3.7301179647445677,-0.012337717533373472,5970.009613037109,0.2300000052899122,2173.9775390625,0.2,0.027609251,0.8454090356826782,1350
,5440,,4398,136,187.11409064999995,3.53,1,,,,,,,,,,,
4.0,5480,172.4861183166504,,,,,,0.0003,-0.05151939392089844,-3.728669637441635,-0.0481726950686425,13523.984350585937,0.467500008828938,3656.554443359375,0.2,0.034659103,0.8444134593009949,1360
,5480,,4422,137,185.66778523000002,3.47,1,,,,,,,,,,,
3.0,5520,161.30055236816406,,,,,,0.0003,0.04913371801376343,-3.7264281272888184,-0.015220428885186266,13492.334906005859,0.26000000480562446,2287.193359375,0.2,0.023223152,0.8443377017974854,1370
,5520,,4441,138,193.168343,3.61,1,,,,,,,,,,,
2.0,5560,95.69065856933594,,,,,,0.0003,0.1613175868988037,-3.7281004935503006,-0.01675669895177634,15635.6755569458,0.3575000068172812,10500.599609375,0.2,0.020364676,0.844822108745575,1380
,5560,,4461,139,195.02588826,3.6,1,,,,,,,,,,,
5.0,5600,336.2060966491699,,,,,,0.0003,0.10263603925704956,-3.7335916578769686,-0.001787305319594451,11225.257501220703,0.4950000109151006,3140.48095703125,0.2,0.17713496,0.8490012884140015,1390
,5600,,4483,140,185.33254251999998,3.53,1,,,,,,,,,,,
5.0,5640,335.71283626556396,,,,,,0.0003,0.07067519426345825,-3.736020714044571,0.01828285693685757,10978.51791381836,0.3175000077113509,4244.46923828125,0.2,0.013432184,0.8463207483291626,1400
,5640,,4504,141,192.01053670999997,3.54,1,,,,,,,,,,,
5.0,5680,368.902156829834,,,,,,0.0003,0.14149010181427002,-3.731043979525566,-0.0207603544696758,11876.823956298827,0.17000000327825546,2424.08349609375,0.2,0.01429022,0.8460086584091187,1410
,5680,,4524,142,201.52753449999997,3.64,1,,,,,,,,,,,
5.0,5720,313.27796363830566,,,,,,0.0003,0.1146155595779419,-3.7313844501972198,-0.025133399237165576,12182.345846557617,0.23750000428408385,10060.73046875,0.2,0.02685121,0.8466109037399292,1420
,5720,,4549,143,200.70548767,3.59,1,,,,,,,,,,,
5.0,5760,346.28731536865234,,,,,,0.0003,0.16421622037887573,-3.7296658992767333,-0.0064172923946898665,12894.573197937012,0.25750000569969417,6363.04736328125,0.2,0.013911616,0.8460134863853455,1430
,5760,,4569,144,201.07765923000002,3.57,1,,,,,,,,,,,
2.0,5800,38.47911834716797,,,,,,0.0003,-0.00010800361633300781,-3.727251821756363,-0.011186778684332243,11081.662147521973,0.22250000443309545,3753.36669921875,0.2,0.017229619,0.8449859619140625,1440
,5800,,4589,145,209.32426849000007,3.65,1,,,,,,,,,,,
5.0,5840,561.6869964599609,,,,,,0.0003,0.09133404493331909,-3.7255473285913467,-0.010713504386367279,19240.026989746093,0.16250000316649676,21349.9140625,0.2,0.011445778,0.8456563949584961,1450
,5840,,4612,146,207.24117446999998,3.62,1,,,,,,,,,,,
5.0,5880,356.5289192199707,,,,,,0.0003,-0.07125437259674072,-3.728808245062828,-0.003694228155946,19741.622302246094,0.18000000361353158,6234.56005859375,0.2,0.019026984,0.846533477306366,1460
,5880,,4634,147,208.1113328,3.58,1,,,,,,,,,,,
2.0,5920,12.591655731201172,,,,,,0.0003,0.1041949987411499,-3.7276033192873,-0.009959975008969191,10825.331903076172,0.39000000692903997,7451.22216796875,0.2,0.020409398,0.8458666801452637,1470
,5920,,4655,148,209.98864033,3.6,1,,,,,,,,,,,
4.0,5960,221.0761833190918,,,,,,0.0003,0.2727473974227905,-3.7248933762311935,-0.03182563470851165,9212.41500930786,0.3900000100955367,4514.150390625,0.2,0.0426964,0.8454153537750244,1480
,5960,,4674,149,220.92845694000005,3.7,1,,,,,,,,,,,
3.0,6000,175.2403564453125,,,,,,0.0003,0.13822591304779053,-3.72426415681839,-0.025488354914705268,12326.747433471679,0.5425000119954347,10214.3125,0.2,0.07732126,0.8451533317565918,1490
,6000,,4693,150,223.38618954999998,3.73,1,,,,,,,,,,,
5.0,6040,379.7921333312988,,,,,,0.0003,0.2091795802116394,-3.7218396961688995,-0.058046571382765325,13223.938293457031,0.45000001005828383,3025.040771484375,0.2,0.036137708,0.8447889685630798,1500
,6040,,4721,151,223.95997764,3.67,1,,,,,,,,,,,
5.0,6080,394.3403911590576,,,,,,0.0003,0.1445489525794983,-3.7178076565265656,0.00864180728149222,11531.663836669923,0.16250000316649676,4428.06298828125,0.2,0.02126206,0.8426673412322998,1510
,6080,,4745,152,209.52665926999998,3.57,1,,,,,,,,,,,
5.0,6120,322.02381134033203,,,,,,0.0003,0.07296687364578247,-3.7109003901481628,-0.009778498169616779,11209.179376220703,0.45250001065433026,4057.292236328125,0.2,0.06464385,0.8421180248260498,1520
,6120,,4763,153,218.86121385999996,3.64,1,,,,,,,,,,,
4.0,6160,256.17425537109375,,,,,,0.0003,0.10440975427627563,-3.706108790636063,-0.023221890452259687,23149.63433685303,0.327500007301569,3937.906982421875,0.2,0.025403313,0.8401894569396973,1530
,6160,,4788,154,207.91153062000004,3.59,1,,,,,,,,,,,
5.0,6200,220.84347343444824,,,,,,0.0003,0.11156225204467773,-3.7032934367656707,-0.04163702982550603,10734.453129577636,0.3550000086426735,5818.15234375,0.2,0.022727018,0.8416687250137329,1540
,6200,,4810,155,219.20767434,3.72,1,,,,,,,,,,,
2.0,6240,49.04302978515625,,,,,,0.0003,0.4574963450431824,-3.713239294290543,-0.03389392732846318,4261.257810211182,0.5000000096857548,1723.90771484375,0.2,0.04146659,0.8448986411094666,1550
,6240,,4835,156,204.08911811000002,3.59,1,,,,,,,,,,,
5.0,6280,726.1748352050781,,,,,,0.0003,0.0471535325050354,-3.7220970004796983,-0.010958173575636465,8561.053396606445,0.11250000223517417,1880.10888671875,0.2,0.009035115,0.8468090295791626,1560
,6280,,4856,157,203.19852763999998,3.6,1,,,,,,,,,,,
5.0,6320,574.6051254272461,,,,,,0.0003,0.0856771469116211,-3.723262158036232,-0.021120806765211452,10560.02470703125,0.3350000087171793,3090.785400390625,0.2,0.027954064,0.8453449010848999,1570
,6320,,4880,158,193.04038948000002,3.51,1,,,,,,,,,,,
5.0,6360,367.4872055053711,,,,,,0.0003,-0.025656938552856445,-3.71987025141716,-0.01217208089445192,14665.551823425292,0.3125000070780516,1473.4383544921875,0.2,0.07137768,0.8449241518974304,1580
,6360,,4898,159,190.22419528000003,3.56,1,,,,,,,,,,,
5.0,6400,235.1676197052002,,,,,,0.0003,0.07184791564941406,-3.718015652894974,-0.007505641446987288,9908.306155395509,0.46500001214444636,3241.845947265625,0.2,0.036012806,0.84478759765625,1590
,6400,,4917,160,189.84399287000005,3.6,1,,,,,,,,,,,
4.0,6440,121.36780834197998,,,,,,0.0003,0.031162261962890625,-3.7198077917098997,-0.004158582001400646,11402.99811553955,0.5450000112876296,7299.41650390625,0.2,0.022429738,0.8455516695976257,1600
,6440,,4935,161,196.97280263000005,3.72,1,,,,,,,,,,,
5.0,6480,201.1080837249756,,,,,,0.0003,0.2878561019897461,-3.7144674509763718,0.08950799425540026,6309.127285003662,0.577500008419156,3636.67041015625,0.2,0.025846748,0.842674732208252,1610
,6480,,4979,162,174.83950349999998,3.52,1,,,,,,,,,,,
2.0,6520,52.627315521240234,,,,,,0.0003,0.09924507141113281,-3.70461345911026,-0.006996931563116959,9422.299598693848,0.07500000111758709,5988.94970703125,0.2,0.004623184,0.8403486609458923,1620
,6520,,4998,163,178.96141512999998,3.52,1,,,,,,,,,,,
5.0,6560,336.761043548584,,,,,,0.0003,0.025261223316192627,-3.6974053412675856,-0.024464920910759247,19695.86544189453,0.26750000566244125,5332.16064453125,0.2,0.038496874,0.8414014577865601,1630
,6560,,5022,164,180.17712368000005,3.52,1,,,,,,,,,,,
5.0,6600,370.63797760009766,,,,,,0.0003,0.2026069164276123,-3.7005926430225373,0.0026049977336515483,13581.010639953613,0.16250000353902577,10103.4033203125,0.2,0.022263432,0.8420660495758057,1640
,6600,,5068,165,186.40544215999998,3.58,1,,,,,,,,,,,
5.0,6640,369.1797752380371,,,,,,0.0003,0.11748999357223511,-3.7018036037683486,-0.02632280783566785,12068.467741394043,0.25500000584870575,11160.47265625,0.2,0.012412963,0.8420319557189941,1650
,6640,,5085,166,194.00386849999998,3.68,1,,,,,,,,,,,
5.0,6680,279.6073875427246,,,,,,0.0003,0.2715173363685608,-3.7038648307323454,-0.03144215266395802,8862.81153564453,0.4350000098347664,2435.371826171875,0.2,0.0130194705,0.8432936072349548,1660
,6680,,5124,167,195.38697412,3.72,1,,,,,,,,,,,
5.0,6720,351.35620498657227,,,,,,0.0003,0.10266709327697754,-3.70460222363472,0.05091029166880616,11593.734358406067,0.4400000056251884,3184.002197265625,0.2,0.16185175,0.8428050875663757,1670
,6720,,5148,168,197.2489302,3.69,1,,,,,,,,,,,
5.0,6760,537.4204788208008,,,,,,0.0003,0.12015962600708008,-3.705563399195671,0.000662713308702223,12801.257379150391,0.28500000555068256,9096.427734375,0.2,0.030508034,0.842230498790741,1680
,6760,,5171,169,207.87320472,3.66,1,,,,,,,,,,,
5.0,6800,379.2508888244629,,,,,,0.0003,0.07870769500732422,-3.7007146775722504,0.001406943713955111,24603.601501464844,0.05500000081956387,4259.130859375,0.2,0.007348771,0.8414889574050903,1690
,6800,,5192,170,204.46483025999996,3.61,1,,,,,,,,,,,
5.0,6840,340.67481994628906,,,,,,0.0003,0.022507131099700928,-3.6954798579216,-0.009093684815161396,12451.823330688476,0.3400000074878335,3795.62841796875,0.2,0.026153864,0.8404375314712524,1700
,6840,,5215,171,220.75535218999997,3.7,1,,,,,,,,,,,
5.0,6880,353.1324043273926,,,,,,0.0003,0.09968000650405884,-3.692410182952881,-0.015620166099688504,15078.549209594727,0.35750000830739737,3334.322021484375,0.2,0.012235314,0.8403319716453552,1710
,6880,,5237,172,221.17326297,3.68,1,,,,,,,,,,,
5.0,6920,393.9755172729492,,,,,,0.0003,-0.02907419204711914,-3.689112347364426,-0.005239397128170819,12862.247024536133,0.2425000049173832,11226.8388671875,0.2,0.01700376,0.8383399844169617,1720
,6920,,5268,173,218.28760354,3.67,1,,,,,,,,,,,
5.0,6960,283.83674240112305,,,,,,0.0003,0.09703958034515381,-3.676986074447632,0.02153380077043039,11933.515901184082,0.33250000681728126,4242.74169921875,0.2,0.003924678,0.8362423181533813,1730
,6960,,5292,174,214.30727505000002,3.59,1,,,,,,,,,,,
5.0,7000,398.4461860656738,,,,,,0.0003,-0.05189156532287598,-3.674007734656334,-0.009192982856329746,21913.633631896973,0.12750000264495612,13733.140625,0.2,0.012676342,0.8367617130279541,1740
,7000,,5310,175,213.44724132,3.52,1,,,,,,,,,,,
5.0,7040,253.11524868011475,,,,,,0.0003,0.0641440749168396,-3.673722204566002,0.0051203992328373695,17243.240922546385,0.5125000100582838,4169.4912109375,0.2,0.022263557,0.8356034755706787,1750
,7040,,5331,176,215.16621737000003,3.56,1,,,,,,,,,,,
5.0,7080,13.36539340019226,,,,,,0.0003,0.08935177326202393,-3.6655377715826036,0.050190679321531206,9451.414115905762,0.46500000897794963,7764.82421875,0.2,0.15140525,0.8307021856307983,1760
,7080,,5349,177,210.33694121,3.64,1,,,,,,,,,,,
5.0,7120,50.09658718109131,,,,,,0.0003,0.11304765939712524,-3.6540623515844346,-0.022124005706573337,5669.704934692383,0.2700000062584877,1038.9837646484375,0.2,0.010200335,0.8306288123130798,1770
,7120,,5368,178,186.12166831,3.56,1,,,,,,,,,,,
5.0,7160,275.7322521209717,,,,,,0.0003,-0.1442427635192871,-3.6498149663209913,-0.005639724397915424,6187.929830932617,0.1675000037997961,443.8846740722656,0.2,0.015670102,0.8275050520896912,1780
,7160,,5429,179,191.20275153999998,3.61,1,,,,,,,,,,,
5.0,7200,391.03821563720703,,,,,,0.0003,0.15767139196395874,-3.6400831162929537,-0.06029607645796205,16967.91548614502,0.41000000908970835,1879.2493896484375,0.2,0.035718627,0.8255378007888794,1790
,7200,,5452,180,191.79106554,3.65,1,,,,,,,,,,,
5.0,7240,287.9939022064209,,,,,,0.0003,0.11419415473937988,-3.6356162667274474,-0.03503069581398449,15980.410116577148,0.26750000603497026,4446.3818359375,0.2,0.022048334,0.8254517316818237,1800
,7240,,5473,181,189.48685022,3.65,1,,,,,,,,,,,
4.0,7280,156.30772399902344,,,,,,0.0003,0.10989916324615479,-3.6351409435272215,-0.00732846623432124,12272.995935058594,0.2025000037625432,6390.92138671875,0.2,0.008256239,0.8250507712364197,1810
,7280,,5494,182,183.94890425999998,3.57,1,,,,,,,,,,,
4.0,7320,207.10399627685547,,,,,,0.0003,0.18568134307861328,-3.6320978343486785,-0.014237270892554088,8465.747468566895,0.04500000067055225,4220.78466796875,0.2,0.005169189,0.8240105509757996,1820
,7320,,5511,183,191.36566312,3.65,1,,,,,,,,,,,
5.0,7360,439.50209045410156,,,,,,0.0003,0.26796698570251465,-3.631688120961189,0.07309749439591542,12451.041497802735,0.4525000099092722,5839.63232421875,0.2,0.09465555,0.8235594630241394,1830
,7360,,5533,184,191.56809571999995,3.72,1,,,,,,,,,,,
5.0,7400,369.38440322875977,,,,,,0.0003,0.11525136232376099,-3.627855730056763,-0.03524243469466455,13742.619384765625,0.3850000089034438,5351.986328125,0.2,0.043780774,0.8232547044754028,1840
,7400,,5557,185,184.49601299999998,3.68,1,,,,,,,,,,,
5.0,7440,303.6748561859131,,,,,,0.0003,-0.0007461309432983398,-3.6237892478704454,-0.01607861862394202,9954.47907371521,0.26500000562518833,3060.4228515625,0.2,0.015940439,0.8210095167160034,1850
,7440,,5576,186,197.63011738999998,3.73,1,,,,,,,,,,,
5.0,7480,466.3024024963379,,,,,,0.0003,0.1772756576538086,-3.6163388580083846,-0.005163560777436937,12004.858142089844,0.21000000461935997,6784.5751953125,0.2,0.03613358,0.8196675777435303,1860
,7480,,5600,187,209.49186081,3.75,1,,,,,,,,,,,
5.0,7520,342.22807693481445,,,,,,0.0003,0.09452617168426514,-3.6138879537582396,-0.02118410167866387,14151.115631103516,0.3550000086426735,9412.5830078125,0.2,0.03298994,0.8202505111694336,1870
,7520,,5620,188,221.53179986000004,3.8,1,,,,,,,,,,,
2.0,7560,50.23919677734375,,,,,,0.0003,0.17812669277191162,-3.6116812855005263,-0.0347466199777773,11207.553321838379,0.35500000771135093,5131.22509765625,0.2,0.024817042,0.8181679248809814,1880
,7560,,5641,189,224.35915702999998,3.78,1,,,,,,,,,,,
1.0,7600,-5.0,,,,,,0.0003,0.17229437828063965,-3.612047943472862,-0.0023501860267060694,9984.108616638183,0.2400000046938658,7541.96044921875,0.2,0.0034289556,0.8215632438659668,1890
,7600,,5662,190,219.58460478,3.79,1,,,,,,,,,,,
3.0,7640,92.80045700073242,,,,,,0.0003,0.08999979496002197,-3.6138053715229033,-0.020805949738169138,14165.59511642456,0.31000000722706317,16592.251953125,0.2,0.025976982,0.8194839358329773,1900
,7640,,5682,191,219.13261369999998,3.78,1,,,,,,,,,,,
5.0,7680,329.9204864501953,,,,,,0.0003,0.15968036651611328,-3.610658976435661,0.007449103086037212,10656.25134048462,0.2825000058859587,2857.16455078125,0.2,0.03407754,0.8202036619186401,1910
,7680,,5705,192,228.73864674,3.87,1,,,,,,,,,,,
5.0,7720,428.45239639282227,,,,,,0.0003,0.19296473264694214,-3.6137217074632644,0.006132003872698988,17618.323194885255,0.2750000057742,6488.54345703125,0.2,0.013663544,0.8203949928283691,1920
,7720,,5727,193,222.51856095999995,3.81,1,,,,,,,,,,,
3.0,7760,110.01826477050781,,,,,,0.0003,0.22246354818344116,-3.61841559112072,-0.03835991426836699,12846.84089202881,0.3975000098347664,4706.8515625,0.2,0.019948013,0.8228804469108582,1930
,7760,,5749,194,234.12804225000002,3.92,1,,,,,,,,,,,
3.0,7800,200.8708038330078,,,,,,0.0003,0.07802307605743408,-3.620646524429321,-0.003986727244343913,9180.905508422851,0.4200000097975135,2918.771728515625,0.2,0.02757882,0.8220083117485046,1940
,7800,,5769,195,229.34165252,3.83,1,,,,,,,,,,,
2.0,7840,55.92974090576172,,,,,,0.0003,0.21707028150558472,-3.613231310248375,-0.006987279420281989,12101.165255737305,0.1400000026449561,4064.63818359375,0.2,0.015345846,0.8203549385070801,1950
,7840,,5788,196,235.10085895,3.88,1,,,,,,,,,,,
1.0,7880,-5.0,,,,,,0.0003,0.08265769481658936,-3.6069378674030306,-0.011212448620863147,13583.005694580079,0.2725000061094761,8083.6376953125,0.2,0.010121359,0.8198364973068237,1960
,7880,,5805,197,230.92562752,3.82,1,,,,,,,,,,,
5.0,7920,319.64745330810547,,,,,,0.0003,0.08615720272064209,-3.6090040296316146,-0.02636288115521892,15170.85036315918,0.2500000050291419,6711.1689453125,0.2,0.026046295,0.8216251730918884,1970
,7920,,5861,198,231.38784565999998,3.8,1,,,,,,,,,,,
2.0,7960,116.64461517333984,,,,,,0.0003,0.20235133171081543,-3.616183179616928,-0.020103637007414365,16233.051483154297,0.12250000219792127,5001.7841796875,0.2,0.011957712,0.8231228590011597,1980
,7960,,5890,199,221.14982994000002,3.64,1,,,,,,,,,,,
5.0,8000,311.32374382019043,,,,,,0.0003,-0.013368844985961914,-3.6183429270982743,-0.02378725844435394,19721.07366027832,0.24750000536441802,11090.7255859375,0.2,0.03533125,0.8231663703918457,1990
,8000,,5917,200,226.43111666000004,3.62,1,,,,,,,,,,,
