eval/mean_ep_length,eval/mean_reward,time/total_timesteps,rollout/ep_len_mean,time/iterations,rollout/ep_rew_mean,time/fps,time/time_elapsed,train/n_updates,train/explained_variance,train/entropy_loss,train/clip_fraction,train/learning_rate,train/policy_gradient_loss,train/value_loss,train/approx_kl,train/loss,train/clip_range,train/std
5.0,176.8691864013672,40,,,,,,,,,,,,,,,,
,,40,2.7142857142857144,1,45.96459228571428,0,62,,,,,,,,,,,
5.0,141.65363311767578,80,,,,,,1,-0.005897164344787598,-4.203617095947266,0.07500000111758709,0.0003,-0.003917279927918571,3235.9372634887695,0.0049375254,341.29461669921875,0.2,0.9826926589012146
,,80,3.08,2,83.95198244000001,0,81,,,,,,,,,,,
5.0,243.2806396484375,120,,,,,,2,0.00412595272064209,-4.204052925109863,0.0,0.0003,0.004725844878703533,16376.331115722656,0.001791419,9471.345703125,0.2,0.9828746318817139
,,120,2.8780487804878048,3,77.41043439024389,1,104,,,,,,,,,,,
5.0,296.48231506347656,160,,,,,,3,-0.005994439125061035,-4.204997181892395,0.05000000074505806,0.0003,-0.0013656853639987254,8154.039138793945,0.0035477488,5540.73291015625,0.2,0.9833657145500183
,,160,2.9074074074074074,4,80.48234766666667,1,122,,,,,,,,,,,
2.0,20.78643226623535,200,,,,,,4,0.01832503080368042,-4.20583838224411,0.0,0.0003,-0.01282024242827895,8915.656646728516,0.00076655595,6047.681640625,0.2,0.9833164215087891
,,200,2.857142857142857,5,81.28742954285714,1,186,,,,,,,,,,,
3.0,89.49615669250488,240,,,,,,5,-0.00999760627746582,-4.205372989177704,0.0,0.0003,-0.005648320005275487,12830.751220703125,0.0007090837,6076.6611328125,0.2,0.983197808265686
,,240,2.8333333333333335,6,81.80926442857142,0,245,,,,,,,,,,,
3.0,8.869552373886108,280,,,,,,6,0.006634771823883057,-4.205445885658264,0.0,0.0003,-0.0012809782347176224,14605.97427368164,0.0008425727,3847.545166015625,0.2,0.9833102226257324
,,280,2.8469387755102042,7,82.44815676530611,1,265,,,,,,,,,,,
5.0,406.9063529968262,320,,,,,,7,0.006461679935455322,-4.2044976353645325,0.02500000037252903,0.0003,-0.003148417733609632,4813.43635559082,0.0029948368,2696.083251953125,0.2,0.9825540781021118
,,320,2.92,8,90.31818887,1,283,,,,,,,,,,,
2.0,22.41062355041504,360,,,,,,8,-0.007379412651062012,-4.202684998512268,0.0,0.0003,0.00262891383026731,11497.791625976562,0.0004609421,5003.6708984375,0.2,0.9822055697441101
,,360,2.82,9,87.44605093999999,0,360,,,,,,,,,,,
1.0,-5.0,400,,,,,,9,0.0027507543563842773,-4.201923251152039,0.0,0.0003,0.0027102752326755297,17315.8154296875,0.00018868447,4126.1484375,0.2,0.9820303916931152
,,400,2.77,10,85.17703688,1,376,,,,,,,,,,,
4.0,144.5911521911621,440,,,,,,10,-0.014567136764526367,-4.201625823974609,0.02500000037252903,0.0003,-0.015615996684209654,7910.285484313965,0.001129985,5847.447265625,0.2,0.982132077217102
,,440,2.81,11,88.54919018000001,1,396,,,,,,,,,,,
2.0,73.02069091796875,480,,,,,,11,-0.008664727210998535,-4.20205545425415,0.10000000149011612,0.0003,-0.011870449176058173,10260.773551940918,0.0054782853,505.78314208984375,0.2,0.9822098612785339
,,480,2.8,12,86.13636191000002,1,439,,,,,,,,,,,
5.0,404.8377456665039,520,,,,,,12,-0.001746535301208496,-4.201977074146271,0.02500000037252903,0.0003,0.002456723840441377,8078.172443389893,0.0028457255,225.31875610351562,0.2,0.9821657538414001
,,520,2.84,13,88.7702946,0,525,,,,,,,,,,,
5.0,255.25641250610352,560,,,,,,13,-0.011832237243652344,-4.202261388301849,0.0,0.0003,-0.00572504000738272,15616.476684570312,0.00041967927,4165.56884765625,0.2,0.9823641180992126
,,560,2.85,14,91.83218002999998,1,542,,,,,,,,,,,
4.0,107.19485092163086,600,,,,,,14,-0.0073424577713012695,-4.202555894851685,0.0,0.0003,-0.0020115596009417924,14359.063232421875,0.00015043169,7234.62548828125,0.2,0.9823613166809082
,,600,2.92,15,95.44053636000001,1,561,,,,,,,,,,,
5.0,269.5977735519409,640,,,,,,15,0.006944477558135986,-4.202471911907196,0.0,0.0003,-0.005867900795419656,11627.727310180664,0.0004261017,6903.68359375,0.2,0.9823386669158936
,,640,2.83,16,89.2201653,1,625,,,,,,,,,,,
5.0,206.4106101989746,680,,,,,,16,0.021710872650146484,-4.202211141586304,0.05000000074505806,0.0003,-0.02350196162005891,10279.895721435547,0.004290691,8807.5634765625,0.2,0.9821714758872986
,,680,2.82,17,88.71119115000002,1,645,,,,,,,,,,,
5.0,18.7038311958313,720,,,,,,17,-0.010997295379638672,-4.201443254947662,0.05000000074505806,0.0003,0.005172701389528633,6673.868705749512,0.0030918822,5858.20458984375,0.2,0.9817848205566406
,,720,2.79,18,85.13850674000001,1,669,,,,,,,,,,,
1.0,-5.0,760,,,,,,18,-0.004755854606628418,-4.200188457965851,0.0,0.0003,0.0039488896072725765,9541.180938720703,0.0016404629,10699.037109375,0.2,0.981498122215271
,,760,2.82,19,88.80961625,1,691,,,,,,,,,,,
4.0,85.08499145507812,800,,,,,,19,-0.014685750007629395,-4.199294030666351,0.0,0.0003,-0.0006268755358176392,16737.791229248047,0.0008426085,19966.8359375,0.2,0.9810988306999207
,,800,2.7,20,82.36155815000001,1,775,,,,,,,,,,,
4.0,85.55378460884094,840,,,,,,20,0.016937553882598877,-4.197866380214691,0.0,0.0003,0.011094662027608115,8230.274276733398,0.00032691658,5347.50732421875,0.2,0.9806422591209412
,,840,2.65,21,77.67037438999999,0,884,,,,,,,,,,,
2.0,13.265520095825195,880,,,,,,21,-0.005045890808105469,-4.1965848207473755,0.0,0.0003,-0.0038011625088985035,8399.29946899414,0.0003518298,3961.391845703125,0.2,0.9803580641746521
,,880,2.51,22,66.53668306,0,905,,,,,,,,,,,
5.0,364.0280456542969,920,,,,,,22,0.0044269561767578125,-4.196258306503296,0.15000000223517418,0.0003,-0.0012071006291080044,2394.6032333374023,0.006227027,405.03021240234375,0.2,0.9804679751396179
,,920,2.57,23,72.95911292000001,0,1017,,,,,,,,,,,
2.0,-5.906303226947784,960,,,,,,23,-0.005003571510314941,-4.196707010269165,0.0,0.0003,-0.0027011559781385808,12320.276672363281,0.0002965212,836.1597900390625,0.2,0.9805654883384705
,,960,2.52,24,71.00016452999999,0,1190,,,,,,,,,,,
2.0,33.775325775146484,1000,,,,,,24,-0.02668774127960205,-4.196753740310669,0.0,0.0003,-0.006769071819144323,7070.744903564453,0.0013667911,637.8626098632812,0.2,0.9805278182029724
,,1000,2.61,25,82.19962428000001,0,1207,,,,,,,,,,,
4.0,138.81976699829102,1040,,,,,,25,-0.011577606201171875,-4.196540534496307,0.05000000074505806,0.0003,-0.0029552935156971216,13352.611419677734,0.005698422,8255.515625,0.2,0.9804341793060303
,,1040,2.59,26,76.45449354000002,0,1227,,,,,,,,,,,
4.0,203.34841918945312,1080,,,,,,26,-0.03242313861846924,-4.196263372898102,0.0,0.0003,-0.0011408170976210386,3554.873779296875,0.0007081121,2560.22265625,0.2,0.9803468585014343
,,1080,2.53,27,75.16763467,0,1246,,,,,,,,,,,
5.0,303.33048248291016,1120,,,,,,27,0.010202527046203613,-4.19598263502121,0.0,0.0003,-0.010920854390133128,10824.586303710938,0.0016346022,9527.7109375,0.2,0.9802817702293396
,,1120,2.63,28,83.73467226000001,0,1264,,,,,,,,,,,
5.0,342.57840728759766,1160,,,,,,28,0.01709383726119995,-4.195568561553955,0.0,0.0003,0.004349155112868153,11848.934478759766,0.000494349,2242.666748046875,0.2,0.9801629781723022
,,1160,2.69,29,92.05960753000004,0,1282,,,,,,,,,,,
3.0,82.27695846557617,1200,,,,,,29,-0.01463460922241211,-4.195298492908478,0.0,0.0003,-0.010744333761977032,14959.2568359375,0.001299715,7118.37353515625,0.2,0.9801238775253296
,,1200,2.58,30,85.59955579000001,0,1300,,,,,,,,,,,
5.0,213.7466583251953,1240,,,,,,30,-0.0005394220352172852,-4.195060193538666,0.0,0.0003,-0.0018388422206043753,6108.562454223633,0.0004183054,5826.28759765625,0.2,0.9800413846969604
,,1240,2.66,31,90.11683421000002,0,1320,,,,,,,,,,,
3.0,-15.0,1280,,,,,,31,0.021236777305603027,-4.1947402358055115,0.0,0.0003,0.0009293861920014468,6995.205978393555,0.0002489418,2529.492919921875,0.2,0.9799071550369263
,,1280,2.54,32,78.73672778999999,0,1371,,,,,,,,,,,
2.0,50.069183349609375,1320,,,,,,32,-0.026493072509765625,-4.194246292114258,0.0,0.0003,0.00551176312728785,3715.8864364624023,0.0008736372,548.7755126953125,0.2,0.9798495173454285
,,1320,2.63,33,86.82686425000001,0,1387,,,,,,,,,,,
2.0,22.77313232421875,1360,,,,,,33,0.026771068572998047,-4.194363236427307,0.0,0.0003,0.0067908937373430955,14370.203155517578,0.0004497275,6199.74609375,0.2,0.9799729585647583
,,1360,2.71,34,91.88984517,0,1447,,,,,,,,,,,
5.0,344.43428802490234,1400,,,,,,34,0.003886878490447998,-4.194566190242767,0.0,0.0003,-0.0034716145080893046,10537.423263549805,0.00010613948,3833.0185546875,0.2,0.9800270795822144
,,1400,2.64,35,90.72878870999999,0,1502,,,,,,,,,,,
4.0,103.99190711975098,1440,,,,,,35,-0.008054733276367188,-4.194158554077148,0.10000000149011612,0.0003,0.01265800391556704,21654.109283447266,0.007908109,24922.697265625,0.2,0.9796600341796875
,,1440,2.65,36,89.36037041,0,1521,,,,,,,,,,,
5.0,229.496244430542,1480,,,,,,36,0.005373358726501465,-4.193098723888397,0.0,0.0003,0.005605283258046434,14828.820770263672,0.0012193769,4454.3017578125,0.2,0.9794071912765503
,,1480,2.71,37,92.43964312,0,1540,,,,,,,,,,,
5.0,176.61912727355957,1520,,,,,,37,-0.028723597526550293,-4.192315518856049,0.02500000037252903,0.0003,0.0037182252563070506,8591.680358886719,0.0021342111,1228.9031982421875,0.2,0.9790945053100586
,,1520,2.78,38,98.55539845999999,0,1576,,,,,,,,,,,
4.0,67.39949417114258,1560,,,,,,38,0.028082728385925293,-4.191244065761566,0.0,0.0003,-0.023579550674185157,15301.935485839844,0.0042880876,10535.962890625,0.2,0.9788143038749695
,,1560,2.85,39,99.95276865,0,1600,,,,,,,,,,,
5.0,236.73484420776367,1600,,,,,,39,-0.046328186988830566,-4.190288186073303,0.0,0.0003,-0.0013092398701701757,6650.081604003906,0.00047519355,2894.3232421875,0.2,0.9784717559814453
,,1600,2.79,40,96.53029628,0,1664,,,,,,,,,,,
2.0,-10.0,1640,,,,,,40,-0.00626218318939209,-4.189361572265625,0.0,0.0003,-9.489508083770914e-05,13282.73794555664,0.00014507174,8025.15087890625,0.2,0.9782537221908569
,,1640,2.82,41,100.93267856999996,0,1725,,,,,,,,,,,
4.0,128.09336471557617,1680,,,,,,41,0.003507256507873535,-4.188793182373047,0.0,0.0003,-0.002050108429830111,41441.83056640625,0.00053487864,51961.77734375,0.2,0.9781079292297363
,,1680,2.81,42,96.4726845,0,1783,,,,,,,,,,,
1.0,-5.0,1720,,,,,,42,-0.0066149234771728516,-4.188367962837219,0.0,0.0003,-0.0023825497170036902,13218.924438476562,0.00033350586,5981.189453125,0.2,0.9780303835868835
,,1720,2.77,43,88.46683680999999,0,1817,,,,,,,,,,,
5.0,338.2762222290039,1760,,,,,,43,-0.0006698369979858398,-4.188210487365723,0.0,0.0003,-0.004652539775634068,3101.640914916992,0.00020689814,1395.6712646484375,0.2,0.9779669642448425
,,1760,2.68,44,81.64669237,0,1882,,,,,,,,,,,
5.0,180.72539901733398,1800,,,,,,44,0.029645919799804688,-4.187938630580902,0.0,0.0003,-0.000762188527733132,6830.269744873047,0.00020482838,2228.772705078125,0.2,0.9779533743858337
,,1800,2.83,45,87.76109498000001,0,1899,,,,,,,,,,,
3.0,-14.701863288879395,1840,,,,,,45,-0.012830615043640137,-4.188062906265259,0.0,0.0003,-0.0009735755127622259,10050.306762695312,0.0002651915,5018.74462890625,0.2,0.9780520796775818
,,1840,2.9,46,89.56597751,0,1962,,,,,,,,,,,
5.0,314.54888248443604,1880,,,,,,46,0.001428842544555664,-4.188308119773865,0.0,0.0003,-0.00718098746583562,7959.0411376953125,0.00048080983,6685.60302734375,0.2,0.97802734375
,,1880,2.94,47,91.43837179000002,0,1979,,,,,,,,,,,
5.0,329.7999496459961,1920,,,,,,47,-0.014844059944152832,-4.1883385181427,0.05000000074505806,0.0003,-0.0010117318848642531,8357.340698242188,0.003434782,10315.3134765625,0.2,0.9782747030258179
,,1920,2.92,48,85.5515486,0,2086,,,,,,,,,,,
5.0,94.89899492263794,1960,,,,,,48,-0.015647530555725098,-4.189086973667145,0.07500000111758709,0.0003,-0.005024525476619579,9321.330871582031,0.008045621,6541.09716796875,0.2,0.9784281253814697
,,1960,3.07,49,94.57612357000004,0,2162,,,,,,,,,,,
5.0,113.86745500564575,2000,,,,,,49,0.03063821792602539,-4.189220607280731,0.0,0.0003,-0.0007344803743762895,9036.561065673828,0.00055870414,2892.101318359375,0.2,0.9783872961997986
,,2000,3.11,50,97.15249528,0,2193,,,,,,,,,,,
3.0,100.61803817749023,2040,,,,,,50,0.015279054641723633,-4.18896621465683,0.0,0.0003,-0.002475117245921865,9131.802856445312,0.00019369274,7486.62890625,0.2,0.9783582091331482
,,2040,3.12,51,104.80200560000002,0,2221,,,,,,,,,,,
4.0,43.23033142089844,2080,,,,,,51,-0.03350555896759033,-4.188872277736664,0.0,0.0003,0.003171813261724332,14597.005874633789,0.0007192015,9465.4033203125,0.2,0.9782862067222595
,,2080,3.07,52,104.08400873999999,0,2256,,,,,,,,,,,
2.0,36.433921813964844,2120,,,,,,52,-0.0299837589263916,-4.188609421253204,0.0,0.0003,0.0041495097684673965,7947.197692871094,0.00029312223,5953.52685546875,0.2,0.9782580137252808
,,2120,2.82,53,93.76184732,0,2382,,,,,,,,,,,
3.0,118.11055374145508,2160,,,,,,53,-0.06782615184783936,-4.1887054443359375,0.0,0.0003,0.006204247726418588,5543.864990234375,0.00059999974,2012.0189208984375,0.2,0.9783374667167664
,,2160,2.79,54,92.73454717,0,2413,,,,,,,,,,,
2.0,14.373727798461914,2200,,,,,,54,0.007186830043792725,-4.188749849796295,0.0,0.0003,-0.006987288797972724,5834.392272949219,0.00037408175,725.3750610351562,0.2,0.9782636165618896
,,2200,2.79,55,95.66062065,0,2442,,,,,,,,,,,
2.0,54.40666580200195,2240,,,,,,55,-0.0529860258102417,-4.188258707523346,0.05000000074505806,0.0003,0.022845933702774435,14537.341033935547,0.002561258,6062.21826171875,0.2,0.9780368208885193
,,2240,2.71,56,94.03365656,0,2519,,,,,,,,,,,
3.0,79.15631294250488,2280,,,,,,56,-0.005212068557739258,-4.187526822090149,0.0,0.0003,-0.004729969463369343,10903.663970947266,0.00045476557,8223.9521484375,0.2,0.9778221845626831
,,2280,2.65,57,89.77649277,0,2548,,,,,,,,,,,
5.0,329.9283905029297,2320,,,,,,57,-0.007616639137268066,-4.1868577003479,0.0,0.0003,0.002353029046207711,17316.009201049805,0.00016571285,10410.9169921875,0.2,0.9776062369346619
,,2320,2.77,58,93.11358165000001,0,2583,,,,,,,,,,,
4.0,110.12344169616699,2360,,,,,,58,-0.01675236225128174,-4.186205804347992,0.0,0.0003,0.0031726449742564,7159.626693725586,0.00021033586,5047.64306640625,0.2,0.977449893951416
,,2360,2.79,59,92.34845879000001,0,2618,,,,,,,,,,,
5.0,298.6523742675781,2400,,,,,,59,0.012779057025909424,-4.185732841491699,0.0,0.0003,-0.003036272634199144,4981.516143798828,0.00011254847,1469.43896484375,0.2,0.9772526025772095
,,2400,2.91,60,103.43758819,0,2643,,,,,,,,,,,
5.0,296.64183044433594,2440,,,,,,60,-0.039054036140441895,-4.1852065324783325,0.0,0.0003,-0.0009989872225559804,13445.377807617188,0.00025868416,9281.1552734375,0.2,0.9771551489830017
,,2440,3.0,61,108.09474012000001,0,2677,,,,,,,,,,,
5.0,272.5566301345825,2480,,,,,,61,-0.0030825138092041016,-4.184859275817871,0.0,0.0003,0.000976954462203139,12451.091583251953,0.00020770133,11784.6201171875,0.2,0.9770294427871704
,,2480,2.92,62,106.81511394,0,2758,,,,,,,,,,,
4.0,130.43907356262207,2520,,,,,,62,0.0036844611167907715,-4.184615910053253,0.0,0.0003,-0.0034552245400845116,12727.177215576172,0.00029146374,11415.34375,0.2,0.9770482778549194
,,2520,2.91,63,98.41607793999998,0,2794,,,,,,,,,,,
2.0,47.31074523925781,2560,,,,,,63,-0.03773236274719238,-4.184631526470184,0.0,0.0003,0.0017834104335634482,4877.680923461914,0.00011979193,1411.2305908203125,0.2,0.9770328998565674
,,2560,2.98,64,101.92388553999999,0,2818,,,,,,,,,,,
4.0,25.880858421325684,2600,,,,,,64,-0.0435260534286499,-4.184681475162506,0.0,0.0003,0.000695423485012725,10641.995498657227,0.0018341185,6036.78759765625,0.2,0.977069079875946
,,2600,2.91,65,100.37237797000002,0,2851,,,,,,,,,,,
5.0,293.992919921875,2640,,,,,,65,-0.019285917282104492,-4.18489396572113,0.0,0.0003,0.0014029575380846149,12377.24008178711,0.0008379788,6490.306640625,0.2,0.9771462678909302
,,2640,2.94,66,103.13022299000001,0,2968,,,,,,,,,,,
5.0,306.87918853759766,2680,,,,,,66,-0.029843449592590332,-4.185030579566956,0.0,0.0003,0.00016638184843031922,7819.521667480469,0.0002638608,3043.447509765625,0.2,0.9770603179931641
,,2680,2.88,67,99.88780677999999,0,3000,,,,,,,,,,,
5.0,253.32269287109375,2720,,,,,,67,-0.03554952144622803,-4.184160530567169,0.0,0.0003,-0.0011629305779932153,10393.096969604492,0.0010777727,3037.742431640625,0.2,0.9766685962677002
,,2720,2.86,68,95.5121351,0,3054,,,,,,,,,,,
3.0,91.1016960144043,2760,,,,,,68,-0.01592111587524414,-4.183264970779419,0.0,0.0003,0.0017249823169549483,5368.9091796875,0.0011959673,1276.77099609375,0.2,0.9765047430992126
,,2760,2.97,69,98.76707623,0,3086,,,,,,,,,,,
5.0,273.9607276916504,2800,,,,,,69,-0.009082198143005371,-4.182390809059143,0.0,0.0003,-0.017491346778115258,8601.169799804688,0.0012913869,1662.572998046875,0.2,0.9762263298034668
,,2800,2.84,70,89.64997893,0,3219,,,,,,,,,,,
5.0,209.24624156951904,2840,,,,,,70,0.0027424097061157227,-4.181992530822754,0.05000000074505806,0.0003,0.005905560374962704,5905.859375,0.0038464635,2602.179931640625,0.2,0.9762352705001831
,,2840,2.79,71,82.84861443000001,0,3248,,,,,,,,,,,
3.0,109.41157913208008,2880,,,,,,71,0.01097780466079712,-4.18179315328598,0.0,0.0003,-0.00015175993321459025,5714.810089111328,0.0011571214,5283.4775390625,0.2,0.9762024283409119
,,2880,2.86,72,82.93240462,0,3279,,,,,,,,,,,
3.0,113.7890625,2920,,,,,,72,-0.0402454137802124,-4.182062268257141,0.15000000223517418,0.0003,-0.0011903206133865307,7364.809997558594,0.008595587,2229.94873046875,0.2,0.9763627052307129
,,2920,2.86,73,86.01554323,0,3314,,,,,,,,,,,
5.0,221.7340087890625,2960,,,,,,73,-0.05653083324432373,-4.182008981704712,0.05000000074505806,0.0003,-0.014025539110297913,8623.269805908203,0.0041934685,4811.03369140625,0.2,0.9761695265769958
,,2960,2.83,74,80.51454625,0,3348,,,,,,,,,,,
2.0,37.80644226074219,3000,,,,,,74,-0.021573781967163086,-4.181141555309296,0.0,0.0003,0.0007893130998126718,8182.4949951171875,0.00039262325,2690.188232421875,0.2,0.9758707880973816
,,3000,2.86,75,85.33813646,0,3377,,,,,,,,,,,
5.0,352.02699851989746,3040,,,,,,75,0.001110076904296875,-4.180151343345642,0.0,0.0003,0.0030671727581648156,9484.6318359375,0.0004566625,6426.22265625,0.2,0.9755988121032715
,,3040,2.78,76,82.70234956999998,0,3407,,,,,,,,,,,
5.0,69.30301368236542,3080,,,,,,76,0.0013384819030761719,-4.179366111755371,0.0,0.0003,-0.002100217362749346,9708.02182006836,0.00012692212,5302.81884765625,0.2,0.9754241704940796
,,3080,2.96,77,95.70744124999999,0,3451,,,,,,,,,,,
5.0,316.6014881134033,3120,,,,,,77,0.02665257453918457,-4.179008305072784,0.0,0.0003,0.0018007487495197427,7662.119384765625,0.0004322395,2440.95361328125,0.2,0.9754771590232849
,,3120,2.95,78,98.54452363,0,3514,,,,,,,,,,,
3.0,17.3478422164917,3160,,,,,,78,-0.01575911045074463,-4.179179251194,0.0,0.0003,0.0017113410809542762,8537.403198242188,6.77988e-05,2383.2578125,0.2,0.9754478335380554
,,3160,2.96,79,96.15222427,0,3544,,,,,,,,,,,
1.0,-5.0,3200,,,,,,79,0.03653216361999512,-4.178647577762604,0.0,0.0003,0.0026506215086555818,8728.189147949219,0.000640218,6121.0703125,0.2,0.9752254486083984
,,3200,2.89,80,89.48970793000001,0,3597,,,,,,,,,,,
5.0,284.0177083015442,3240,,,,,,80,-0.011089801788330078,-4.178382396697998,0.0,0.0003,-0.0013394817709926343,6140.16145324707,0.0006357759,7685.89453125,0.2,0.9752697944641113
,,3240,2.98,81,96.08556085000001,0,3627,,,,,,,,,,,
2.0,46.88589859008789,3280,,,,,,81,-0.05744051933288574,-4.178250312805176,0.0,0.0003,-0.01253346745215822,13343.788146972656,0.00063502643,4924.7265625,0.2,0.9751547574996948
,,3280,2.96,82,94.52651159999999,0,3656,,,,,,,,,,,
5.0,329.82957649230957,3320,,,,,,82,-0.04753732681274414,-4.1779361963272095,0.0,0.0003,-0.005037441859894853,11101.187255859375,0.0004527584,2271.618896484375,0.2,0.9750188589096069
,,3320,3.03,83,98.56984728999998,0,3688,,,,,,,,,,,
5.0,226.09432983398438,3360,,,,,,83,-0.062426090240478516,-4.177418828010559,0.0,0.0003,0.004236689230310731,8846.312133789062,0.00014215261,1527.832763671875,0.2,0.9748868942260742
,,3360,2.9,84,90.00894840000001,0,3769,,,,,,,,,,,
5.0,324.8676071166992,3400,,,,,,84,-0.012123703956604004,-4.176913678646088,0.0,0.0003,-0.012422823673114203,7090.400939941406,0.0006934047,4612.15283203125,0.2,0.9747285842895508
,,3400,2.93,85,96.43926673,0,3889,,,,,,,,,,,
2.0,8.754274368286133,3440,,,,,,85,-0.019822120666503906,-4.176498234272003,0.0,0.0003,-0.00817329224055352,12116.107727050781,0.0006558672,10240.5810546875,0.2,0.9746273756027222
,,3440,2.9,86,101.07125995999999,0,3972,,,,,,,,,,,
2.0,29.83251190185547,3480,,,,,,86,0.015904366970062256,-4.176187336444855,0.0,0.0003,4.69699763925302e-05,14067.65737915039,0.00034190863,1332.7998046875,0.2,0.9746071100234985
,,3480,2.93,87,107.33163286999999,0,3998,,,,,,,,,,,
3.0,109.33792114257812,3520,,,,,,87,-0.027600646018981934,-4.1765918135643005,0.0,0.0003,-0.006438592242193453,9080.365646362305,0.0009697542,3473.266845703125,0.2,0.9749089479446411
,,3520,2.96,88,107.00655901,0,4049,,,,,,,,,,,
1.0,-5.0,3560,,,,,,88,-0.010614275932312012,-4.177275896072388,0.0,0.0003,-0.004286305022833448,6614.497650146484,0.00011712611,1704.5489501953125,0.2,0.9750201106071472
,,3560,2.95,89,111.54052462000001,0,4075,,,,,,,,,,,
5.0,354.8700294494629,3600,,,,,,89,0.04079490900039673,-4.177369713783264,0.0,0.0003,-0.0042999313038308284,12096.327087402344,0.00019343496,10028.0634765625,0.2,0.9750065803527832
,,3600,2.88,90,106.06285111,0,4144,,,,,,,,,,,
3.0,64.74329566955566,3640,,,,,,90,-0.008873343467712402,-4.177287817001343,0.0,0.0003,-0.005257024619640838,11312.796508789062,0.00041538777,3271.067626953125,0.2,0.9750747084617615
,,3640,2.94,91,107.81390266000002,0,4173,,,,,,,,,,,
5.0,409.5083236694336,3680,,,,,,91,0.01957648992538452,-4.177832841873169,0.02500000037252903,0.0003,0.011068335450545419,7907.502258300781,0.002423537,5410.29248046875,0.2,0.975249707698822
,,3680,2.99,92,110.30725969,0,4205,,,,,,,,,,,
5.0,191.82222652435303,3720,,,,,,92,0.027562260627746582,-4.1780160665512085,0.0,0.0003,-0.00457896658917889,14556.955749511719,0.00029446033,745.927734375,0.2,0.9752333164215088
,,3720,3.02,93,113.75207626000001,0,4301,,,,,,,,,,,
5.0,264.786865234375,3760,,,,,,93,0.04743415117263794,-4.177931129932404,0.0,0.0003,-0.003239574506006093,10649.512084960938,0.000497967,1283.732177734375,0.2,0.9752346873283386
,,3760,3.01,94,112.60659849,0,4388,,,,,,,,,,,
5.0,192.65581274032593,3800,,,,,,94,0.01143336296081543,-4.177954137325287,0.0,0.0003,-0.003334038108005144,13602.77767944336,0.00014274419,6051.2841796875,0.2,0.9752222299575806
,,3800,3.02,95,116.50819176999998,0,4418,,,,,,,,,,,
5.0,124.7756290435791,3840,,,,,,95,-0.0003561973571777344,-4.177713871002197,0.0,0.0003,-0.0012421906780218928,13228.35708618164,5.6657194e-05,4108.68359375,0.2,0.9751004576683044
,,3840,3.04,96,117.75705516,0,4716,,,,,,,,,,,
4.0,80.05550765991211,3880,,,,,,96,-0.015045166015625,-4.177306234836578,0.0,0.0003,0.002619917594711474,9829.693084716797,0.00015089363,1730.99267578125,0.2,0.9749809503555298
,,3880,3.07,97,114.54979663,0,4796,,,,,,,,,,,
5.0,112.47268199920654,3920,,,,,,97,-0.05806076526641846,-4.177073180675507,0.0,0.0003,0.0059150235960259145,6751.492492675781,0.00081698154,2455.80078125,0.2,0.9750219583511353
,,3920,2.97,98,107.3841755,0,4836,,,,,,,,,,,
5.0,135.44273376464844,3960,,,,,,98,0.03377562761306763,-4.177105784416199,0.0,0.0003,-0.003058533653893414,9048.86898803711,0.00076164457,5512.0546875,0.2,0.9748739004135132
,,3960,2.98,99,109.09340307999999,0,4873,,,,,,,,,,,
5.0,171.8011393547058,4000,,,,,,99,0.00978916883468628,-4.176282584667206,0.0,0.0003,-0.006160073063801952,10118.696899414062,0.00078872894,2776.771484375,0.2,0.9747129678726196
,,4000,3.06,100,110.99247094999998,0,4906,,,,,,,,,,,
5.0,312.21793365478516,4040,,,,,,100,-0.01635003089904785,-4.17563796043396,0.0,0.0003,0.002490365691755869,9990.63688659668,0.0005061984,8273.671875,0.2,0.9744207262992859
,,4040,2.96,101,106.70439296,0,4936,,,,,,,,,,,
5.0,265.0679397583008,4080,,,,,,101,-0.06489503383636475,-4.174658358097076,0.0,0.0003,0.003642059682170018,20153.352264404297,0.00060450437,12284.2265625,0.2,0.9741252660751343
,,4080,2.95,102,107.17983539,0,5068,,,,,,,,,,,
5.0,310.96920013427734,4120,,,,,,102,0.015261530876159668,-4.173810303211212,0.0,0.0003,-0.0077143713773693,16994.453857421875,0.00051509443,12949.708984375,0.2,0.9738656282424927
,,4120,2.89,103,107.05729593,0,5099,,,,,,,,,,,
5.0,344.2831840515137,4160,,,,,,103,-0.006627321243286133,-4.172930061817169,0.0,0.0003,-0.00047388830134886817,10944.646484375,0.00024490058,3890.29931640625,0.2,0.973610520362854
,,4160,2.9,104,108.81816643,0,5248,,,,,,,,,,,
5.0,221.57234382629395,4200,,,,,,104,-0.013840436935424805,-4.172155380249023,0.0,0.0003,0.0008496723618010016,11170.725219726562,6.410629e-05,6801.2001953125,0.2,0.9733604192733765
,,4200,3.01,105,121.56943268,0,5281,,,,,,,,,,,
5.0,205.1107521057129,4240,,,,,,105,0.0341949462890625,-4.171460926532745,0.0,0.0003,-0.0008911029872251675,12107.964080810547,0.0012640819,5612.14453125,0.2,0.9731979370117188
,,4240,3.02,106,122.48316837,0,5314,,,,,,,,,,,
5.0,259.42720222473145,4280,,,,,,106,0.0004266500473022461,-4.170992493629456,0.0,0.0003,0.005386176434694745,9272.292022705078,0.001022023,3594.442626953125,0.2,0.9730907678604126
,,4280,2.98,107,122.45389539999998,0,5344,,,,,,,,,,,
3.0,116.63171768188477,4320,,,,,,107,-0.02876877784729004,-4.170449495315552,0.0,0.0003,-0.004989840358030406,8002.558868408203,0.00079588144,1960.1934814453125,0.2,0.9728362560272217
,,4320,2.92,108,111.24570433,0,5376,,,,,,,,,,,
5.0,202.33402061462402,4360,,,,,,108,-0.007974863052368164,-4.169440448284149,0.0,0.0003,-0.005658044919073291,7445.7169189453125,0.0003120154,5467.505859375,0.2,0.9725388288497925
,,4360,2.87,109,105.55038975,0,5517,,,,,,,,,,,
5.0,337.8426342010498,4400,,,,,,109,0.022358059883117676,-4.1686853766441345,0.0,0.0003,0.0019410887762205675,10789.225708007812,0.00054892746,3565.813720703125,0.2,0.9723559617996216
,,4400,2.94,110,111.15489385999997,0,5544,,,,,,,,,,,
5.0,310.38654708862305,4440,,,,,,110,0.0490756630897522,-4.168215334415436,0.0,0.0003,-0.0003622859512688592,14645.791076660156,7.0132315e-05,1975.7706298828125,0.2,0.9722656011581421
,,4440,3.09,111,124.01877943,0,5573,,,,,,,,,,,
2.0,55.75592041015625,4480,,,,,,111,0.02404874563217163,-4.167932212352753,0.0,0.0003,-0.0024919547442550094,15416.049255371094,0.000110317764,2424.158447265625,0.2,0.9721788167953491
,,4480,3.08,112,120.70172972,0,5602,,,,,,,,,,,
3.0,25.437905311584473,4520,,,,,,112,-0.00987088680267334,-4.167770445346832,0.0,0.0003,0.0029364906047704142,8851.793151855469,0.00025321543,3266.900146484375,0.2,0.9721505045890808
,,4520,3.01,113,117.50596296000002,0,5632,,,,,,,,,,,
3.0,51.19837951660156,4560,,,,,,113,-0.012456417083740234,-4.167457640171051,0.0,0.0003,-0.003396717083523987,7899.5960693359375,0.00033537747,3432.224609375,0.2,0.972004771232605
,,4560,3.01,114,115.87938945999998,0,5664,,,,,,,,,,,
5.0,327.27845573425293,4600,,,,,,114,-0.0314328670501709,-4.1670302748680115,0.0,0.0003,-0.002211055918814875,6916.935989379883,0.00017567277,2658.67724609375,0.2,0.9719254374504089
,,4600,3.08,115,127.32657031000001,0,5697,,,,,,,,,,,
1.0,-5.0,4640,,,,,,115,-0.0088118314743042,-4.166646122932434,0.0,0.0003,0.0014700465486385816,17896.067626953125,0.00056268723,8343.8525390625,0.2,0.97178715467453
,,4640,3.05,116,127.71474836000002,0,5725,,,,,,,,,,,
5.0,182.26455879211426,4680,,,,,,116,-0.03273725509643555,-4.166256248950958,0.0,0.0003,-0.00486955115338783,12136.4306640625,0.0006718323,11537.9013671875,0.2,0.9717099070549011
,,4680,3.02,117,125.8682357,0,5757,,,,,,,,,,,
5.0,349.2381134033203,4720,,,,,,117,0.02361971139907837,-4.165982723236084,0.0,0.0003,0.004075743418070488,12737.542846679688,0.0006179631,4486.20263671875,0.2,0.9715954661369324
,,4720,2.99,118,119.84502048999998,0,5787,,,,,,,,,,,
5.0,396.0272903442383,4760,,,,,,118,0.0159110426902771,-4.1654937863349915,0.0,0.0003,-0.00037600917858071625,12474.253356933594,8.566082e-05,5304.85595703125,0.2,0.9714382886886597
,,4760,3.1,119,129.98634677,0,5813,,,,,,,,,,,
1.0,-5.0,4800,,,,,,119,0.029761195182800293,-4.165116310119629,0.0,0.0003,0.0010054614947876406,17100.01007080078,2.8286875e-05,13709.416015625,0.2,0.9713747501373291
,,4800,3.04,120,126.79240449000001,0,5839,,,,,,,,,,,
5.0,357.8207359313965,4840,,,,,,120,0.025542497634887695,-4.164942800998688,0.0,0.0003,0.002768316223227707,10230.30062866211,0.00025145858,3274.920654296875,0.2,0.9713835716247559
,,4840,3.23,121,139.99872213999998,0,5891,,,,,,,,,,,
4.0,78.43566763401031,4880,,,,,,121,0.038260042667388916,-4.165013790130615,0.0,0.0003,0.0009563908395646692,9130.904998779297,8.420498e-05,4095.436279296875,0.2,0.9714121222496033
,,4880,3.32,122,149.54748197,0,5917,,,,,,,,,,,
5.0,329.48646545410156,4920,,,,,,122,0.0246008038520813,-4.165015280246735,0.0,0.0003,-0.0009366162450534787,12703.459594726562,3.0381978e-05,6903.3193359375,0.2,0.9713702201843262
,,4920,3.29,123,149.51595959,0,5946,,,,,,,,,,,
5.0,209.30317878723145,4960,,,,,,123,-0.03172779083251953,-4.1646957993507385,0.0,0.0003,-0.00031742864921402436,13090.8310546875,1.9745528e-05,11148.69140625,0.2,0.9712716341018677
,,4960,3.35,124,150.95714440999998,0,6032,,,,,,,,,,,
5.0,214.29042625427246,5000,,,,,,124,0.007115423679351807,-4.164459645748138,0.0,0.0003,6.390660491906175e-05,11514.534240722656,6.4632295e-05,2920.8955078125,0.2,0.9711856842041016
,,5000,3.46,125,154.55861968,0,6096,,,,,,,,,,,
5.0,300.6203308105469,5040,,,,,,125,-0.0041877031326293945,-4.1638951897621155,0.0,0.0003,0.003487263739225477,8311.79867553711,0.00021959396,2169.572998046875,0.2,0.9709286689758301
,,5040,3.44,126,151.58109199,0,6123,,,,,,,,,,,
5.0,274.06808280944824,5080,,,,,,126,-0.0018097162246704102,-4.163030385971069,0.0,0.0003,-0.002524824481224597,11699.834197998047,5.628616e-05,6950.0205078125,0.2,0.9707087874412537
,,5080,3.56,127,159.84639384,0,6154,,,,,,,,,,,
4.0,238.14468383789062,5120,,,,,,127,0.048166096210479736,-4.162621438503265,0.0,0.0003,0.0027988076588369992,10394.046356201172,0.00041842312,8834.01953125,0.2,0.9706836938858032
,,5120,3.41,128,143.38185597,0,6186,,,,,,,,,,,
3.0,132.04033660888672,5160,,,,,,128,-0.05016505718231201,-4.162498950958252,0.0,0.0003,0.0016597650483163306,8204.833679199219,0.0005187616,3709.002685546875,0.2,0.9706396460533142
,,5160,3.35,129,145.01695488000001,0,6214,,,,,,,,,,,
5.0,367.3406562805176,5200,,,,,,129,-0.0037609338760375977,-4.162194728851318,0.0,0.0003,-0.002028544263339427,12663.316497802734,0.0001296848,6346.44775390625,0.2,0.9704651832580566
,,5200,3.22,130,132.48468157999997,0,6259,,,,,,,,,,,
2.0,26.397493362426758,5240,,,,,,130,0.0487675666809082,-4.161519408226013,0.0,0.0003,-0.0050918096821988,12291.675842285156,0.00088444503,2557.48681640625,0.2,0.9702773094177246
,,5240,3.22,131,127.88189145,0,6342,,,,,,,,,,,
5.0,234.1051902770996,5280,,,,,,131,-0.012826085090637207,-4.1608598828315735,0.0,0.0003,-0.0014782487876801031,9671.928161621094,0.00048502386,3306.321533203125,0.2,0.9701468348503113
,,5280,3.13,132,121.15392369,0,6370,,,,,,,,,,,
5.0,194.8848533630371,5320,,,,,,132,0.04323577880859375,-4.160725653171539,0.0,0.0003,0.0016003729095246388,8230.433959960938,0.00017675459,2582.70751953125,0.2,0.970210075378418
,,5320,3.1,133,120.86693835999999,0,6408,,,,,,,,,,,
5.0,276.3078422546387,5360,,,,,,133,-0.01257479190826416,-4.160454273223877,0.0,0.0003,-0.004152994044124725,9411.109161376953,0.0015126287,5115.41748046875,0.2,0.9699106216430664
,,5360,3.12,134,121.00001155999999,0,6436,,,,,,,,,,,
5.0,215.44843673706055,5400,,,,,,134,0.03984493017196655,-4.159660458564758,0.0,0.0003,0.00625702604302214,10290.484649658203,0.0005298167,6785.1103515625,0.2,0.9697480201721191
,,5400,3.09,135,117.16775115,0,6452,,,,,,,,,,,
5.0,337.00474548339844,5440,,,,,,135,0.06937170028686523,-4.159196436405182,0.0,0.0003,0.00230829353386075,8658.522216796875,0.0001925379,3739.671142578125,0.2,0.9695571660995483
,,5440,3.19,136,124.04687313000002,0,6517,,,,,,,,,,,
4.0,225.5391082763672,5480,,,,,,136,0.011682748794555664,-4.158129632472992,0.0,0.0003,0.0006740531673130601,11464.812896728516,0.0002736628,7098.46875,0.2,0.9692140817642212
,,5480,3.33,137,132.01802381000002,0,6536,,,,,,,,,,,
5.0,389.479434967041,5520,,,,,,137,0.05850207805633545,-4.156958103179932,0.0,0.0003,-0.009635581614566013,9885.788055419922,0.0009561449,4748.87158203125,0.2,0.9687108397483826
,,5520,3.43,138,136.23660733,0,6554,,,,,,,,,,,
1.0,-5.0,5560,,,,,,138,-0.014638423919677734,-4.155126094818115,0.02500000037252903,0.0003,-0.013298188289627255,11952.652404785156,0.0029991327,1061.99072265625,0.2,0.9683352708816528
,,5560,3.38,139,134.58810769,0,6569,,,,,,,,,,,
5.0,316.82058334350586,5600,,,,,,139,-0.033928871154785156,-4.154190003871918,0.0,0.0003,-0.006306900468189269,12410.884643554688,0.0010806471,9129.9580078125,0.2,0.9681637287139893
,,5600,3.39,140,137.64966734,0,6587,,,,,,,,,,,
3.0,65.95697212219238,5640,,,,,,140,-0.08000266551971436,-4.153822541236877,0.0,0.0003,-0.0016038413683419073,15105.894653320312,0.00028307736,4853.95849609375,0.2,0.9682762622833252
,,5640,3.31,141,133.35512720999998,0,6642,,,,,,,,,,,
5.0,364.7444133758545,5680,,,,,,141,-0.02171158790588379,-4.1542909145355225,0.0,0.0003,0.0007835529664590446,12517.989685058594,7.7039e-06,13867.8505859375,0.2,0.9684223532676697
,,5680,3.33,142,138.56976172999998,0,6704,,,,,,,,,,,
5.0,323.32873916625977,5720,,,,,,142,-0.049657583236694336,-4.154543876647949,0.0,0.0003,-0.0016047064761550711,12148.028686523438,5.228818e-05,5698.3427734375,0.2,0.9684163331985474
,,5720,3.23,143,133.59993744000002,0,6721,,,,,,,,,,,
1.0,-5.0,5760,,,,,,143,-0.029038071632385254,-4.154328525066376,0.0,0.0003,-0.00027387882000762254,9121.726745605469,0.00034739973,6571.01171875,0.2,0.968317985534668
,,5760,3.17,144,130.94345414,0,6737,,,,,,,,,,,
3.0,59.796234130859375,5800,,,,,,144,-0.058042287826538086,-4.154035985469818,0.0,0.0003,-0.006978702009655557,10568.170043945312,0.00089437363,6828.56494140625,0.2,0.9682786464691162
,,5800,3.03,145,121.13061922000001,0,6794,,,,,,,,,,,
5.0,407.5134735107422,5840,,,,,,145,0.01696091890335083,-4.153817355632782,0.0,0.0003,-0.0065114158322103766,9877.537292480469,0.0009052053,13883.4755859375,0.2,0.9682344794273376
,,5840,3.01,146,122.71488623,0,6810,,,,,,,,,,,
5.0,401.70957946777344,5880,,,,,,146,-0.011348605155944824,-4.153326153755188,0.0,0.0003,-0.004230097815161482,16142.105010986328,0.00055465696,1767.2388916015625,0.2,0.9677416682243347
,,5880,3.09,147,127.04328065,0,6826,,,,,,,,,,,
5.0,248.8807029724121,5920,,,,,,147,0.012058675289154053,-4.151609361171722,0.0,0.0003,-0.001841448293998793,12211.276123046875,0.0006502986,11221.3974609375,0.2,0.9673646688461304
,,5920,3.09,148,123.40368572,0,6848,,,,,,,,,,,
5.0,314.79814529418945,5960,,,,,,148,-0.04889047145843506,-4.150489389896393,0.0,0.0003,0.002714660100173183,8968.678405761719,0.0001465708,5946.2890625,0.2,0.9670245051383972
,,5960,3.16,149,131.36547525999998,0,6868,,,,,,,,,,,
5.0,319.6744213104248,6000,,,,,,149,0.04982566833496094,-4.1496007442474365,0.0,0.0003,-0.0006959364147405278,13698.925476074219,5.3022806e-05,2797.924072265625,0.2,0.9667705297470093
,,6000,3.09,150,127.54383639,0,6885,,,,,,,,,,,
5.0,357.3859519958496,6040,,,,,,150,0.04866534471511841,-4.148942828178406,0.0,0.0003,0.0018833041685866192,13325.953491210938,4.8890714e-05,5471.2353515625,0.2,0.96663498878479
,,6040,3.15,151,132.32745562999997,0,6901,,,,,,,,,,,
5.0,213.70843505859375,6080,,,,,,151,0.035976409912109375,-4.14853709936142,0.0,0.0003,-0.0006482737691841933,10953.661071777344,9.4588104e-05,6661.65771484375,0.2,0.9664852023124695
,,6080,3.21,152,138.4833866,0,6919,,,,,,,,,,,
5.0,454.0469512939453,6120,,,,,,152,0.01094907522201538,-4.14804744720459,0.0,0.0003,4.754070469070726e-05,11230.654907226562,2.7050077e-05,1371.287841796875,0.2,0.9663729071617126
,,6120,3.29,153,146.95407389000002,0,6938,,,,,,,,,,,
4.0,178.74600219726562,6160,,,,,,153,0.04982095956802368,-4.147518217563629,0.0,0.0003,0.0011308118391752942,13368.11572265625,0.00032213033,6550.107421875,0.2,0.9661612510681152
,,6160,3.2,154,138.13787012999998,0,6954,,,,,,,,,,,
5.0,309.37200355529785,6200,,,,,,154,-0.029372215270996094,-4.147009253501892,0.0,0.0003,0.0020841487392317948,12035.449768066406,6.395877e-05,14205.318359375,0.2,0.9660369753837585
,,6200,3.25,155,145.21947501,0,6968,,,,,,,,,,,
5.0,180.9455795288086,6240,,,,,,155,0.02867525815963745,-4.146711945533752,0.0,0.0003,-0.0031375929989736484,10106.425537109375,7.931889e-05,7531.73583984375,0.2,0.9659876227378845
,,6240,3.17,156,142.66178687000001,0,7031,,,,,,,,,,,
5.0,208.4765224456787,6280,,,,,,156,-0.029173851013183594,-4.146292805671692,0.05000000074505806,0.0003,0.010827558696473671,12794.680236816406,0.0025516227,5139.21533203125,0.2,0.965629518032074
,,6280,3.08,157,132.02297364,0,7137,,,,,,,,,,,
5.0,337.704345703125,6320,,,,,,157,-0.06935405731201172,-4.144775331020355,0.0,0.0003,0.0026874997183767846,9232.466430664062,0.00038092735,6383.537109375,0.2,0.965228259563446
,,6320,3.13,158,134.42251414999998,0,7153,,,,,,,,,,,
1.0,-5.0,6360,,,,,,158,0.08129185438156128,-4.14375638961792,0.0,0.0003,0.003935133817139835,9612.712585449219,0.0001489371,3438.318359375,0.2,0.9650520086288452
,,6360,3.18,159,140.68689294,0,7170,,,,,,,,,,,
4.0,173.20249938964844,6400,,,,,,159,0.06132751703262329,-4.143314599990845,0.0,0.0003,-0.0004491918429265773,15191.645935058594,0.00026956797,10755.5693359375,0.2,0.9649104475975037
,,6400,3.15,160,135.6051654,0,7189,,,,,,,,,,,
5.0,380.09484481811523,6440,,,,,,160,-0.0010558366775512695,-4.142787158489227,0.02500000037252903,0.0003,-0.008163141049954081,9548.436584472656,0.0013274923,5773.9921875,0.2,0.9648072719573975
,,6440,3.25,161,145.33792924000002,0,7203,,,,,,,,,,,
5.0,222.77081680297852,6480,,,,,,161,0.019378721714019775,-4.142216384410858,0.02500000037252903,0.0003,-0.008891255271737286,12154.802505493164,0.0025836066,3774.9521484375,0.2,0.9646913409233093
,,6480,3.31,162,150.01897908000004,0,7222,,,,,,,,,,,
5.0,293.18098068237305,6520,,,,,,162,-0.023323535919189453,-4.141669273376465,0.0,0.0003,0.011921949684619904,13383.41796875,0.0008705035,5840.78759765625,0.2,0.964530885219574
,,6520,3.38,163,156.11738375,0,7238,,,,,,,,,,,
3.0,65.19440078735352,6560,,,,,,163,0.08406758308410645,-4.141215443611145,0.0,0.0003,0.002556150339660279,10353.066955566406,0.00025297256,3049.569091796875,0.2,0.9644864797592163
,,6560,3.38,164,151.78402691,0,7255,,,,,,,,,,,
5.0,416.36266326904297,6600,,,,,,164,0.08383125066757202,-4.140982687473297,0.0,0.0003,-0.0009469673110289456,6535.266784667969,7.476211e-05,1934.3369140625,0.2,0.9644099473953247
,,6600,3.5,165,159.97708232,0,7273,,,,,,,,,,,
2.0,61.2606201171875,6640,,,,,,165,0.003800511360168457,-4.140815436840057,0.0,0.0003,0.004838730234769217,10962.514831542969,0.0011728749,7497.3671875,0.2,0.9644248485565186
,,6640,3.42,166,156.23599789,0,7289,,,,,,,,,,,
5.0,350.068359375,6680,,,,,,166,-0.05846250057220459,-4.140810132026672,0.0,0.0003,-2.2775575416744687e-05,11797.567016601562,0.00028643757,11869.689453125,0.2,0.964420735836029
,,6680,3.34,167,153.41925697,0,7307,,,,,,,,,,,
5.0,342.4752197265625,6720,,,,,,167,-0.04116654396057129,-4.140680134296417,0.0,0.0003,0.0014761508748051266,19452.574096679688,0.00051083567,6335.83935546875,0.2,0.9643236994743347
,,6720,3.46,168,167.90670203999997,0,7369,,,,,,,,,,,
2.0,39.57001495361328,6760,,,,,,168,0.056423842906951904,-4.140483260154724,0.0,0.0003,-0.002687931107357322,16102.990356445312,0.00013825297,4799.91455078125,0.2,0.9643856883049011
,,6760,3.36,169,161.40625695999998,0,7386,,,,,,,,,,,
5.0,312.21131134033203,6800,,,,,,169,-0.004083037376403809,-4.140723407268524,0.0,0.0003,-0.0031260061310603993,12305.039184570312,0.00032445046,4722.6748046875,0.2,0.9644138216972351
,,6800,3.42,170,168.8318125,0,7402,,,,,,,,,,,
4.0,205.918212890625,6840,,,,,,170,0.08646738529205322,-4.1404343247413635,0.0,0.0003,-0.005812989894184328,10241.501091003418,0.00054090767,7249.5908203125,0.2,0.9643027186393738
,,6840,3.34,171,163.08810207000002,0,7467,,,,,,,,,,,
2.0,-5.353120386600494,6880,,,,,,171,-0.023908495903015137,-4.140306234359741,0.0,0.0003,0.004228715010685891,13883.773742675781,0.00023476334,7861.46923828125,0.2,0.96429842710495
,,6880,3.24,172,158.07628011000003,0,7483,,,,,,,,,,,
5.0,325.671817779541,6920,,,,,,172,0.033666133880615234,-4.140348374843597,0.0,0.0003,-0.003045823431421013,8585.740539550781,0.00017914026,3735.344970703125,0.2,0.964336633682251
,,6920,3.24,173,160.55536671,0,7540,,,,,,,,,,,
5.0,339.4340171813965,6960,,,,,,173,0.015797972679138184,-4.140223205089569,0.0,0.0003,-0.01749169996328437,15884.520812988281,0.0017991648,6860.72998046875,0.2,0.9641837477684021
,,6960,3.32,174,163.64216063,0,7560,,,,,,,,,,,
5.0,287.0531349182129,7000,,,,,,174,0.054150938987731934,-4.1397711634635925,0.0,0.0003,0.004978027933975726,11216.312469482422,0.001170294,1709.601318359375,0.2,0.9641162753105164
,,7000,3.47,175,170.19337477999997,0,7576,,,,,,,,,,,
5.0,194.62053680419922,7040,,,,,,175,0.05993223190307617,-4.13943737745285,0.0,0.0003,-0.01029597583983577,7771.493499755859,0.00088550453,1932.250244140625,0.2,0.9639118909835815
,,7040,3.36,176,155.51829024,0,7597,,,,,,,,,,,
5.0,304.7514762878418,7080,,,,,,176,0.025009214878082275,-4.138050556182861,0.0,0.0003,0.000947658022050657,11768.966064453125,0.0014833405,4855.79248046875,0.2,0.9633922576904297
,,7080,3.34,177,152.31844644999998,0,7649,,,,,,,,,,,
5.0,296.3296585083008,7120,,,,,,177,0.02201676368713379,-4.136597514152527,0.0,0.0003,0.00021705930339521728,15306.126953125,0.000611563,20306.146484375,0.2,0.962998628616333
,,7120,3.46,178,156.13499501,0,7666,,,,,,,,,,,
5.0,391.8373260498047,7160,,,,,,178,0.0714685320854187,-4.135480642318726,0.0,0.0003,0.0034015306475339013,8759.41976928711,0.0005863741,2163.84765625,0.2,0.9627143740653992
,,7160,3.39,179,146.17233516,0,7686,,,,,,,,,,,
3.0,103.29399108886719,7200,,,,,,179,0.0011252164840698242,-4.134696781635284,0.0,0.0003,-0.0016154847864526811,10403.524658203125,0.00021407008,2639.429443359375,0.2,0.962541937828064
,,7200,3.47,180,151.56900749,0,7701,,,,,,,,,,,
5.0,323.14616775512695,7240,,,,,,180,0.06043332815170288,-4.134130835533142,0.0,0.0003,0.001659861303050958,9544.989807128906,0.0011433006,2859.76318359375,0.2,0.9624649882316589
,,7240,3.54,181,160.40975956,0,7716,,,,,,,,,,,
3.0,143.6052131652832,7280,,,,,,181,0.016620278358459473,-4.133967399597168,0.02500000037252903,0.0003,-0.0014060561836231056,13598.17105102539,0.002460264,12001.76171875,0.2,0.9625546932220459
,,7280,3.44,182,150.40027589999997,0,7770,,,,,,,,,,,
5.0,179.15743446350098,7320,,,,,,182,0.01222074031829834,-4.133993744850159,0.0,0.0003,0.015336059394030599,15056.142028808594,0.0014569581,3592.792236328125,0.2,0.9625958204269409
,,7320,3.45,183,154.27372687000002,0,7828,,,,,,,,,,,
5.0,309.6853256225586,7360,,,,,,183,0.07247501611709595,-4.133828639984131,0.0,0.0003,-0.007345451060973396,11832.871948242188,0.00082335324,9848.83203125,0.2,0.9624937772750854
,,7360,3.49,184,159.29173249,0,7887,,,,,,,,,,,
5.0,260.1905126571655,7400,,,,,,184,0.07012438774108887,-4.13347315788269,0.0,0.0003,0.0029441007529384944,12875.770874023438,0.0003120318,6689.34521484375,0.2,0.9624215364456177
,,7400,3.59,185,167.72658098,0,7903,,,,,,,,,,,
5.0,305.61228942871094,7440,,,,,,185,0.11231136322021484,-4.132865488529205,0.0,0.0003,0.0038732299086404742,9943.455108642578,0.0013731361,1920.625732421875,0.2,0.9621175527572632
,,7440,3.62,186,166.19856147000002,0,7920,,,,,,,,,,,
5.0,340.11375427246094,7480,,,,,,186,0.06418728828430176,-4.131758213043213,0.0,0.0003,-0.012928812555037417,12978.018951416016,0.0013319403,1875.427490234375,0.2,0.9618767499923706
,,7480,3.59,187,169.63634957,0,7936,,,,,,,,,,,
1.0,-5.0,7520,,,,,,187,0.02464306354522705,-4.131325662136078,0.02500000037252903,0.0003,0.0034686356084421277,13841.552185058594,0.0021369217,7615.31201171875,0.2,0.9618074297904968
,,7520,3.7,188,177.90000237,0,7950,,,,,,,,,,,
2.0,44.247154235839844,7560,,,,,,188,0.04656851291656494,-4.130987823009491,0.02500000037252903,0.0003,-0.0061941432119055895,13502.445861816406,0.0014161274,6040.03125,0.2,0.9617063403129578
,,7560,3.61,189,168.59918739,0,7988,,,,,,,,,,,
5.0,307.0399284362793,7600,,,,,,189,0.005659282207489014,-4.1306071281433105,0.0,0.0003,0.004533547250321179,8370.814880371094,0.00045013576,4433.56396484375,0.2,0.9615744948387146
,,7600,3.48,190,157.19234442,0,8018,,,,,,,,,,,
4.0,187.22180938720703,7640,,,,,,190,0.019531428813934326,-4.130101144313812,0.0,0.0003,-0.005559019111387897,12905.24951171875,0.00042025745,5596.40185546875,0.2,0.9614502787590027
,,7640,3.53,191,161.88669807000002,0,8033,,,,,,,,,,,
3.0,117.55127334594727,7680,,,,,,191,0.00148695707321167,-4.129629015922546,0.0,0.0003,-0.0004958063822414482,11287.972717285156,0.00027439595,3459.43017578125,0.2,0.9612876772880554
,,7680,3.5,192,165.01363084000005,0,8050,,,,,,,,,,,
5.0,220.10365676879883,7720,,,,,,192,0.01350468397140503,-4.128809571266174,0.0,0.0003,-0.0076322846536642786,14913.226440429688,0.0013742091,9158.9794921875,0.2,0.960961103439331
,,7720,3.5,193,162.93461174,0,8103,,,,,,,,,,,
1.0,-5.0,7760,,,,,,193,0.0804550051689148,-4.127920567989349,0.0,0.0003,0.009390202950453341,10975.341125488281,0.000757955,7904.408203125,0.2,0.9607933759689331
,,7760,3.34,194,152.52832841,0,8119,,,,,,,,,,,
5.0,261.3610153198242,7800,,,,,,194,0.0009171366691589355,-4.126798748970032,0.32500000670552254,0.0003,0.04597101234830914,13157.714721679688,0.03159281,4275.4208984375,0.2,0.9601704478263855
,,7800,3.33,195,150.67084613,0,8134,,,,,,,,,,,
1.0,-5.0,7840,,,,,,195,0.09762221574783325,-4.124736666679382,0.0,0.0003,0.010242605907842511,11277.47622680664,0.00257632,6710.1083984375,0.2,0.9596875905990601
,,7840,3.29,196,145.69738497000003,0,8150,,,,,,,,,,,
4.0,101.37784957885742,7880,,,,,,196,0.14902359247207642,-4.123440742492676,0.0,0.0003,-0.0021859005384614605,6157.189514160156,0.0005650595,2588.4794921875,0.2,0.9593855738639832
,,7880,3.36,197,148.54948311,0,8166,,,,,,,,,,,
5.0,299.160099029541,7920,,,,,,197,0.058898866176605225,-4.1226524114608765,0.0,0.0003,0.0030314608586194947,9116.12777709961,0.0013314412,1980.6761474609375,0.2,0.9591652154922485
,,7920,3.29,198,143.57655246,0,8182,,,,,,,,,,,
5.0,406.17649841308594,7960,,,,,,198,0.02851283550262451,-4.122039794921875,0.05000000074505806,0.0003,-0.018161602741747718,9961.075256347656,0.004659687,5330.65576171875,0.2,0.9590429067611694
,,7960,3.32,199,146.13188302,0,8286,,,,,,,,,,,
5.0,340.3017349243164,8000,,,,,,199,0.03849846124649048,-4.121687233448029,0.0,0.0003,-0.007042219085269585,14734.03060913086,0.0009921059,8079.3037109375,0.2,0.9589418768882751
,,8000,3.22,200,134.66797417,0,8304,,,,,,,,,,,
5.0,470.9274215698242,8040,,,,,,200,-0.03012406826019287,-4.121392548084259,0.0,0.0003,-0.002212669826985758,12073.353393554688,0.00034516156,2079.99609375,0.2,0.9588475227355957
,,8040,3.17,201,127.21781185000002,0,8322,,,,,,,,,,,
5.0,282.6253547668457,8080,,,,,,201,0.06457453966140747,-4.1209641098976135,0.02500000037252903,0.0003,0.002010166321997575,10890.074096679688,0.0019243166,5340.87548828125,0.2,0.9587002992630005
,,8080,3.26,202,137.65152122,0,8338,,,,,,,,,,,
5.0,348.6185483932495,8120,,,,,,202,0.04842090606689453,-4.120305240154266,0.0,0.0003,0.003755359887145371,13643.299621582031,0.001778394,6737.0322265625,0.2,0.9584066271781921
,,8120,3.28,203,140.71956790000002,0,8391,,,,,,,,,,,
3.0,126.0340690612793,8160,,,,,,203,-0.0037838220596313477,-4.119207978248596,0.0,0.0003,0.005990636470960431,11989.359558105469,0.0010056928,1640.716796875,0.2,0.9581050872802734
,,8160,3.25,204,140.81172164999998,0,8406,,,,,,,,,,,
5.0,404.36597442626953,8200,,,,,,204,-0.024613499641418457,-4.118121802806854,0.0,0.0003,0.0017597424797708427,12930.068908691406,0.00026530176,6201.81005859375,0.2,0.9577646255493164
,,8200,3.28,205,148.83752600999998,0,8444,,,,,,,,,,,
5.0,374.5121612548828,8240,,,,,,205,0.09962517023086548,-4.117011606693268,0.0,0.0003,-0.0011380061521775175,16907.989685058594,8.15317e-05,3733.66796875,0.2,0.9574808478355408
,,8240,3.35,206,159.82766766999998,0,8459,,,,,,,,,,,
5.0,374.4707832336426,8280,,,,,,206,0.042333245277404785,-4.115630745887756,0.0,0.0003,-0.01612044971261639,10990.760040283203,0.0027078972,1899.7119140625,0.2,0.956893801689148
,,8280,3.51,207,173.33242663,0,8474,,,,,,,,,,,
4.0,205.80446243286133,8320,,,,,,207,0.10450971126556396,-4.114077091217041,0.02500000037252903,0.0003,-0.003251533102593296,12452.139709472656,0.0036963029,7732.80712890625,0.2,0.9565783739089966
,,8320,3.56,208,176.0485543,0,8490,,,,,,,,,,,
4.0,220.61981201171875,8360,,,,,,208,-0.021758198738098145,-4.112666010856628,0.0,0.0003,-0.004602806348702915,10788.388580322266,0.00020821841,971.4956665039062,0.2,0.9562312364578247
,,8360,3.7,209,188.53945561999998,0,8506,,,,,,,,,,,
5.0,311.14370346069336,8400,,,,,,209,0.10783153772354126,-4.111868679523468,0.0,0.0003,-0.005954597236996095,9936.054412841797,0.00076937524,4085.405517578125,0.2,0.9560770392417908
,,8400,3.76,210,196.34968086,0,8520,,,,,,,,,,,
5.0,284.0612449645996,8440,,,,,,210,0.04544621706008911,-4.111262321472168,0.0,0.0003,0.008656555405468724,12608.175415039062,0.00074592384,6770.5224609375,0.2,0.9559649229049683
,,8440,3.76,211,193.35569083000001,0,8540,,,,,,,,,,,
1.0,-5.0,8480,,,,,,211,-0.03952300548553467,-4.111101269721985,0.0,0.0003,-0.001254428664242413,10192.61410522461,0.00015089512,6343.4638671875,0.2,0.9560284614562988
,,8480,3.73,212,188.2537767,0,8731,,,,,,,,,,,
4.0,253.3339080810547,8520,,,,,,212,0.07957714796066284,-4.111297309398651,0.0,0.0003,-0.0035769475347479096,12839.695739746094,0.000351502,6942.828125,0.2,0.9560866355895996
,,8520,3.68,213,184.55365499000004,0,8748,,,,,,,,,,,
3.0,149.4430694580078,8560,,,,,,213,0.06391656398773193,-4.111209571361542,0.0,0.0003,-0.003387286630458952,11079.591735839844,0.0003184438,2098.936279296875,0.2,0.956012487411499
,,8560,3.77,214,191.22260045000002,0,8762,,,,,,,,,,,
2.0,48.68156814575195,8600,,,,,,214,0.002041637897491455,-4.111016511917114,0.02500000037252903,0.0003,-0.006434692651964724,17567.135009765625,0.0016825111,14271.9345703125,0.2,0.9559964537620544
,,8600,3.71,215,185.21415392999998,0,8776,,,,,,,,,,,
3.0,128.54229736328125,8640,,,,,,215,0.04669862985610962,-4.110990583896637,0.0,0.0003,0.004192515565955568,11727.3720703125,0.00035654902,6869.8671875,0.2,0.9559006690979004
,,8640,3.68,216,183.69114034000003,0,8793,,,,,,,,,,,
2.0,55.47633361816406,8680,,,,,,216,0.006427109241485596,-4.11025196313858,0.0,0.0003,-0.01223366101330603,12362.14990234375,0.0011094153,7410.865234375,0.2,0.9555972814559937
,,8680,3.68,217,182.788559,0,8850,,,,,,,,,,,
5.0,425.2727737426758,8720,,,,,,217,0.10345572233200073,-4.109425365924835,0.05000000074505806,0.0003,-0.014010713786410611,10314.45240020752,0.0051863403,6242.59619140625,0.2,0.9554932117462158
,,8720,3.6,218,176.12895798000005,0,8866,,,,,,,,,,,
5.0,424.78271484375,8760,,,,,,218,0.07768106460571289,-4.109076499938965,0.0,0.0003,0.007307982363272458,13762.237976074219,0.0007019058,4232.806640625,0.2,0.9553747177124023
,,8760,3.63,219,180.63959282999997,0,8881,,,,,,,,,,,
4.0,99.6170711517334,8800,,,,,,219,0.00396651029586792,-4.108751833438873,0.1250000037252903,0.0003,0.01227433812055101,17614.65985107422,0.0057889125,9039.86328125,0.2,0.9553810954093933
,,8800,3.71,220,190.42047341000006,0,8897,,,,,,,,,,,
5.0,328.3623237609863,8840,,,,,,220,-0.027025222778320312,-4.108839333057404,0.0,0.0003,-0.006058545759878964,11677.392395019531,0.001828778,7480.9208984375,0.2,0.955436110496521
,,8840,3.62,221,185.72460959,0,8915,,,,,,,,,,,
2.0,19.920909881591797,8880,,,,,,221,-0.028183817863464355,-4.108642160892487,0.0,0.0003,0.003050790706765838,14957.573486328125,0.00046647043,9959.44921875,0.2,0.9552006721496582
,,8880,3.6,222,183.20972923000002,0,8932,,,,,,,,,,,
5.0,161.5446605682373,8920,,,,,,222,0.061040520668029785,-4.107740879058838,0.0,0.0003,-0.004027141695041703,11270.1611328125,0.00041455176,4119.220703125,0.2,0.955031156539917
,,8920,3.52,223,173.40858642999999,0,8977,,,,,,,,,,,
5.0,372.64112091064453,8960,,,,,,223,0.036839962005615234,-4.107255220413208,0.0,0.0003,-0.003922974641318078,13396.456726074219,0.00033078046,9707.837890625,0.2,0.9549038410186768
,,8960,3.62,224,184.63434252000002,0,9031,,,,,,,,,,,
2.0,35.42678451538086,9000,,,,,,224,0.047821044921875,-4.1067750453948975,0.0,0.0003,-0.0037749344715849453,12632.9248046875,0.00016158968,3786.7197265625,0.2,0.9547820091247559
,,9000,3.61,225,181.50379654999998,0,9092,,,,,,,,,,,
5.0,385.8515319824219,9040,,,,,,225,0.05594092607498169,-4.106368362903595,0.0,0.0003,0.007158646229072474,13313.604675292969,0.00021380931,5638.13037109375,0.2,0.9546912908554077
,,9040,3.6,226,181.33961679000004,0,9107,,,,,,,,,,,
4.0,147.8597469329834,9080,,,,,,226,0.13721179962158203,-4.106053411960602,0.0,0.0003,0.001386679032293614,10608.684020996094,0.000119180986,3846.403076171875,0.2,0.954584538936615
,,9080,3.58,227,184.32422044999998,0,9122,,,,,,,,,,,
1.0,-5.0,9120,,,,,,227,-0.03360426425933838,-4.105218291282654,0.02500000037252903,0.0003,-0.01572309900657265,15098.830871582031,0.0017662599,12666.564453125,0.2,0.9541823863983154
,,9120,3.55,228,177.44257259000005,0,9139,,,,,,,,,,,
5.0,367.08350944519043,9160,,,,,,228,0.044115304946899414,-4.104070782661438,0.0,0.0003,0.0014931316487490909,14118.564453125,0.0008079946,11456.5283203125,0.2,0.9539429545402527
,,9160,3.45,229,166.78693900000002,1,9155,,,,,,,,,,,
5.0,265.06202697753906,9200,,,,,,229,0.028630554676055908,-4.103125631809235,0.0,0.0003,-0.002590482780942871,10893.609558105469,0.00042846205,3879.7373046875,0.2,0.9535574913024902
,,9200,3.53,230,171.86402534999996,1,9172,,,,,,,,,,,
2.0,57.221641540527344,9240,,,,,,230,0.08200854063034058,-4.101883292198181,0.0,0.0003,0.0027542271505808236,11729.761657714844,0.00011732429,6927.54345703125,0.2,0.9531896114349365
,,9240,3.54,231,173.95642378999997,1,9188,,,,,,,,,,,
4.0,199.76226425170898,9280,,,,,,231,0.0377354621887207,-4.100775897502899,0.0,0.0003,-0.001621754546317744,11435.134582519531,6.82339e-05,6074.09521484375,0.2,0.9529507160186768
,,9280,3.55,232,173.18008204999998,1,9228,,,,,,,,,,,
5.0,330.4540367126465,9320,,,,,,232,0.11827850341796875,-4.099930167198181,0.0,0.0003,-0.0013033375667645952,7602.219970703125,0.00010814369,2164.560302734375,0.2,0.9527568221092224
,,9320,3.52,233,174.59889801,1,9242,,,,,,,,,,,
3.0,151.0094757080078,9360,,,,,,233,0.0020070672035217285,-4.099314033985138,0.0,0.0003,-0.007942576747154817,14816.303405761719,0.0009354622,4230.48193359375,0.2,0.9526036977767944
,,9360,3.44,234,166.09089932999998,1,9259,,,,,,,,,,,
5.0,316.80285453796387,9400,,,,,,234,-0.09066939353942871,-4.098795056343079,0.02500000037252903,0.0003,-0.004119956342037767,9955.541625976562,0.002535023,4000.92578125,0.2,0.9524900913238525
,,9400,3.41,235,161.05263464,1,9312,,,,,,,,,,,
5.0,244.63583946228027,9440,,,,,,235,0.009651660919189453,-4.098349452018738,0.0,0.0003,0.0021845441703591817,10922.410400390625,0.00013554246,3817.258544921875,0.2,0.952408492565155
,,9440,3.53,236,168.88296646999999,1,9369,,,,,,,,,,,
5.0,130.65969848632812,9480,,,,,,236,0.08189797401428223,-4.098053753376007,0.02500000037252903,0.0003,-0.010215202089602915,13320.218994140625,0.0016460032,4571.5615234375,0.2,0.9522501230239868
,,9480,3.53,237,167.4839204,1,9387,,,,,,,,,,,
5.0,355.76184844970703,9520,,,,,,237,0.01774996519088745,-4.097400605678558,0.02500000037252903,0.0003,-0.010724926245166522,9133.532775878906,0.003553903,6616.7978515625,0.2,0.952105700969696
,,9520,3.48,238,162.49600359000002,1,9407,,,,,,,,,,,
5.0,261.5811767578125,9560,,,,,,238,0.08567935228347778,-4.0970945954322815,0.0,0.0003,0.0004545573203358355,13012.383605957031,0.00042416007,10751.2333984375,0.2,0.952023446559906
,,9560,3.54,239,166.84462874999997,1,9423,,,,,,,,,,,
5.0,297.4831733703613,9600,,,,,,239,0.12833625078201294,-4.096766293048859,0.0,0.0003,0.0014354377643031047,9017.942993164062,0.0002198562,5003.23291015625,0.2,0.951982855796814
,,9600,3.52,240,163.49133621,1,9523,,,,,,,,,,,
4.0,188.46580505371094,9640,,,,,,240,0.05822610855102539,-4.096596121788025,0.0,0.0003,-0.00364887861651364,11229.936218261719,0.00024005174,6002.42724609375,0.2,0.9518758058547974
,,9640,3.54,241,166.30199097000005,1,9577,,,,,,,,,,,
5.0,239.05152893066406,9680,,,,,,241,0.08027446269989014,-4.096275568008423,0.0,0.0003,-0.021329570718808366,11437.085266113281,0.0018248588,8029.76025390625,0.2,0.9517531394958496
,,9680,3.57,242,165.26681834,1,9592,,,,,,,,,,,
2.0,41.43268585205078,9720,,,,,,242,0.05893433094024658,-4.095863163471222,0.02500000037252903,0.0003,-0.027664748620008783,11838.877075195312,0.0023948103,8121.923828125,0.2,0.9515768885612488
,,9720,3.59,243,170.06069620000002,1,9608,,,,,,,,,,,
3.0,113.06774139404297,9760,,,,,,243,-0.0016497373580932617,-4.0953046679496765,0.0,0.0003,-0.01053850885364227,13517.118408203125,0.001268886,1925.8525390625,0.2,0.9514477252960205
,,9760,3.51,244,164.69185703999995,1,9626,,,,,,,,,,,
5.0,301.94036865234375,9800,,,,,,244,0.05260062217712402,-4.094908773899078,0.0,0.0003,5.4018887021833883e-05,12809.132446289062,0.00071036816,6882.89208984375,0.2,0.9513223171234131
,,9800,3.54,245,165.98777587,1,9641,,,,,,,,,,,
5.0,373.30604553222656,9840,,,,,,245,0.11759597063064575,-4.094529867172241,0.0,0.0003,-0.000344264405430339,10396.505737304688,0.00022969843,2978.070556640625,0.2,0.9512717127799988
,,9840,3.57,246,173.12334309000002,1,9658,,,,,,,,,,,
5.0,337.32763671875,9880,,,,,,246,0.036903560161590576,-4.0942219495773315,0.0,0.0003,0.00022904890356589824,15572.526733398438,0.00030091853,5252.05078125,0.2,0.9511052966117859
,,9880,3.67,247,182.31196054,1,9674,,,,,,,,,,,
5.0,252.21291375160217,9920,,,,,,247,0.1076626181602478,-4.093519806861877,0.0,0.0003,-0.0018461696341546263,11957.517578125,0.00053577276,3911.2724609375,0.2,0.950897216796875
,,9920,3.62,248,180.60453692000002,1,9696,,,,,,,,,,,
5.0,366.2617378234863,9960,,,,,,248,-0.004758119583129883,-4.092787027359009,0.0,0.0003,-0.0006020791595802155,14016.918823242188,0.00017599018,12142.8505859375,0.2,0.9507204294204712
,,9960,3.72,249,192.93927899000002,1,9708,,,,,,,,,,,
2.0,-10.0,10000,,,,,,249,0.1554843783378601,-4.092161238193512,0.0,0.0003,0.00035321026225576535,14153.2041015625,0.00025810453,6272.98291015625,0.2,0.9505448341369629
,,10000,3.66,250,191.3517574,1,9723,,,,,,,,,,,
2.0,41.26531219482422,10040,,,,,,250,-0.04274570941925049,-4.091385245323181,0.0,0.0003,0.004102257731574355,11730.877746582031,0.00015073568,6650.927734375,0.2,0.9502853751182556
,,10040,3.58,251,187.27523108000003,1,9738,,,,,,,,,,,
5.0,330.435848236084,10080,,,,,,251,-0.017427921295166016,-4.090442359447479,0.0,0.0003,0.0019387557578738335,12451.229675292969,5.0608814e-05,3103.669677734375,0.2,0.9499620795249939
,,10080,3.59,252,185.56055173999997,1,9753,,,,,,,,,,,
3.0,115.66459655761719,10120,,,,,,252,0.040906429290771484,-4.0894216895103455,0.0,0.0003,0.001765537243773041,11965.977905273438,9.0202695e-05,3827.583251953125,0.2,0.9497243165969849
,,10120,3.62,253,188.77886557999997,1,9768,,,,,,,,,,,
5.0,383.4233207702637,10160,,,,,,253,-0.07126104831695557,-4.088689208030701,0.0,0.0003,0.0012264211327419616,12968.966918945312,7.067025e-05,4796.693359375,0.2,0.9495254755020142
,,10160,3.49,254,177.61284948,1,9784,,,,,,,,,,,
1.0,-5.0,10200,,,,,,254,0.0034270286560058594,-4.088060617446899,0.0,0.0003,-0.004525158629985482,14045.944519042969,0.0003275186,7893.68359375,0.2,0.9493091106414795
,,10200,3.39,255,172.49727703,1,9799,,,,,,,,,,,
5.0,340.6365451812744,10240,,,,,,255,-0.018510103225708008,-4.08741170167923,0.0,0.0003,-0.00033458851321488403,13899.009399414062,0.00035160483,4578.7919921875,0.2,0.9491010904312134
,,10240,3.36,256,166.60776295,1,9816,,,,,,,,,,,
5.0,314.9834785461426,10280,,,,,,256,0.11708009243011475,-4.086959064006805,0.0,0.0003,0.0016623179777521813,9736.518005371094,0.0008633926,8161.921875,0.2,0.9492241144180298
,,10280,3.42,257,171.30589888999998,1,9831,,,,,,,,,,,
5.0,337.2517509460449,10320,,,,,,257,0.11309957504272461,-4.0873658657073975,0.0,0.0003,-0.004006893324548955,10661.439376831055,0.00056363794,5684.640625,0.2,0.9494574069976807
,,10320,3.42,258,173.37973419999997,1,9882,,,,,,,,,,,
5.0,346.02515029907227,10360,,,,,,258,0.07824695110321045,-4.088252782821655,0.0,0.0003,-0.0023275450861547364,16055.697570800781,0.0009251684,7118.50244140625,0.2,0.9497496485710144
,,10360,3.47,259,176.25027671,1,9907,,,,,,,,,,,
3.0,128.375732421875,10400,,,,,,259,0.10047918558120728,-4.088663041591644,0.0,0.0003,-0.004825922548479911,14449.06787109375,0.00091135356,5838.873046875,0.2,0.9497812986373901
,,10400,3.5,260,176.21953485000003,1,9939,,,,,,,,,,,
5.0,403.5059127807617,10440,,,,,,260,0.047440946102142334,-4.088571548461914,0.0,0.0003,0.0013904637889936566,13092.579833984375,0.00027165713,6026.57421875,0.2,0.9497144222259521
,,10440,3.51,261,180.05700879,1,9953,,,,,,,,,,,
4.0,145.794677734375,10480,,,,,,261,0.03537791967391968,-4.088324725627899,0.0,0.0003,-0.004984141208114856,12490.41943359375,0.00043209345,1678.2508544921875,0.2,0.9496597647666931
,,10480,3.59,262,186.54806797000003,1,9969,,,,,,,,,,,
5.0,387.04507064819336,10520,,,,,,262,0.04693835973739624,-4.087955713272095,0.0,0.0003,0.009097914677113295,12550.621826171875,0.0015837147,4799.703125,0.2,0.9495267868041992
,,10520,3.69,263,192.53713940999995,1,9983,,,,,,,,,,,
4.0,124.54262161254883,10560,,,,,,263,0.17013460397720337,-4.087458848953247,0.0,0.0003,0.0005116671061842215,7861.106491088867,0.00017914176,2248.25048828125,0.2,0.9492882490158081
,,10560,3.8,264,204.39506326,1,9998,,,,,,,,,,,
5.0,335.8309020996094,10600,,,,,,264,0.12586021423339844,-4.085988223552704,0.0,0.0003,-0.005324513319646895,11418.938537597656,0.002358167,2141.82958984375,0.2,0.9485928416252136
,,10600,3.9,265,211.40290946000005,1,10012,,,,,,,,,,,
3.0,124.32481384277344,10640,,,,,,265,0.012587308883666992,-4.084070801734924,0.0,0.0003,-0.006451729760738045,13308.66275024414,0.0010038763,1898.8626708984375,0.2,0.9481698870658875
,,10640,3.91,266,215.81369523000004,1,10025,,,,,,,,,,,
5.0,394.7900619506836,10680,,,,,,266,0.07473772764205933,-4.083074986934662,0.0,0.0003,0.0004167497230809225,12882.86767578125,0.000116173935,6997.56591796875,0.2,0.9480177760124207
,,10680,3.97,267,221.44107275000002,1,10038,,,,,,,,,,,
3.0,78.18047714233398,10720,,,,,,267,0.16811203956604004,-4.08283543586731,0.0,0.0003,0.0021113708207849413,11144.140747070312,0.00016192943,3785.14990234375,0.2,0.9479819536209106
,,10720,3.95,268,217.97917021,1,10093,,,,,,,,,,,
4.0,123.46629905700684,10760,,,,,,268,0.10769104957580566,-4.082456588745117,0.0,0.0003,-0.002388382013305046,10929.145751953125,0.00015920849,3245.66064453125,0.2,0.9478181600570679
,,10760,3.95,269,217.90253217999995,1,10108,,,,,,,,,,,
5.0,324.05051708221436,10800,,,,,,269,0.12497937679290771,-4.081973493099213,0.0,0.0003,0.0016247800289419523,13540.082275390625,0.00052041415,4504.39404296875,0.2,0.9477260112762451
,,10800,3.94,270,218.60650111000004,1,10124,,,,,,,,,,,
4.0,167.49753952026367,10840,,,,,,270,-0.06265020370483398,-4.081755876541138,0.0,0.0003,0.00310539148613298,12031.690139770508,0.00043032318,8321.2294921875,0.2,0.9476776123046875
,,10840,3.9,271,215.56705798,1,10138,,,,,,,,,,,
5.0,215.49265575408936,10880,,,,,,271,0.04982423782348633,-4.0814074873924255,0.0,0.0003,0.0023701705249550287,12318.880233764648,0.0002094552,4636.6162109375,0.2,0.9475438594818115
,,10880,3.92,272,218.55013875,1,10154,,,,,,,,,,,
4.0,232.1938018798828,10920,,,,,,272,0.041508376598358154,-4.080924212932587,0.0,0.0003,0.0028214067322549496,12849.177490234375,6.1252715e-05,8006.41357421875,0.2,0.9474467039108276
,,10920,3.92,273,218.30189706,1,10169,,,,,,,,,,,
3.0,94.83917617797852,10960,,,,,,273,0.08174800872802734,-4.080392897129059,0.0,0.0003,-0.008071641612332314,10422.571655273438,0.00083414017,5502.78515625,0.2,0.9471919536590576
,,10960,3.77,274,205.87440862999995,1,10184,,,,,,,,,,,
5.0,317.03161239624023,11000,,,,,,274,0.04047584533691406,-4.079579532146454,0.0,0.0003,0.00461662866146062,14340.398620605469,0.00033652186,5201.6533203125,0.2,0.9470449686050415
,,11000,3.72,275,199.05013395999998,1,10197,,,,,,,,,,,
3.0,21.586676597595215,11040,,,,,,275,0.18783926963806152,-4.079080820083618,0.0,0.0003,-0.008543969553738817,9632.644012451172,0.0008721024,6839.18115234375,0.2,0.9468364715576172
,,11040,3.74,276,201.13697525,1,10211,,,,,,,,,,,
5.0,198.1393117904663,11080,,,,,,276,0.07399106025695801,-4.07808393239975,0.0,0.0003,0.007866351573466046,14131.419982910156,0.0006973818,8808.6044921875,0.2,0.946394681930542
,,11080,3.73,277,200.79813506000002,1,10225,,,,,,,,,,,
5.0,380.0882873535156,11120,,,,,,277,0.08857136964797974,-4.076685011386871,0.0,0.0003,0.0005920727264310255,12073.78564453125,0.00035792144,6043.115234375,0.2,0.9460320472717285
,,11120,3.72,278,194.91258331999998,1,10257,,,,,,,,,,,
1.0,-5.0,11160,,,,,,278,0.021116793155670166,-4.075400471687317,0.0,0.0003,0.0034675628645346457,12973.045959472656,0.00039238483,6185.14208984375,0.2,0.9456775188446045
,,11160,3.72,279,195.89618776999995,1,10270,,,,,,,,,,,
5.0,358.54198837280273,11200,,,,,,279,0.14029395580291748,-4.074407160282135,0.0,0.0003,0.0009318633819930255,11296.084533691406,0.0001229629,3902.705810546875,0.2,0.9454014301300049
,,11200,3.71,280,195.11925563999998,1,10308,,,,,,,,,,,
2.0,56.09771728515625,11240,,,,,,280,0.05389910936355591,-4.073521018028259,0.0,0.0003,-0.0002922288142144236,14683.412658691406,0.00056563766,9821.4716796875,0.2,0.9452073574066162
,,11240,3.76,281,198.61817256000006,1,10320,,,,,,,,,,,
5.0,303.2731685638428,11280,,,,,,281,0.1470022201538086,-4.0729504227638245,0.0,0.0003,0.0015189684905635437,8003.122009277344,0.000114572045,5914.85400390625,0.2,0.9451990127563477
,,11280,3.8,282,199.68494436000003,1,10333,,,,,,,,,,,
4.0,219.55107879638672,11320,,,,,,282,0.09830987453460693,-4.073388457298279,0.0,0.0003,-0.0019410030567087455,12412.566040039062,0.0010884732,5730.53271484375,0.2,0.9454626441001892
,,11320,3.85,283,203.12831470999998,1,10350,,,,,,,,,,,
5.0,271.4370651245117,11360,,,,,,283,0.14581918716430664,-4.073904097080231,0.0,0.0003,0.002242839266545893,9615.625854492188,0.00032295584,3089.818603515625,0.2,0.9455538988113403
,,11360,3.88,284,205.86263439,1,10367,,,,,,,,,,,
3.0,144.72364044189453,11400,,,,,,284,0.1216621994972229,-4.07355409860611,0.05000000074505806,0.0003,0.020270553592126817,12561.4013671875,0.0038514165,5640.255859375,0.2,0.9452430605888367
,,11400,3.82,285,202.23839364000003,1,10383,,,,,,,,,,,
5.0,291.52964782714844,11440,,,,,,285,0.06723290681838989,-4.072246611118317,0.0,0.0003,0.012596995057538196,13828.683471679688,0.0018012048,8543.5859375,0.2,0.9449203014373779
,,11440,3.76,286,198.56966219000003,1,10399,,,,,,,,,,,
4.0,172.15290451049805,11480,,,,,,286,0.10814666748046875,-4.071367979049683,0.0,0.0003,0.005674314859788865,14969.921203613281,0.00022663026,7896.828125,0.2,0.9446257948875427
,,11480,3.72,287,198.19681713000003,1,10455,,,,,,,,,,,
5.0,353.3767318725586,11520,,,,,,287,0.05464404821395874,-4.070165634155273,0.0,0.0003,-0.0006799832113761894,13587.374389648438,0.00047730355,5835.0537109375,0.2,0.944333016872406
,,11520,3.68,288,199.09330562000002,1,10490,,,,,,,,,,,
5.0,239.8197808265686,11560,,,,,,288,0.0010457634925842285,-4.0693336725234985,0.0,0.0003,-0.006306140351807654,13540.634704589844,0.00032249544,7136.95263671875,0.2,0.9441193342208862
,,11560,3.81,289,206.19055410999997,1,10506,,,,,,,,,,,
5.0,311.22632598876953,11600,,,,,,289,0.15018600225448608,-4.068412780761719,0.0,0.0003,-0.0038557012798263735,9692.88037109375,0.00087869464,2326.720947265625,0.2,0.9436715841293335
,,11600,3.69,290,198.24035242,1,10521,,,,,,,,,,,
4.0,216.3241424560547,11640,,,,,,290,-0.03189849853515625,-4.066789031028748,0.0,0.0003,-0.017085520265391008,14646.337860107422,0.0016249047,7645.599609375,0.2,0.9431368708610535
,,11640,3.57,291,191.25595377000002,1,10597,,,,,,,,,,,
3.0,142.21173095703125,11680,,,,,,291,0.038275718688964844,-4.0651895403862,0.0,0.0003,0.0162935998057947,12979.505432128906,0.0015412152,6066.87158203125,0.2,0.942746639251709
,,11680,3.46,292,180.13376883999993,1,10644,,,,,,,,,,,
4.0,231.54501724243164,11720,,,,,,292,-0.09551596641540527,-4.064142823219299,0.0,0.0003,0.006422302787541412,13703.326721191406,0.0002421841,5360.1171875,0.2,0.9425293803215027
,,11720,3.49,293,181.56987439,1,10659,,,,,,,,,,,
5.0,293.9919776916504,11760,,,,,,293,0.05637633800506592,-4.0635910630226135,0.0,0.0003,0.0025309816512162353,12275.502349853516,0.00012780876,1874.13232421875,0.2,0.9424118995666504
,,11760,3.49,294,178.058281,1,10756,,,,,,,,,,,
5.0,291.6718292236328,11800,,,,,,294,0.08325392007827759,-4.063179969787598,0.0,0.0003,0.0007639378218300408,11418.644348144531,0.0003758952,3605.026611328125,0.2,0.9422445297241211
,,11800,3.52,295,182.74722871999998,1,10771,,,,,,,,,,,
3.0,141.9931526184082,11840,,,,,,295,0.08924281597137451,-4.062581896781921,0.0,0.0003,-0.001538183167576701,12759.576568603516,0.00067212584,5292.552734375,0.2,0.94222491979599
,,11840,3.55,296,184.47057416999996,1,10860,,,,,,,,,,,
5.0,414.5734634399414,11880,,,,,,296,-0.09646725654602051,-4.062593698501587,0.0,0.0003,0.00788635381031777,13716.359008789062,0.0013416872,7035.0966796875,0.2,0.9422215223312378
,,11880,3.54,297,183.6174937,1,10918,,,,,,,,,,,
4.0,110.3322057723999,11920,,,,,,297,0.032879531383514404,-4.0621450543403625,0.0,0.0003,0.0008202908647945151,17364.421447753906,0.0007451669,11489.8828125,0.2,0.94196617603302
,,11920,3.52,298,185.80514989,1,10934,,,,,,,,,,,
5.0,334.89147186279297,11960,,,,,,298,0.08900821208953857,-4.061322212219238,0.0,0.0003,0.00864452141031502,10807.393371582031,0.0012667938,855.7582397460938,0.2,0.9417335987091064
,,11960,3.45,299,177.80950871999997,1,10952,,,,,,,,,,,
4.0,175.5664291381836,12000,,,,,,299,0.004943549633026123,-4.060995399951935,0.0,0.0003,0.001731815136826853,13196.71728515625,0.0005414188,6007.8095703125,0.2,0.9416906833648682
,,12000,3.5,300,185.43692645999997,1,10969,,,,,,,,,,,
5.0,322.39487075805664,12040,,,,,,300,0.1439773440361023,-4.060887157917023,0.0,0.0003,-0.005628089798847213,10578.340927124023,0.00024146438,3740.506103515625,0.2,0.9417399764060974
,,12040,3.6,301,193.62797614000002,1,10985,,,,,,,,,,,
5.0,395.36424255371094,12080,,,,,,301,0.12167292833328247,-4.061243414878845,0.0,0.0003,0.003793431726990093,10411.568481445312,0.00056734384,7824.89404296875,0.2,0.9418622851371765
,,12080,3.55,302,190.46892588,1,11002,,,,,,,,,,,
5.0,183.15827178955078,12120,,,,,,302,0.06309229135513306,-4.0611714124679565,0.0,0.0003,0.0024259786558105123,11934.464599609375,0.00024337471,7175.96435546875,0.2,0.9416674971580505
,,12120,3.59,303,193.13373516999997,1,11019,,,,,,,,,,,
3.0,50.49490809440613,12160,,,,,,303,0.1912207007408142,-4.060553848743439,0.0,0.0003,-0.0008962851399700877,8270.107482910156,0.00011722594,5739.52783203125,0.2,0.9415338039398193
,,12160,3.53,304,185.33571503,1,11124,,,,,,,,,,,
5.0,243.8478126525879,12200,,,,,,304,0.050853729248046875,-4.060177505016327,0.0,0.0003,0.015051220543682575,13618.2578125,0.0019717216,2816.420166015625,0.2,0.941499650478363
,,12200,3.65,305,192.55187994999997,1,11142,,,,,,,,,,,
5.0,331.3912239074707,12240,,,,,,305,0.1553744673728943,-4.05968451499939,0.0,0.0003,0.0024129620287567377,12328.792297363281,0.00044602156,5188.18359375,0.2,0.9410859942436218
,,12240,3.74,306,201.71240188999997,1,11156,,,,,,,,,,,
1.0,-5.0,12280,,,,,,306,0.07525938749313354,-4.058476150035858,0.0,0.0003,0.006351527664810397,14640.928405761719,0.00039693413,7617.7158203125,0.2,0.9408520460128784
,,12280,3.67,307,193.29156632000002,1,11211,,,,,,,,,,,
5.0,388.70445251464844,12320,,,,,,307,0.08748042583465576,-4.0574657917022705,0.0,0.0003,-0.004703022632747911,13064.114807128906,0.00079803023,13177.572265625,0.2,0.9404592514038086
,,12320,3.78,308,204.74830477,1,11225,,,,,,,,,,,
5.0,316.60641860961914,12360,,,,,,308,0.14345157146453857,-4.056588411331177,0.0,0.0003,-0.004277472820831463,9790.240783691406,0.0006364986,5224.083984375,0.2,0.9403397440910339
,,12360,3.72,309,196.97754771,1,11242,,,,,,,,,,,
5.0,368.4925594329834,12400,,,,,,309,0.05275040864944458,-4.055910885334015,0.02500000037252903,0.0003,-0.0137410665047355,10107.243530273438,0.0029157284,6943.58544921875,0.2,0.940064549446106
,,12400,3.84,310,205.26517909000003,1,11256,,,,,,,,,,,
5.0,271.4113578796387,12440,,,,,,310,0.17951416969299316,-4.054847955703735,0.02500000037252903,0.0003,-0.00017304007778884412,10821.137512207031,0.00300141,8241.5068359375,0.2,0.9396963119506836
,,12440,3.84,311,208.02274823,1,11270,,,,,,,,,,,
5.0,308.9595432281494,12480,,,,,,311,0.12313222885131836,-4.053395092487335,0.1250000037252903,0.0003,0.01326688933186232,9816.527526855469,0.008524404,5459.919921875,0.2,0.9391624331474304
,,12480,3.9,312,211.06773987,1,11286,,,,,,,,,,,
5.0,327.5792007446289,12520,,,,,,312,0.15330475568771362,-4.051784574985504,0.0,0.0003,0.011855284319608472,9689.881851196289,0.0007208735,5409.83056640625,0.2,0.9387989044189453
,,12520,3.95,313,214.44703547,1,11302,,,,,,,,,,,
5.0,336.4958267211914,12560,,,,,,313,0.11535370349884033,-4.050649702548981,0.0,0.0003,0.002465286190272309,10356.54475402832,0.0006271467,3257.973876953125,0.2,0.9386409521102905
,,12560,3.98,314,219.29953672999991,1,11317,,,,,,,,,,,
5.0,186.24951553344727,12600,,,,,,314,0.10971540212631226,-4.050164461135864,0.0,0.0003,0.0007335328366253613,13680.351013183594,0.0004450172,8761.642578125,0.2,0.9385296106338501
,,12600,3.94,315,217.71174692,1,11332,,,,,,,,,,,
5.0,420.54547119140625,12640,,,,,,315,0.04522395133972168,-4.049697995185852,0.0,0.0003,-0.005686032737139968,12725.140319824219,0.0008571923,5335.125,0.2,0.938352108001709
,,12640,3.93,316,217.08643990999997,1,11377,,,,,,,,,,,
5.0,370.9429512023926,12680,,,,,,316,0.1357852816581726,-4.049114763736725,0.0,0.0003,-0.0007977188681251857,12330.756225585938,0.0006719306,4159.77392578125,0.2,0.9382216930389404
,,12680,4.05,317,227.99306804000003,1,11391,,,,,,,,,,,
5.0,314.1445093154907,12720,,,,,,317,0.015764474868774414,-4.048921465873718,0.0,0.0003,-0.018831147678429305,11316.894287109375,0.0013209865,5549.32177734375,0.2,0.9382173418998718
,,12720,4.0,318,222.46861774,1,11424,,,,,,,,,,,
5.0,361.74417877197266,12760,,,,,,318,0.05485427379608154,-4.048889696598053,0.0,0.0003,-0.006645915670378644,12528.523132324219,0.000839679,7469.322265625,0.2,0.9381837844848633
,,12760,4.02,319,224.49887177999997,1,11440,,,,,,,,,,,
5.0,389.40228271484375,12800,,,,,,319,0.08805990219116211,-4.048492431640625,0.10000000335276127,0.0003,0.005891893757507205,11799.968933105469,0.0061356323,3171.573974609375,0.2,0.9379760026931763
,,12800,3.96,320,219.48033773000003,1,11455,,,,,,,,,,,
4.0,250.66192626953125,12840,,,,,,320,0.06622737646102905,-4.047634959220886,0.0,0.0003,0.0025705934764118643,12212.164306640625,0.001310569,8726.095703125,0.2,0.9376522302627563
,,12840,3.99,321,225.20007091,1,11469,,,,,,,,,,,
4.0,176.67815017700195,12880,,,,,,321,0.13656115531921387,-4.046523988246918,0.0,0.0003,0.007101996781420539,12255.465454101562,0.00045812427,9045.7724609375,0.2,0.937353789806366
,,12880,3.77,322,207.92241776,1,11528,,,,,,,,,,,
5.0,342.6611785888672,12920,,,,,,322,0.0074266791343688965,-4.045550346374512,0.0,0.0003,0.004671739810146347,15131.053283691406,0.0011879116,1360.8284912109375,0.2,0.9370531439781189
,,12920,3.78,323,211.60539884000002,1,11543,,,,,,,,,,,
5.0,318.7038879394531,12960,,,,,,323,0.08796989917755127,-4.044653058052063,0.0,0.0003,0.0052097769759711365,11646.185424804688,0.0002946481,2496.321044921875,0.2,0.9368659257888794
,,12960,3.75,324,204.30850578999997,1,11561,,,,,,,,,,,
5.0,364.53945541381836,13000,,,,,,324,0.04417061805725098,-4.044061481952667,0.0,0.0003,0.004492006555665284,9787.079956054688,0.0003152013,6632.39111328125,0.2,0.936734139919281
,,13000,3.75,325,208.33513415000002,1,11577,,,,,,,,,,,
5.0,363.060115814209,13040,,,,,,325,0.049821436405181885,-4.043631613254547,0.02500000037252903,0.0003,0.006425044541629177,15282.919189453125,0.0010464787,6665.890625,0.2,0.9365097880363464
,,13040,3.76,326,206.33901064999998,1,11593,,,,,,,,,,,
5.0,342.18416595458984,13080,,,,,,326,0.06459933519363403,-4.043250322341919,0.0,0.0003,-0.00917926112015266,12404.089447021484,0.001513456,7100.67724609375,0.2,0.9367469549179077
,,13080,3.67,327,199.80878475,1,11609,,,,,,,,,,,
5.0,282.3243193626404,13120,,,,,,327,-0.008970856666564941,-4.044258773326874,0.0,0.0003,0.0053437278023920065,17802.52474975586,0.0024194077,12587.59765625,0.2,0.9369546175003052
,,13120,3.72,328,205.94172089,1,11624,,,,,,,,,,,
5.0,282.86666679382324,13160,,,,,,328,0.13007813692092896,-4.044704079627991,0.0,0.0003,0.0024794080025447585,10772.227844238281,0.0007001921,6389.33203125,0.2,0.9370055198669434
,,13160,3.69,329,200.45783108,1,11665,,,,,,,,,,,
3.0,122.70434951782227,13200,,,,,,329,0.10049527883529663,-4.044686496257782,0.0,0.0003,-0.0031857043053605816,10148.331909179688,0.00018550456,2231.793701171875,0.2,0.9368906021118164
,,13200,3.67,330,199.94207369000003,1,11680,,,,,,,,,,,
5.0,365.56650161743164,13240,,,,,,330,0.07200872898101807,-4.043966174125671,0.0,0.0003,-0.0007423315371852812,15881.936279296875,0.0005283415,3904.78369140625,0.2,0.936686635017395
,,13240,3.75,331,210.64879434,1,11695,,,,,,,,,,,
5.0,280.1857147216797,13280,,,,,,331,0.0661652684211731,-4.043518960475922,0.0,0.0003,-0.0008163839986081722,17627.334014892578,0.0005122721,1491.0670166015625,0.2,0.9365386366844177
,,13280,3.77,332,208.88944004000004,1,11714,,,,,,,,,,,
5.0,331.0626640319824,13320,,,,,,332,-0.015282750129699707,-4.0428919196128845,0.0,0.0003,-0.0006293155020102859,13522.990234375,0.00016833097,9825.7783203125,0.2,0.9363574385643005
,,13320,3.72,333,208.6523459,1,11744,,,,,,,,,,,
3.0,151.99717712402344,13360,,,,,,333,0.05140697956085205,-4.042266666889191,0.0,0.0003,0.0013842724933055273,17969.74285888672,0.00010148436,7382.9189453125,0.2,0.9361793994903564
,,13360,3.69,334,207.29611727,1,11761,,,,,,,,,,,
5.0,239.10785293579102,13400,,,,,,334,0.0028672218322753906,-4.041552901268005,0.0,0.0003,0.004023196582420507,17362.3408203125,0.000146994,11725.08203125,0.2,0.9358320236206055
,,13400,3.65,335,202.25327006000003,1,11779,,,,,,,,,,,
5.0,339.106201171875,13440,,,,,,335,-0.0007290840148925781,-4.039968907833099,0.0,0.0003,-0.01358384585473682,11591.991577148438,0.001484014,5678.50244140625,0.2,0.9353126287460327
,,13440,3.77,336,215.01798534000002,1,11793,,,,,,,,,,,
4.0,182.91945266723633,13480,,,,,,336,0.1563369631767273,-4.038461923599243,0.02500000037252903,0.0003,0.0021525590564124286,13981.603515625,0.0025080368,4835.314453125,0.2,0.9349597692489624
,,13480,3.87,337,228.62607831999998,1,11809,,,,,,,,,,,
5.0,193.3467960357666,13520,,,,,,337,0.0995519757270813,-4.03772097826004,0.15000000409781933,0.0003,0.009457856370136186,14166.122802734375,0.012259052,9159.7578125,0.2,0.9349570274353027
,,13520,3.8,338,220.82263179000006,1,11827,,,,,,,,,,,
5.0,271.2526435852051,13560,,,,,,338,0.08241778612136841,-4.037801146507263,0.0,0.0003,0.0021308129420503086,12574.474304199219,0.0027403967,9433.3173828125,0.2,0.9349882006645203
,,13560,3.91,339,229.14993037,1,11865,,,,,,,,,,,
3.0,149.3615951538086,13600,,,,,,339,0.07414811849594116,-4.037926495075226,0.02500000037252903,0.0003,-0.0036969422217225656,9618.648010253906,0.003111613,3841.279052734375,0.2,0.935080885887146
,,13600,3.79,340,215.88839018,1,11908,,,,,,,,,,,
4.0,148.56567001342773,13640,,,,,,340,-0.019884705543518066,-4.038194060325623,0.05000000074505806,0.0003,0.005907638816279315,15824.645141601562,0.003722291,11159.80078125,0.2,0.9351123571395874
,,13640,3.83,341,221.49985741000003,1,11925,,,,,,,,,,,
5.0,208.8206901550293,13680,,,,,,341,0.09829789400100708,-4.03840172290802,0.2000000048428774,0.0003,0.04074920399571047,12077.856140136719,0.023668474,5653.2802734375,0.2,0.9353716373443604
,,13680,3.86,342,225.11131658,1,11941,,,,,,,,,,,
5.0,378.0858039855957,13720,,,,,,342,0.11508464813232422,-4.039045751094818,0.0,0.0003,-0.001996137318201363,11046.478637695312,0.0013606668,5928.21728515625,0.2,0.9354378581047058
,,13720,3.82,343,218.75856265999994,1,11991,,,,,,,,,,,
5.0,352.4062194824219,13760,,,,,,343,0.06841528415679932,-4.039070546627045,0.0,0.0003,0.00888497522682885,12530.389343261719,0.0009471938,4359.048828125,0.2,0.9354186058044434
,,13760,3.92,344,225.61915349999998,1,12005,,,,,,,,,,,
3.0,112.0448112487793,13800,,,,,,344,0.16106528043746948,-4.038859963417053,0.0,0.0003,-0.0025859176384983584,9186.818481445312,0.0008993238,5442.5048828125,0.2,0.9352939128875732
,,13800,3.83,345,217.690162,1,12022,,,,,,,,,,,
5.0,300.4181365966797,13840,,,,,,345,0.1656898856163025,-4.038847267627716,0.0,0.0003,0.00734606053156317,11364.01774597168,0.0010511279,4719.49462890625,0.2,0.9354443550109863
,,13840,3.8,346,208.83523757000003,1,12037,,,,,,,,,,,
5.0,397.06358337402344,13880,,,,,,346,0.1798754334449768,-4.039062917232513,0.0,0.0003,-0.00755687138298522,9493.874053955078,0.0022556307,787.5136108398438,0.2,0.9355465769767761
,,13880,3.71,347,200.46420311999998,1,12053,,,,,,,,,,,
5.0,306.6562728881836,13920,,,,,,347,0.08395743370056152,-4.039426743984222,0.02500000037252903,0.0003,-0.0002652782655786501,15801.418273925781,0.0028790967,13117.1298828125,0.2,0.9356651306152344
,,13920,3.67,348,202.91854327999997,1,12067,,,,,,,,,,,
5.0,236.59605979919434,13960,,,,,,348,0.09686434268951416,-4.039497375488281,0.0,0.0003,0.0053738359623825005,15959.5224609375,0.0011655851,5085.06982421875,0.2,0.935680627822876
,,13960,3.77,349,213.66743325,1,12081,,,,,,,,,,,
5.0,263.3129425048828,14000,,,,,,349,0.03132683038711548,-4.039432525634766,0.0,0.0003,0.0031941913770424657,13469.08544921875,8.79094e-05,10276.4072265625,0.2,0.9356632232666016
,,14000,3.8,350,215.76791416,1,12131,,,,,,,,,,,
5.0,332.9700355529785,14040,,,,,,350,0.08192825317382812,-4.039276480674744,0.0,0.0003,0.004473933741246605,15367.1533203125,0.00077472033,9359.6669921875,0.2,0.9356174468994141
,,14040,3.68,351,201.38428774,1,12188,,,,,,,,,,,
4.0,104.56752014160156,14080,,,,,,351,-0.04980671405792236,-4.038966596126556,0.0,0.0003,0.001342119267701447,17742.953125,0.00045742694,11866.29296875,0.2,0.9354893565177917
,,14080,3.78,352,212.10128894,1,12204,,,,,,,,,,,
4.0,167.50461196899414,14120,,,,,,352,0.10889303684234619,-4.03849595785141,0.0,0.0003,0.0010816909336426872,11342.576599121094,9.882302e-05,9104.044921875,0.2,0.9353241324424744
,,14120,3.76,353,209.02081607,1,12223,,,,,,,,,,,
2.0,27.237537384033203,14160,,,,,,353,0.12084591388702393,-4.0373862981796265,0.0,0.0003,-0.006614203553181097,12564.750915527344,0.0006779507,11558.8408203125,0.2,0.9349438548088074
,,14160,3.75,354,208.54205692000002,1,12238,,,,,,,,,,,
5.0,327.6602478027344,14200,,,,,,354,0.09672760963439941,-4.036872684955597,0.07500000111758709,0.0003,0.001856978949217547,15216.042846679688,0.003716004,10595.57421875,0.2,0.9349223971366882
,,14200,3.87,355,224.21144734999996,1,12251,,,,,,,,,,,
2.0,62.90516662597656,14240,,,,,,355,0.2626931667327881,-4.036483585834503,0.0,0.0003,0.006543475622311279,11120.78271484375,0.0020508915,2860.4482421875,0.2,0.9347748160362244
,,14240,3.87,356,225.62763154,1,12264,,,,,,,,,,,
5.0,296.0681266784668,14280,,,,,,356,0.09711378812789917,-4.035950779914856,0.0,0.0003,-0.003766434033968813,11027.475646972656,0.00020146967,2670.036376953125,0.2,0.9345941543579102
,,14280,3.94,357,229.91011954,1,12276,,,,,,,,,,,
3.0,54.054738998413086,14320,,,,,,357,0.1257898211479187,-4.035263359546661,0.0,0.0003,-0.0017537085717775902,10094.751068115234,0.0010975659,4367.21875,0.2,0.9344353675842285
,,14320,3.94,358,224.18609146999998,1,12326,,,,,,,,,,,
5.0,233.5431785583496,14360,,,,,,358,0.23821568489074707,-4.0339972376823425,0.05000000074505806,0.0003,0.012116685928776683,10431.494445800781,0.0057522887,3723.8603515625,0.2,0.9336845278739929
,,14360,3.96,359,226.24575491,1,12379,,,,,,,,,,,
5.0,458.6103744506836,14400,,,,,,359,0.11605918407440186,-4.031382381916046,0.05000000074505806,0.0003,0.01304922761337357,11719.194854736328,0.004256617,8749.5166015625,0.2,0.9329774379730225
,,14400,3.92,360,221.15897393,1,12395,,,,,,,,,,,
5.0,261.9615707397461,14440,,,,,,360,0.030699551105499268,-4.0295451283454895,0.02500000037252903,0.0003,-0.0008634600555523786,13608.03628540039,0.0019202097,4553.60205078125,0.2,0.932564914226532
,,14440,4.0,361,228.42392424,1,12411,,,,,,,,,,,
5.0,381.5628128051758,14480,,,,,,361,0.1183435320854187,-4.028324902057648,0.0,0.0003,-0.008018942392755024,11519.062561035156,0.0012308792,2841.86865234375,0.2,0.9322906732559204
,,14480,4.0,362,232.04342212000003,1,12443,,,,,,,,,,,
5.0,369.26766204833984,14520,,,,,,362,0.06988614797592163,-4.027241766452789,0.02500000037252903,0.0003,-0.0017070373098249103,13772.221862792969,0.0027570755,2529.2900390625,0.2,0.9319679737091064
,,14520,3.99,363,233.51132214,1,12494,,,,,,,,,,,
5.0,238.37659764289856,14560,,,,,,363,0.1045447587966919,-4.026325762271881,0.3000000063329935,0.0003,-0.004856141505297451,14228.210205078125,0.025507955,4602.06298828125,0.2,0.9318258166313171
,,14560,4.01,364,234.61076705,1,12525,,,,,,,,,,,
5.0,356.98742294311523,14600,,,,,,364,0.07909715175628662,-4.025814712047577,0.02500000037252903,0.0003,0.02859064387594118,13644.948028564453,0.0023519157,9524.2919921875,0.2,0.9317449927330017
,,14600,4.0,365,230.00549826,1,12539,,,,,,,,,,,
4.0,213.77722549438477,14640,,,,,,365,0.18701845407485962,-4.0256577134132385,0.0,0.0003,-0.013427016648347445,11067.131896972656,0.00096871104,5630.62158203125,0.2,0.9317052364349365
,,14640,4.01,366,230.80518709,1,12555,,,,,,,,,,,
4.0,197.2702407836914,14680,,,,,,366,0.20829463005065918,-4.025450050830841,0.07500000111758709,0.0003,-0.033256604423513636,11280.528198242188,0.006593125,7612.6513671875,0.2,0.931675136089325
,,14680,4.0,367,229.27715793,1,12571,,,,,,,,,,,
5.0,386.97220611572266,14720,,,,,,367,0.13846254348754883,-4.025418341159821,0.0,0.0003,-0.0002116665360518688,11320.856323242188,0.0019444437,8530.896484375,0.2,0.9317342638969421
,,14720,3.9,368,226.06638120999997,1,12587,,,,,,,,,,,
5.0,301.52503967285156,14760,,,,,,368,0.018963396549224854,-4.025534689426422,0.0,0.0003,-0.009012655209517106,16901.258056640625,0.0005965888,12253.3125,0.2,0.9317366480827332
,,14760,3.93,369,228.70583804999998,1,12631,,,,,,,,,,,
3.0,119.3480224609375,14800,,,,,,369,0.13085037469863892,-4.025354266166687,0.0,0.0003,-0.012207106107234744,9608.49267578125,0.0016596661,3999.31689453125,0.2,0.9316257238388062
,,14800,3.98,370,230.45097184999997,1,12646,,,,,,,,,,,
5.0,288.3689479827881,14840,,,,,,370,0.08888399600982666,-4.024678587913513,0.0,0.0003,-0.002293051872402252,11093.584747314453,0.0016990573,5315.6640625,0.2,0.9312407374382019
,,14840,3.91,371,224.11653038,1,12661,,,,,,,,,,,
5.0,289.3095817565918,14880,,,,,,371,-0.0984041690826416,-4.0229973793029785,0.05000000074505806,0.0003,0.005330418887024235,17259.839477539062,0.0034473792,12582.8212890625,0.2,0.9308220148086548
,,14880,3.87,372,220.69214568000004,1,12676,,,,,,,,,,,
2.0,64.35509490966797,14920,,,,,,372,0.030786097049713135,-4.022013187408447,0.0,0.0003,-0.0035755873774174773,16052.6357421875,0.0005954176,13497.9619140625,0.2,0.9307008981704712
,,14920,3.83,373,213.34707319,1,12689,,,,,,,,,,,
5.0,210.13735580444336,14960,,,,,,373,0.10808056592941284,-4.0215705037117,0.0,0.0003,0.0028550029208418426,11815.334899902344,8.807033e-05,5463.93994140625,0.2,0.9306694269180298
,,14960,3.79,374,211.23503608,1,12708,,,,,,,,,,,
5.0,340.1834602355957,15000,,,,,,374,0.1264055371284485,-4.021477580070496,0.0,0.0003,0.001995323714800268,11518.72640991211,0.0006378055,6225.0771484375,0.2,0.930649995803833
,,15000,3.73,375,208.32967661000004,1,12724,,,,,,,,,,,
5.0,339.10662841796875,15040,,,,,,375,-0.0008116960525512695,-4.021190702915192,0.0,0.0003,0.0032523290457904253,14105.963745117188,4.771799e-05,8488.9453125,0.2,0.9305030703544617
,,15040,3.69,376,202.03947745000002,1,12739,,,,,,,,,,,
3.0,167.64878845214844,15080,,,,,,376,0.11877697706222534,-4.020605564117432,0.0,0.0003,0.0012828664621338248,10859.51889038086,0.00018997044,5532.62890625,0.2,0.9303387999534607
,,15080,3.69,377,196.02451244000002,1,12755,,,,,,,,,,,
5.0,349.31038665771484,15120,,,,,,377,0.11343491077423096,-4.020091712474823,0.07500000111758709,0.0003,-0.005704266700195193,12027.136169433594,0.0056157066,6147.66748046875,0.2,0.9302071332931519
,,15120,3.68,378,199.99514706999997,1,12771,,,,,,,,,,,
4.0,194.15933990478516,15160,,,,,,378,0.07638943195343018,-4.0192906856536865,0.0,0.0003,-0.00997951476601866,18858.026123046875,0.0009862647,8616.8505859375,0.2,0.9299027919769287
,,15160,3.73,379,202.62804991999997,1,12786,,,,,,,,,,,
3.0,154.72057342529297,15200,,,,,,379,0.1970774531364441,-4.018202424049377,0.02500000037252903,0.0003,0.0022405759766115363,9019.13247680664,0.0011276855,3690.544189453125,0.2,0.9296082854270935
,,15200,3.85,380,216.94367089000002,1,12799,,,,,,,,,,,
5.0,425.68880462646484,15240,,,,,,380,0.26745760440826416,-4.0173532366752625,0.0,0.0003,0.0036880506086163223,10583.25210571289,0.0003761828,5108.8779296875,0.2,0.9294968843460083
,,15240,3.91,381,224.46159066,1,12815,,,,,,,,,,,
5.0,267.48122787475586,15280,,,,,,381,0.18330514430999756,-4.016852676868439,0.0,0.0003,-0.0057759625895412725,10728.707885742188,0.001339665,4533.58447265625,0.2,0.9292819499969482
,,15280,3.92,382,221.40092835,1,12829,,,,,,,,,,,
5.0,379.73509979248047,15320,,,,,,382,0.1768345832824707,-4.016049146652222,0.0,0.0003,-0.0013533101009670645,8200.072509765625,0.0005111471,5288.35498046875,0.2,0.9290697574615479
,,15320,3.94,383,221.96205339,1,12843,,,,,,,,,,,
3.0,136.0965232849121,15360,,,,,,383,0.057333290576934814,-4.015526533126831,0.0,0.0003,-0.010148847394066074,13171.301147460938,0.001313232,7441.68017578125,0.2,0.9289569854736328
,,15360,3.98,384,225.82679112000002,1,12860,,,,,,,,,,,
3.0,143.19817733764648,15400,,,,,,384,0.26069456338882446,-4.015525698661804,0.12500000186264515,0.0003,-0.0030143870535539463,10478.608337402344,0.008502834,2191.9169921875,0.2,0.9289507269859314
,,15400,3.98,385,225.98304482,1,12875,,,,,,,,,,,
5.0,359.99254989624023,15440,,,,,,385,0.11670982837677002,-4.014252483844757,0.0,0.0003,0.014002029053517662,10357.251159667969,0.0021374016,5337.3486328125,0.2,0.9284908771514893
,,15440,3.97,386,227.74411688,1,12890,,,,,,,,,,,
4.0,233.09225463867188,15480,,,,,,386,0.121299147605896,-4.0124658942222595,0.0,0.0003,0.0005892001536267344,11948.759643554688,0.00012336225,3501.2333984375,0.2,0.9281033277511597
,,15480,3.92,387,224.90693489,1,12905,,,,,,,,,,,
3.0,131.81796646118164,15520,,,,,,387,0.09566980600357056,-4.01135927438736,0.0,0.0003,-0.002899372232786801,14375.87744140625,0.00024585574,6312.1884765625,0.2,0.9279096126556396
,,15520,3.83,388,211.70529105000003,1,12922,,,,,,,,,,,
5.0,398.38843154907227,15560,,,,,,388,0.08656442165374756,-4.010698854923248,0.0,0.0003,-0.005200711637735278,12589.642333984375,0.00072663726,6947.640625,0.2,0.9277834296226501
,,15560,3.9,389,219.43848854999996,1,12936,,,,,,,,,,,
2.0,76.97283935546875,15600,,,,,,389,0.23749935626983643,-4.010302364826202,0.0,0.0003,0.0003866005776216319,10624.843444824219,0.0009810298,5081.89990234375,0.2,0.9277538061141968
,,15600,3.79,390,209.71101094999997,1,12952,,,,,,,,,,,
5.0,404.5410614013672,15640,,,,,,390,0.014575421810150146,-4.010106265544891,0.0,0.0003,0.0006367616239004725,15799.109252929688,0.00089294615,8291.3232421875,0.2,0.9277251958847046
,,15640,3.74,391,209.12699977000003,1,12989,,,,,,,,,,,
5.0,372.74042892456055,15680,,,,,,391,0.059837520122528076,-4.009739935398102,0.02500000037252903,0.0003,0.019441556950914762,16436.375,0.0023099363,10710.6767578125,0.2,0.9275779724121094
,,15680,3.64,392,202.42222034999998,1,13005,,,,,,,,,,,
3.0,108.05006408691406,15720,,,,,,392,0.025043070316314697,-4.009040117263794,0.0,0.0003,-0.0021853835169167724,12614.212646484375,0.00083817844,5875.890625,0.2,0.9272979497909546
,,15720,3.62,393,199.95879031,1,13067,,,,,,,,,,,
5.0,292.1624984741211,15760,,,,,,393,0.20837712287902832,-4.007908582687378,0.0,0.0003,0.002377989859087437,9432.94059753418,0.0018324495,5595.67578125,0.2,0.9269979000091553
,,15760,3.62,394,201.44730139,1,13083,,,,,,,,,,,
4.0,184.14084243774414,15800,,,,,,394,0.15441662073135376,-4.006807088851929,0.0,0.0003,0.0017194286541779569,11531.068893432617,0.00097206683,6707.6484375,0.2,0.9267183542251587
,,15800,3.64,395,202.58265918,1,13143,,,,,,,,,,,
5.0,292.65695571899414,15840,,,,,,395,0.07815861701965332,-4.005678653717041,0.0,0.0003,-0.0010277749039232509,14305.368591308594,0.0004894167,2492.36181640625,0.2,0.926469087600708
,,15840,3.66,396,200.95618738000002,1,13182,,,,,,,,,,,
5.0,293.9733085632324,15880,,,,,,396,0.15135794878005981,-4.004823088645935,0.0,0.0003,0.001543144184324774,10675.017761230469,0.0002959788,3663.27978515625,0.2,0.9262772798538208
,,15880,3.73,397,208.88076147,1,13198,,,,,,,,,,,
5.0,384.81010818481445,15920,,,,,,397,0.06935787200927734,-4.0042794942855835,0.0,0.0003,0.0029261978910652964,13540.435668945312,0.00032400043,5544.744140625,0.2,0.9261698722839355
,,15920,3.71,398,208.73572743,1,13263,,,,,,,,,,,
2.0,48.9505615234375,15960,,,,,,398,0.05428314208984375,-4.00365138053894,0.0,0.0003,-0.008103814705100021,13725.243896484375,0.0007883594,9841.15234375,0.2,0.9259158968925476
,,15960,3.69,399,207.08534446000002,1,13276,,,,,,,,,,,
2.0,52.08694839477539,16000,,,,,,399,0.053554415702819824,-4.002696514129639,0.0,0.0003,0.0004301764420233667,15044.390258789062,0.00045159907,10266.29296875,0.2,0.9256274700164795
,,16000,3.7,400,202.26307809999997,1,13292,,,,,,,,,,,
