eval/mean_reward,time/total_timesteps,eval/mean_ep_length,rollout/ep_len_mean,time/fps,time/iterations,time/time_elapsed,rollout/ep_rew_mean,train/std,train/approx_kl,train/clip_range,train/n_updates,train/learning_rate,train/value_loss,train/policy_gradient_loss,train/clip_fraction,train/loss,train/explained_variance,train/entropy_loss
68.2796516418457,40,5.0,,,,,,,,,,,,,,,,
,40,,1.9,1,1,29,-2.12898005,,,,,,,,,,,
-20.0,80,4.0,,,,,,0.9933191537857056,0.014197101,0.2,10,0.0003,151.2770481467247,-0.024098048713931352,0.18250000271946193,52.46725845336914,0.00026732683181762695,-4.245805591344833
,80,,2.1621621621621623,1,2,56,-2.417360864864865,,,,,,,,,,,
126.65955185890198,120,5.0,,,,,,0.9896321296691895,0.02145534,0.2,20,0.0003,120.09075074195862,-0.0354302698103129,0.16500000320374966,6.640498161315918,-0.006423354148864746,-4.2303357183933255
,120,,2.2452830188679247,1,3,87,3.378069471698113,,,,,,,,,,,
26.787269592285156,160,3.0,,,,,,0.9871457815170288,0.005909808,0.2,30,0.0003,3925.928446650505,-0.006390471611994108,0.005000000074505806,1418.9697265625,0.014972507953643799,-4.221957284212112
,160,,2.164383561643836,0,4,432,4.659318835616439,,,,,,,,,,,
-5.0,200,1.0,,,,,,0.9819772243499756,0.00757578,0.2,40,0.0003,551.4864750623703,-0.0036623599837548593,0.015000000223517418,113.78205871582031,0.0005179643630981445,-4.211501586437225
,200,,2.1052631578947367,0,5,503,5.086153010526317,,,,,,,,,,,
-15.0,240,3.0,,,,,,0.9776676893234253,0.0071215024,0.2,50,0.0003,640.3374051570893,-0.005241061099877697,0.06000000089406967,75.25980377197266,-0.001517653465270996,-4.194694018363952
,240,,2.17,0,6,528,5.6542369599999995,,,,,,,,,,,
-5.0,280,1.0,,,,,,0.973543107509613,0.015708808,0.2,60,0.0003,349.91254844665525,-0.013285286308282596,0.12500000223517418,179.86871337890625,0.0047568678855896,-4.181708741188049
,280,,2.05,0,7,589,6.54644221,,,,,,,,,,,
-5.0,320,1.0,,,,,,0.9723183512687683,0.01081237,0.2,70,0.0003,876.0040057659149,-0.0030976656910752355,0.13250000234693288,45.16640853881836,0.0012088418006896973,-4.173772555589676
,320,,2.01,0,8,613,4.849775790000001,,,,,,,,,,,
-5.0,360,1.0,,,,,,0.971402108669281,0.001988794,0.2,80,0.0003,1267.7786583900452,-0.002338367210322723,0.0,1998.9071044921875,-0.007345914840698242,-4.1703024983406065
,360,,2.06,0,9,637,4.712536490000001,,,,,,,,,,,
-10.0,400,2.0,,,,,,0.9697937965393066,0.019002546,0.2,90,0.0003,554.7717874526977,-0.02573402253052337,0.19500000458210706,457.9543762207031,0.0036619901657104492,-4.166873502731323
,400,,2.08,0,10,664,3.78968781,,,,,,,,,,,
-11.353490352630615,440,3.0,,,,,,0.967021644115448,0.006111257,0.2,100,0.0003,550.9285798072815,-0.007297662771343316,0.012500000186264515,27.128461837768555,0.016556084156036377,-4.159491044282913
,440,,2.1,0,11,741,4.254530579999999,,,,,,,,,,,
-13.069358825683594,480,5.0,,,,,,0.9635764956474304,0.006343633,0.2,110,0.0003,999.0881206393242,-0.008926628032422812,0.032500000484287736,30.362701416015625,0.00439983606338501,-4.151313245296478
,480,,2.12,0,12,780,6.04906506,,,,,,,,,,,
169.85846138000488,520,5.0,,,,,,0.9612855911254883,0.01254794,0.2,120,0.0003,539.2484558343888,-0.0011133470810455125,0.20750000458210707,92.31749725341797,-0.010060787200927734,-4.140243512392044
,520,,2.04,0,13,811,7.310793930000001,,,,,,,,,,,
-5.0,560,1.0,,,,,,0.9590346813201904,0.005016956,0.2,130,0.0003,4318.947888326645,-0.006390433311462407,0.06000000089406967,49.91022491455078,0.003313124179840088,-4.134286123514175
,560,,2.03,0,14,841,9.444922230000001,,,,,,,,,,,
8.74543309211731,600,4.0,,,,,,0.9591052532196045,0.014065561,0.2,140,0.0003,1780.5016619682312,0.010458645542894374,0.235000004991889,2151.391845703125,-0.0045348405838012695,-4.129798799753189
,600,,2.06,0,15,910,9.25152844,,,,,,,,,,,
-2.1814115941524506,640,4.0,,,,,,0.9590764045715332,0.019196488,0.2,150,0.0003,479.13377780914306,-0.026119576378114306,0.22250000555068256,406.8683776855469,0.0039768218994140625,-4.12991834282875
,640,,2.07,0,16,984,10.47925668,,,,,,,,,,,
-15.0,680,3.0,,,,,,0.9610380530357361,0.013716966,0.2,160,0.0003,582.138715839386,-0.010073566584032956,0.21500000432133676,138.94053649902344,-0.00014603137969970703,-4.131784588098526
,680,,2.0,0,17,1015,10.397398310000002,,,,,,,,,,,
-5.0,720,1.0,,,,,,0.9563055038452148,0.0051203473,0.2,170,0.0003,1084.5830290794372,-0.005234644874508376,0.047500000707805155,106.5563735961914,-0.007940053939819336,-4.131386464834213
,720,,2.07,0,18,1045,12.054251290000002,,,,,,,,,,,
-5.0,760,1.0,,,,,,0.9533421397209167,0.00623059,0.2,180,0.0003,1127.1039256095887,-0.018257694624771826,0.08500000163912773,81.41145324707031,0.008943557739257812,-4.115342170000076
,760,,1.88,0,19,1098,5.683517,,,,,,,,,,,
46.1462345123291,800,4.0,,,,,,0.9496595859527588,0.012979381,0.2,190,0.0003,165.2004195690155,-0.013224075768721377,0.09250000193715095,31.851659774780273,0.01717400550842285,-4.105793756246567
,800,,1.74,0,20,1200,7.947112530000001,,,,,,,,,,,
-5.0,840,1.0,,,,,,0.9404169321060181,0.020129027,0.2,200,0.0003,7940.037871146202,-0.023056737259466897,0.2175000049173832,36.32057189941406,0.009176313877105713,-4.087961429357529
,840,,1.66,0,21,1228,8.35132536,,,,,,,,,,,
-5.0,880,1.0,,,,,,0.9416894316673279,0.003583084,0.2,210,0.0003,1437.2582058429718,-0.0013090193173411536,0.09500000141561031,867.4326171875,0.0011621713638305664,-4.071007961034775
,880,,1.65,0,22,1257,15.653743890000001,,,,,,,,,,,
91.95992851257324,920,4.0,,,,,,0.9390795230865479,0.013809532,0.2,220,0.0003,8118.845937252045,0.007816216404389741,0.16750000324100256,138.16900634765625,-0.0025014877319335938,-4.06921808719635
,920,,1.68,0,23,1298,17.68207495,,,,,,,,,,,
499.7835693359375,960,5.0,,,,,,0.9366992712020874,0.03159906,0.2,230,0.0003,528.8716506958008,-0.002995708817616105,0.16250000335276127,442.0247497558594,-0.007666945457458496,-4.061693805456161
,960,,1.88,0,24,1323,25.295290349999995,,,,,,,,,,,
85.56351089477539,1000,3.0,,,,,,0.9357768297195435,0.009362867,0.2,240,0.0003,17309.155916023254,-0.00585057644675544,0.09750000145286322,3801.521240234375,0.005327403545379639,-4.05583685040474
,1000,,1.92,0,25,1374,25.840567179999997,,,,,,,,,,,
34.80671691894531,1040,2.0,,,,,,0.9335409998893738,0.008149934,0.2,250,0.0003,1778.8449272155763,-0.014429498118079209,0.0800000011920929,203.98037719726562,-0.021529793739318848,-4.051201415061951
,1040,,1.89,0,26,1407,20.518586230000004,,,,,,,,,,,
44.780025482177734,1080,3.0,,,,,,0.9344615936279297,0.028500441,0.2,260,0.0003,1633.7611738204955,0.000502904343156807,0.09000000152736902,113.63810729980469,-0.001115560531616211,-4.0482316553592685
,1080,,1.87,0,27,1467,20.575613670000003,,,,,,,,,,,
-5.0,1120,1.0,,,,,,0.9333093166351318,0.06680649,0.2,270,0.0003,1633.2337169647217,-0.01061201572920254,0.4825000075623393,163.62884521484375,-0.01933133602142334,-4.049162739515305
,1120,,1.76,0,28,1500,16.37638496,,,,,,,,,,,
-5.0,1160,1.0,,,,,,0.9352806806564331,0.01945648,0.2,280,0.0003,1036.3829481124878,-0.015269060489808906,0.2200000047683716,258.74932861328125,-0.006114840507507324,-4.0509889125823975
,1160,,1.68,0,29,1579,15.17940238,,,,,,,,,,,
-11.923184394836426,1200,3.0,,,,,,0.9333574175834656,0.011180388,0.2,290,0.0003,10866.387111282349,0.0003293596967705481,0.07250000145286321,187.76376342773438,0.0019732117652893066,-4.050483351945877
,1200,,1.62,0,30,1614,18.95096025,,,,,,,,,,,
-5.0,1240,1.0,,,,,,0.9334861636161804,0.0145832375,0.2,300,0.0003,3114.624758720398,-0.024705460280256376,0.15500000305473804,125.79866790771484,-0.00991833209991455,-4.0471142590045925
,1240,,1.74,0,31,1644,20.526639770000003,,,,,,,,,,,
-5.0,1280,1.0,,,,,,0.932778000831604,0.027116563,0.2,310,0.0003,3218.0772779464723,-0.021916083716420197,0.2400000061839819,2870.952880859375,0.003177165985107422,-4.046273648738861
,1280,,1.75,0,32,1676,18.251146459999998,,,,,,,,,,,
41.260860443115234,1320,2.0,,,,,,0.9343676567077637,0.084414616,0.2,320,0.0003,573.502908706665,-0.05496108978346457,0.5100000124424696,116.93109893798828,-0.04338645935058594,-4.046871817111969
,1320,,1.77,0,33,1706,13.9001564,,,,,,,,,,,
-10.0,1360,2.0,,,,,,0.9371530413627625,0.03096913,0.2,330,0.0003,792.4480337142944,-0.023521095141022675,0.315000007674098,1148.5159912109375,-0.0024973154067993164,-4.052823954820633
,1360,,1.73,0,34,1770,15.056496949999998,,,,,,,,,,,
-10.0,1400,2.0,,,,,,0.9391357898712158,0.010084167,0.2,340,0.0003,11202.88058795929,-0.01554746576002799,0.10750000178813934,190.45718383789062,0.010686159133911133,-4.061490947008133
,1400,,1.66,0,35,1802,16.92695849,,,,,,,,,,,
25.960845708847046,1440,4.0,,,,,,0.9402903318405151,0.015787128,0.2,350,0.0003,11859.72184638977,0.024424823698645924,0.3175000067800283,213.89163208007812,-0.0019268989562988281,-4.066542685031891
,1440,,1.69,0,36,1869,18.26600745,,,,,,,,,,,
491.7996072769165,1480,5.0,,,,,,0.938055694103241,0.021027584,0.2,360,0.0003,1685.0377965927123,-0.019224161559213825,0.16500000339001417,191.10867309570312,-0.02841949462890625,-4.064785504341126
,1480,,1.82,0,37,1897,24.965056490000002,,,,,,,,,,,
239.33889877796173,1520,4.0,,,,,,0.9371973872184753,0.011936983,0.2,370,0.0003,9475.466736984254,-0.019283929293851542,0.08000000137835742,13550.48828125,-0.014541029930114746,-4.0592142879962925
,1520,,1.82,0,38,1979,27.09431436,,,,,,,,,,,
28.262527465820312,1560,2.0,,,,,,0.9354193210601807,0.012051731,0.2,380,0.0003,4608.613998031617,-0.008477037546526844,0.09750000182539224,543.0625610351562,0.0064865946769714355,-4.05462879538536
,1560,,2.05,0,39,2006,31.72491384,,,,,,,,,,,
112.42819952964783,1600,4.0,,,,,,0.9342000484466553,0.009428741,0.2,390,0.0003,12030.155071258545,0.0014996469760080843,0.0700000012293458,2895.42724609375,-0.02229166030883789,-4.049954909086227
,1600,,2.21,0,40,2082,38.15040891,,,,,,,,,,,
457.8779754638672,1640,5.0,,,,,,0.9336804747581482,0.017045256,0.2,400,0.0003,3881.2037216186523,-0.025560565368205057,0.17250000312924385,1957.1033935546875,-0.013563394546508789,-4.047053831815719
,1640,,2.26,0,41,2110,44.51912477,,,,,,,,,,,
-5.0,1680,1.0,,,,,,0.9328263998031616,0.0034883888,0.2,410,0.0003,13931.440463256837,-0.0044071387845178835,0.005000000074505806,1036.9012451171875,-0.011020302772521973,-4.0440717995166775
,1680,,2.19,0,42,2171,47.62143177,,,,,,,,,,,
121.79627346992493,1720,4.0,,,,,,0.9325908422470093,0.012999209,0.2,420,0.0003,10768.273712921142,-0.023746800553217363,0.13250000234693288,668.3611450195312,0.0076122283935546875,-4.0424939930439
,1720,,2.18,0,43,2208,46.91856947,,,,,,,,,,,
-5.0,1760,1.0,,,,,,0.9320659041404724,0.002894874,0.2,430,0.0003,5779.0736633300785,-0.0045384610444853205,0.005000000074505806,1629.78857421875,-0.016952991485595703,-4.041641569137573
,1760,,2.17,0,44,2236,48.48953306000001,,,,,,,,,,,
-5.0,1800,1.0,,,,,,0.9322688579559326,0.006486449,0.2,440,0.0003,10082.86861038208,-0.008343254815076761,0.02500000037252903,9078.046875,-0.00985097885131836,-4.040622764825821
,1800,,2.05,0,45,2266,47.79107051,,,,,,,,,,,
-5.0,1840,1.0,,,,,,0.9313238859176636,0.011794761,0.2,450,0.0003,5087.776612854004,-0.01159847127764806,0.05000000074505806,857.7174682617188,-0.02205657958984375,-4.039699709415435
,1840,,1.93,0,46,2336,40.30815129999999,,,,,,,,,,,
285.2381172180176,1880,5.0,,,,,,0.9316256046295166,0.009963088,0.2,460,0.0003,15463.721281433105,-0.004670709667279871,0.06500000134110451,18873.595703125,0.013225376605987549,-4.037926286458969
,1880,,2.05,0,47,2416,46.91449543999999,,,,,,,,,,,
-5.0,1920,1.0,,,,,,0.9309543371200562,0.012773215,0.2,470,0.0003,9842.033434295654,-0.005731344465111765,0.10750000197440386,10918.4482421875,-0.019822001457214355,-4.037692040205002
,1920,,2.06,0,48,2567,51.69001249,,,,,,,,,,,
130.0220127105713,1960,5.0,,,,,,0.9306433200836182,0.017380174,0.2,480,0.0003,8035.244277954102,-0.018774442964495396,0.13500000219792127,2021.6263427734375,-0.02246689796447754,-4.035865873098373
,1960,,2.03,0,49,2597,47.6846235,,,,,,,,,,,
123.29989194869995,2000,4.0,,,,,,0.9308522939682007,0.027365979,0.2,490,0.0003,5408.08201751709,-0.0238989681363455,0.2750000059604645,1724.307861328125,0.007932126522064209,-4.035894358158112
,2000,,2.17,0,50,2637,58.154904689999995,,,,,,,,,,,
262.10666275024414,2040,5.0,,,,,,0.9313950538635254,0.008459216,0.2,500,0.0003,10711.57232208252,-0.004369778997715912,0.032500000484287736,4870.001953125,-0.019731760025024414,-4.036521542072296
,2040,,2.27,0,51,2665,58.91161183,,,,,,,,,,,
102.87892150878906,2080,2.0,,,,,,0.9316970705986023,0.013151038,0.2,510,0.0003,4511.629818725586,-0.018904672058670257,0.05500000081956387,1734.8411865234375,-0.0804145336151123,-4.037803810834885
,2080,,2.15,0,52,2690,54.803434440000004,,,,,,,,,,,
-5.0,2120,1.0,,,,,,0.9318358898162842,0.022185829,0.2,520,0.0003,8658.840881347656,-0.02218175223591956,0.16000000312924384,1148.7418212890625,-0.036960601806640625,-4.038565784692764
,2120,,2.18,0,53,2717,52.91409996,,,,,,,,,,,
-5.0,2160,1.0,,,,,,0.9300411939620972,0.01893289,0.2,530,0.0003,7580.311083984375,-0.018236454832585867,0.12250000238418579,1062.88427734375,-0.0358121395111084,-4.036001521348953
,2160,,2.21,0,54,2740,49.81944485,,,,,,,,,,,
-5.0,2200,1.0,,,,,,0.9313382506370544,0.01759847,0.2,540,0.0003,5933.201679229736,-0.01669712189264828,0.17000000402331353,1757.8106689453125,-0.02345752716064453,-4.034171742200852
,2200,,2.21,0,55,2764,85.66775360999998,,,,,,,,,,,
263.66575622558594,2240,5.0,,,,,,0.9313849806785583,0.0088736415,0.2,550,0.0003,1136248.060974121,-0.0029337639019695327,0.03500000052154064,1052636.875,-0.004073977470397949,-4.036776918172836
,2240,,2.15,0,56,2806,85.93202333,,,,,,,,,,,
12.103250503540039,2280,2.0,,,,,,0.9313926100730896,0.0028006136,0.2,560,0.0003,12201.205700683593,-0.007735855921218904,0.012500000186264515,4149.04345703125,0.003622591495513916,-4.03684012889862
,2280,,2.17,0,57,2849,87.61305149,,,,,,,,,,,
543.9838104248047,2320,5.0,,,,,,0.9309241771697998,0.0069559636,0.2,570,0.0003,8999.918688964844,-0.01326950241971645,0.037500000558793545,4833.80908203125,-0.013015270233154297,-4.0358799517154695
,2320,,2.36,0,58,2873,106.97432457999999,,,,,,,,,,,
181.54971182346344,2360,5.0,,,,,,0.9305915832519531,0.008335888,0.2,580,0.0003,31082.67647705078,-0.012324203753523767,0.042500000633299354,20276.921875,-0.011351704597473145,-4.034447056055069
,2360,,2.28,0,59,2929,103.87269373999999,,,,,,,,,,,
39.835092067718506,2400,3.0,,,,,,0.9296283721923828,0.023587879,0.2,590,0.0003,5829.979107666016,-0.023002808075143565,0.182500003837049,1742.97900390625,0.009103536605834961,-4.032053786516189
,2400,,2.31,0,60,2951,108.92563349999999,,,,,,,,,,,
179.58363723754883,2440,5.0,,,,,,0.9285778999328613,0.01537014,0.2,600,0.0003,8954.524101257324,-0.01411048205105544,0.09500000178813935,9578.7041015625,-0.005316734313964844,-4.029041659832001
,2440,,2.28,0,61,2978,70.98010072000001,,,,,,,,,,,
-5.0,2480,1.0,,,,,,0.9275730848312378,0.022977408,0.2,610,0.0003,6823.867388916015,-0.038394059147462946,0.2725000068545341,3275.885009765625,-0.012178421020507812,-4.025326991081238
,2480,,2.31,0,62,3002,77.80112604,,,,,,,,,,,
237.50587272644043,2520,5.0,,,,,,0.9266130328178406,0.018923646,0.2,620,0.0003,12673.703900146484,-0.026996479819572417,0.1400000026449561,2362.178466796875,-0.027492284774780273,-4.0219098925590515
,2520,,2.49,0,63,3022,82.21497828,,,,,,,,,,,
192.73054122924805,2560,4.0,,,,,,0.9258834719657898,0.030434396,0.2,630,0.0003,6830.905673980713,-0.022513085964419588,0.30500000696629287,1373.5723876953125,0.027412116527557373,-4.018810725212097
,2560,,2.64,0,64,3072,97.29457624000001,,,,,,,,,,,
231.1527328491211,2600,5.0,,,,,,0.924934983253479,0.01536952,0.2,640,0.0003,11963.19197692871,-0.021432408044674923,0.22250000443309545,3773.768798828125,-0.00698697566986084,-4.0162165522575375
,2600,,2.54,0,65,3100,85.61456370999998,,,,,,,,,,,
16.479940176010132,2640,3.0,,,,,,0.9243285655975342,0.016258452,0.2,650,0.0003,16905.197512817384,-0.023763864908287368,0.11000000219792128,3454.58740234375,-0.0001919269561767578,-4.01371945142746
,2640,,2.45,0,66,3127,80.54668807,,,,,,,,,,,
157.43468856811523,2680,4.0,,,,,,0.9251849055290222,0.010448521,0.2,660,0.0003,11517.698809814454,-0.010728465696920476,0.08500000126659871,2679.1435546875,-0.016446828842163086,-4.014048260450363
,2680,,2.52,0,67,3148,85.81118085000001,,,,,,,,,,,
-5.0,2720,1.0,,,,,,0.9251448512077332,0.01407692,0.2,670,0.0003,9025.23740234375,-0.01867292567869299,0.11000000163912774,7146.06884765625,0.0031197071075439453,-4.015856480598449
,2720,,2.45,0,68,3204,76.47105287000001,,,,,,,,,,,
-5.0,2760,1.0,,,,,,0.9240939021110535,0.01435552,0.2,680,0.0003,7365.616299438477,-0.01785300336750879,0.11000000201165676,2094.3349609375,0.04933786392211914,-4.01370250582695
,2760,,2.16,0,69,3248,60.53650122,,,,,,,,,,,
123.057373046875,2800,3.0,,,,,,0.9233800768852234,0.015327478,0.2,690,0.0003,5655.061796569824,-0.01639978032793806,0.18750000409781933,3580.548828125,-0.02149677276611328,-4.010414552688599
,2800,,2.22,0,70,3271,62.76056603999999,,,,,,,,,,,
343.7007865905762,2840,5.0,,,,,,0.9207015037536621,0.006493823,0.2,700,0.0003,7810.057060241699,-0.013756346084837789,0.047500000707805155,2237.6591796875,-0.04767310619354248,-4.005885910987854
,2840,,2.27,0,71,3296,65.05038479000001,,,,,,,,,,,
12.552701950073242,2880,5.0,,,,,,0.9193024039268494,0.026685944,0.2,710,0.0003,12030.52984161377,-0.02189387729828014,0.22750000488013028,5118.205078125,-0.008614182472229004,-3.997866302728653
,2880,,2.33,0,72,3319,68.23721927000001,,,,,,,,,,,
43.861388206481934,2920,3.0,,,,,,0.9203734397888184,0.030153304,0.2,720,0.0003,5240.2337867736815,-0.04465836305811536,0.38000000808387996,2128.550048828125,-0.009424924850463867,-3.996995121240616
,2920,,2.28,0,73,3343,59.59584339999999,,,,,,,,,,,
32.129005432128906,2960,2.0,,,,,,0.9172142744064331,0.010235317,0.2,730,0.0003,6010.97174987793,-0.004126302060376475,0.08500000145286321,1895.0340576171875,0.003332793712615967,-3.9951919704675674
,2960,,2.36,0,74,3375,64.70885689,,,,,,,,,,,
39.73331546783447,3000,3.0,,,,,,0.9163584113121033,0.0118260905,0.2,740,0.0003,7286.221600341797,-0.019252812773993357,0.2725000062957406,1715.3504638671875,0.02548152208328247,-3.9866065233945847
,3000,,2.51,0,75,3398,77.65549947,,,,,,,,,,,
30.660369873046875,3040,3.0,,,,,,0.9152151346206665,0.023882648,0.2,750,0.0003,12748.33564453125,-0.02601677240554636,0.2150000050663948,9037.7421875,-0.0012531280517578125,-3.98360233604908
,3040,,2.58,0,76,3426,84.30380027999999,,,,,,,,,,,
271.8830614089966,3080,5.0,,,,,,0.9150121212005615,0.008668315,0.2,760,0.0003,12087.786108398437,-0.004222182192561386,0.1450000025331974,3674.7685546875,-0.04566919803619385,-3.98116739988327
,3080,,2.61,0,77,3463,95.25294202,,,,,,,,,,,
156.45886325836182,3120,4.0,,,,,,0.9157793521881104,0.013186455,0.2,770,0.0003,26137.321884155273,-0.009658244795982684,0.11750000193715096,10653.4833984375,-0.04087555408477783,-3.9823805183172225
,3120,,2.58,0,78,3487,92.25651712999999,,,,,,,,,,,
-5.0,3160,1.0,,,,,,0.9172812700271606,0.030815274,0.2,780,0.0003,11915.7763671875,-0.04336181381186179,0.2800000060349703,4349.22900390625,-0.031357645988464355,-3.986179921030998
,3160,,2.55,0,79,3505,96.41985792,,,,,,,,,,,
-9.927167892456055,3200,5.0,,,,,,0.9175829887390137,0.0013938412,0.2,790,0.0003,11645.943207550048,-5.695716922673455e-05,0.0,8891.7080078125,-0.01020193099975586,-3.9893296718597413
,3200,,2.55,0,80,3532,99.93616204999998,,,,,,,,,,,
345.0899200439453,3240,5.0,,,,,,0.9167120456695557,0.03479275,0.2,800,0.0003,8000.601272583008,-0.04392570064199388,0.31250000819563867,1856.88134765625,-0.007672667503356934,-3.9878501534461974
,3240,,2.43,0,81,3558,94.20325924999999,,,,,,,,,,,
40.357115030288696,3280,4.0,,,,,,0.9160892963409424,0.0002841264,0.2,810,0.0003,17012.408154296874,6.370018265442479e-05,0.0,4686.38427734375,-0.0035806894302368164,-3.9852508068084718
,3280,,2.49,0,82,3582,91.65536197,,,,,,,,,,,
350.5643844604492,3320,5.0,,,,,,0.9133390784263611,0.002215892,0.2,820,0.0003,7355.021794128418,0.0031892817985498924,0.005000000074505806,3119.291748046875,-0.00832986831665039,-3.9801313817501067
,3320,,2.47,0,83,3605,84.83039558,,,,,,,,,,,
566.5687522888184,3360,5.0,,,,,,0.9121774435043335,0.03458961,0.2,830,0.0003,10885.169331359863,-0.021294802898773925,0.2600000061094761,7952.693359375,-0.0010200738906860352,-3.9734532594680787
,3360,,2.54,0,84,3634,97.39817008999998,,,,,,,,,,,
382.9566955566406,3400,5.0,,,,,,0.9116749167442322,0.007593048,0.2,840,0.0003,39559.92034606934,-0.013196716545535314,0.030000000447034835,16986.73828125,-0.0021605491638183594,-3.970300501585007
,3400,,2.55,0,85,3659,105.36857974000003,,,,,,,,,,,
322.21295166015625,3440,5.0,,,,,,0.9103744029998779,0.013349269,0.2,850,0.0003,24217.912591552733,-0.020259543462307184,0.11000000201165676,12622.67578125,-0.03224003314971924,-3.9676134258508684
,3440,,2.67,0,86,3728,113.71379763,,,,,,,,,,,
256.0546112060547,3480,3.0,,,,,,0.9077843427658081,0.0033640834,0.2,860,0.0003,8054.073233032226,-0.010818423224482121,0.01750000026077032,3677.85546875,0.07409757375717163,-3.9609367579221724
,3480,,2.73,0,87,3751,118.20722809,,,,,,,,,,,
-5.0,3520,1.0,,,,,,0.9071863889694214,0.013213625,0.2,870,0.0003,14008.977067565918,-0.014763000858292807,0.09500000197440386,4606.853515625,0.011764764785766602,-3.955078887939453
,3520,,2.71,0,88,3778,117.65326307,,,,,,,,,,,
53.50806640088558,3560,4.0,,,,,,0.9048646688461304,0.020656414,0.2,880,0.0003,10879.410513305664,-0.03103908924298594,0.17500000298023224,3521.3447265625,0.027155578136444092,-3.9511677116155624
,3560,,2.84,0,89,3804,123.13650573,,,,,,,,,,,
245.26166534423828,3600,5.0,,,,,,0.9048718810081482,0.029412132,0.2,890,0.0003,9778.105892944335,-0.04432312201024615,0.3600000085309148,2788.2724609375,-0.011708855628967285,-3.9458402365446092
,3600,,2.87,0,90,3897,124.25467843000003,,,,,,,,,,,
39.06061553955078,3640,3.0,,,,,,0.9053312540054321,0.016691964,0.2,900,0.0003,8363.818719482422,-0.031608335010713515,0.15500000342726708,2317.66552734375,0.006543517112731934,-3.9469726592302323
,3640,,2.83,0,91,4169,112.00613209,,,,,,,,,,,
445.9047317504883,3680,5.0,,,,,,0.9029250144958496,0.025729958,0.2,910,0.0003,9268.720748901367,-0.018104593438110893,0.2650000054389238,1640.03515625,-0.02140641212463379,-3.943053549528122
,3680,,2.75,0,92,4194,98.91543657000003,,,,,,,,,,,
178.56427764892578,3720,5.0,,,,,,0.9012396335601807,0.003053716,0.2,920,0.0003,8134.232597351074,-0.0022055697952055196,0.06250000130385161,6348.853515625,-0.0685495138168335,-3.935977503657341
,3720,,2.82,0,93,4211,107.39108615,,,,,,,,,,,
73.35869598388672,3760,4.0,,,,,,0.900804877281189,0.038834915,0.2,930,0.0003,21263.36259613037,-0.028885375667523406,0.18000000435858965,2581.252197265625,0.04520446062088013,-3.9326929330825804
,3760,,2.75,0,94,4235,106.55045207,,,,,,,,,,,
-5.0,3800,1.0,,,,,,0.9013791084289551,0.013690514,0.2,940,0.0003,26131.263986206053,-0.008653188957759994,0.170000003837049,18195.15625,-0.009218335151672363,-3.9332098394632338
,3800,,2.8,0,95,4304,115.07929625000001,,,,,,,,,,,
122.77986121177673,3840,5.0,,,,,,0.9010370969772339,0.021429526,0.2,950,0.0003,31079.678338623045,-0.016061473954255234,0.24250000547617673,11378.2841796875,-0.0007569789886474609,-3.933062481880188
,3840,,2.86,0,96,4327,122.24265067000002,,,,,,,,,,,
236.850248336792,3880,4.0,,,,,,0.9025297164916992,0.0063145356,0.2,960,0.0003,13584.421627807616,-0.006230784107901855,0.13000000268220901,5852.42578125,-0.07104372978210449,-3.934829920530319
,3880,,2.83,0,97,4352,119.00645479,,,,,,,,,,,
338.37675857543945,3920,5.0,,,,,,0.9021738767623901,0.012713535,0.2,970,0.0003,7906.541873168945,-0.01817913488681371,0.24750000536441802,2411.898681640625,0.09154635667800903,-3.9359950542449953
,3920,,2.84,0,98,4374,120.84969027999999,,,,,,,,,,,
232.0358371734619,3960,5.0,,,,,,0.9039263725280762,0.012160886,0.2,980,0.0003,14680.743258666993,-0.008459347889502178,0.1375000024214387,10558.2333984375,0.003987312316894531,-3.938041216135025
,3960,,2.92,0,99,4399,127.00212263999998,,,,,,,,,,,
237.34867668151855,4000,5.0,,,,,,0.9048125147819519,0.0072063003,0.2,990,0.0003,7807.508692932129,-0.010395062784155019,0.17250000331550835,5289.51220703125,0.019481539726257324,-3.943155959248543
,4000,,2.91,0,100,4454,125.36302641999998,,,,,,,,,,,
108.73542785644531,4040,3.0,,,,,,0.9056507349014282,0.014937311,0.2,1000,0.0003,19547.293521118165,-0.02490683588839602,0.2200000049546361,10335.46484375,-0.032462239265441895,-3.945352679491043
,4040,,2.95,0,101,4476,127.13314951999999,,,,,,,,,,,
305.34261322021484,4080,5.0,,,,,,0.9040027856826782,0.04503065,0.2,1010,0.0003,8536.056238555908,-0.038904433780826364,0.30750000607222316,7547.49365234375,0.09017962217330933,-3.944377514719963
,4080,,3.12,0,102,4496,138.29885004000002,,,,,,,,,,,
47.979530334472656,4120,2.0,,,,,,0.9022709727287292,0.01181535,0.2,1020,0.0003,27671.707293701173,-0.0041938086575464715,0.19750000387430192,62952.02734375,0.05937850475311279,-3.938328114151955
,4120,,3.09,0,103,4519,131.39479935,,,,,,,,,,,
50.29975509643555,4160,2.0,,,,,,0.9001767039299011,0.044461455,0.2,1030,0.0003,9549.608120727538,-0.00908079352305322,0.24750000555068255,7583.89892578125,0.007395923137664795,-3.9329535871744157
,4160,,3.1,0,104,4541,136.80951931,,,,,,,,,,,
314.38156509399414,4200,5.0,,,,,,0.8994209170341492,0.035775796,0.2,1040,0.0003,23051.58950881958,-0.004016571446190919,0.312500006519258,17284.935546875,-0.0005068778991699219,-3.9257554531097414
,4200,,3.09,0,105,4565,137.63853339000002,,,,,,,,,,,
64.804443359375,4240,2.0,,,,,,0.8981844186782837,0.010283129,0.2,1050,0.0003,9154.726894378662,-0.017963819780270573,0.20500000454485418,2371.43505859375,0.014083385467529297,-3.9232944935560226
,4240,,3.16,0,106,4586,143.65011654,,,,,,,,,,,
43.36128616333008,4280,5.0,,,,,,0.8964276313781738,0.01272306,0.2,1060,0.0003,20044.53417663574,-0.022553439462717505,0.10750000178813934,14110.0224609375,-0.02026522159576416,-3.9179015040397642
,4280,,3.24,0,107,4615,145.34555886,,,,,,,,,,,
204.22955322265625,4320,5.0,,,,,,0.8967165946960449,0.018984584,0.2,1070,0.0003,10256.354229736327,-0.026338386350325926,0.24250000547617673,7549.033203125,-0.08861279487609863,-3.9151846140623094
,4320,,3.26,0,108,4641,155.05846126,,,,,,,,,,,
456.1461944580078,4360,5.0,,,,,,0.8965696096420288,0.010209207,0.2,1080,0.0003,24093.762843322755,-0.003913183884560567,0.16750000324100256,25137.93359375,0.04804736375808716,-3.9154908299446105
,4360,,3.27,0,109,4665,158.65846501000001,,,,,,,,,,,
-5.0,4400,1.0,,,,,,0.894987940788269,0.024307095,0.2,1090,0.0003,14980.500772094727,-0.021288824264993345,0.2900000065565109,4021.525390625,0.04318511486053467,-3.9127035945653916
,4400,,3.19,0,110,4686,151.62181422,,,,,,,,,,,
453.47667694091797,4440,5.0,,,,,,0.8948149681091309,0.008256301,0.2,1100,0.0003,17740.112818908692,0.003441276108515012,0.09250000212341547,18069.486328125,0.03137403726577759,-3.90861094892025
,4440,,3.3,0,111,4706,158.26457828000002,,,,,,,,,,,
25.036921501159668,4480,5.0,,,,,,0.8935508728027344,0.024843987,0.2,1110,0.0003,11690.02679901123,-0.0384632628646159,0.3825000084936619,4728.37255859375,0.11900901794433594,-3.9050561398267747
,4480,,3.37,0,112,4729,166.42705647000003,,,,,,,,,,,
51.83987045288086,4520,2.0,,,,,,0.8924495577812195,0.009963447,0.2,1120,0.0003,14550.644566345214,-0.005831888480461201,0.19000000394880773,5804.744140625,0.004015505313873291,-3.9009011566638945
,4520,,3.43,0,113,4749,177.52029531,,,,,,,,,,,
265.10861587524414,4560,5.0,,,,,,0.894110381603241,0.02006406,0.2,1130,0.0003,14998.749655151367,-0.025518316975355892,0.2950000068172812,10554.708984375,0.02642267942428589,-3.900916799902916
,4560,,3.45,0,114,4811,172.25969283999999,,,,,,,,,,,
363.89540100097656,4600,5.0,,,,,,0.8890911340713501,0.06619426,0.2,1140,0.0003,9554.99397277832,-0.011531912880709571,0.20250000488013029,3838.68505859375,0.04735356569290161,-3.894516921043396
,4600,,3.56,0,115,4868,174.96121607000003,,,,,,,,,,,
203.02227783203125,4640,3.0,,,,,,0.8885402083396912,0.03030786,0.2,1150,0.0003,8078.177514648438,-0.03539913608903589,0.29250000659376385,1750.7550048828125,0.10116463899612427,-3.8835809141397477
,4640,,3.46,0,116,4891,175.12990387,,,,,,,,,,,
-5.0,4680,1.0,,,,,,0.890666663646698,0.018736953,0.2,1160,0.0003,12067.850994873046,-0.004937997723463922,0.2825000062584877,6161.8095703125,-0.022320985794067383,-3.8849168539047243
,4680,,3.35,0,117,4912,160.92819289,,,,,,,,,,,
321.7670249938965,4720,5.0,,,,,,0.8893832564353943,0.032583673,0.2,1170,0.0003,10735.176663970948,-0.01624572898828771,0.31000000741332767,4900.60107421875,0.054779112339019775,-3.887245237827301
,4720,,3.34,0,118,4932,157.06938498000002,,,,,,,,,,,
285.80602264404297,4760,5.0,,,,,,0.8875253200531006,0.025514672,0.2,1180,0.0003,8702.63376159668,0.006104101112723581,0.21250000465661287,2554.0029296875,0.048253417015075684,-3.8792617350816725
,4760,,3.28,0,119,4990,148.52672519,,,,,,,,,,,
215.16089630126953,4800,4.0,,,,,,0.8904858827590942,0.06166181,0.2,1190,0.0003,10098.155067443848,-0.008200921209354417,0.35250000804662707,7383.609375,0.024397730827331543,-3.8793434500694275
,4800,,3.32,0,120,5053,138.46293506,,,,,,,,,,,
18.006307125091553,4840,3.0,,,,,,0.8896163702011108,0.0064553274,0.2,1200,0.0003,6145.267488861084,-0.007971401050908756,0.0875000013038516,1231.0599365234375,0.034652769565582275,-3.88222730755806
,4840,,3.3,0,121,5101,137.25088005,,,,,,,,,,,
79.34438467025757,4880,5.0,,,,,,0.8900947570800781,0.072310686,0.2,1210,0.0003,11809.729444885254,-0.032708725837092056,0.4350000102072954,6791.71240234375,-0.012382984161376953,-3.8811822444200517
,4880,,3.27,0,122,5123,131.32931511000004,,,,,,,,,,,
177.06585502624512,4920,4.0,,,,,,0.8859562873840332,0.009796429,0.2,1220,0.0003,5815.294847869873,-0.012368532614200378,0.18500000294297933,1784.148681640625,0.04633420705795288,-3.8759937822818755
,4920,,3.27,0,123,5147,133.19613915,,,,,,,,,,,
146.80621433258057,4960,5.0,,,,,,0.883353590965271,0.021553962,0.2,1230,0.0003,8699.247158050537,-0.02418639611801381,0.31000000685453416,1556.284912109375,0.10733097791671753,-3.8630961298942568
,4960,,3.34,0,124,5169,128.77485252999998,,,,,,,,,,,
272.0599594116211,5000,5.0,,,,,,0.8795212507247925,0.029327516,0.2,1240,0.0003,4051.865399169922,-0.011744723790907297,0.17250000312924385,3609.57861328125,0.11717146635055542,-3.8541146397590635
,5000,,3.32,0,125,5194,120.67939747999998,,,,,,,,,,,
16.500965118408203,5040,2.0,,,,,,0.8794169425964355,0.030811228,0.2,1250,0.0003,6451.451799011231,-0.025030446124146687,0.36000000815838573,2905.919677734375,-0.01673150062561035,-3.8428019016981123
,5040,,3.35,0,126,5214,134.38001524,,,,,,,,,,,
283.36951065063477,5080,5.0,,,,,,0.8786890506744385,0.01971377,0.2,1260,0.0003,33858.5387512207,-0.02818509688004269,0.1350000027567148,21836.216796875,-0.06301391124725342,-3.8424548864364625
,5080,,3.46,0,127,5233,136.19035935999997,,,,,,,,,,,
-5.0,5120,1.0,,,,,,0.8800086379051208,0.034026437,0.2,1270,0.0003,5234.278263854981,-0.02621498003134548,0.42250001020729544,4176.9189453125,0.1218409538269043,-3.8457949817180634
,5120,,3.48,0,128,5251,137.54289686,,,,,,,,,,,
97.7917890548706,5160,5.0,,,,,,0.8834991455078125,0.037170917,0.2,1280,0.0003,6576.562841796875,-0.035985043048858634,0.27750000581145284,5044.05322265625,0.06439024209976196,-3.8498494803905485
,5160,,3.45,0,129,5271,137.44220622,,,,,,,,,,,
300.88290786743164,5200,5.0,,,,,,0.8831068277359009,0.029572278,0.2,1290,0.0003,13415.957086181641,-0.0376623022599051,0.3350000087171793,4204.12451171875,-0.02008354663848877,-3.8551099449396133
,5200,,3.61,0,130,5289,144.62299935,,,,,,,,,,,
254.45565795898438,5240,4.0,,,,,,0.8809527158737183,0.06555396,0.2,1300,0.0003,10045.407105636597,-0.017894275719008874,0.2300000037997961,2712.942138671875,0.11795991659164429,-3.850412482023239
,5240,,3.66,0,131,5307,146.35310728,,,,,,,,,,,
182.53744888305664,5280,5.0,,,,,,0.8778306245803833,0.035324417,0.2,1310,0.0003,5712.765985870361,-0.03652440372583441,0.3825000077486038,1191.0316162109375,0.17918771505355835,-3.841377907991409
,5280,,3.62,0,132,5340,151.67694492,,,,,,,,,,,
734.6592559814453,5320,5.0,,,,,,0.8752460479736328,0.02206394,0.2,1320,0.0003,16524.001495361328,-0.028718106778396757,0.26500000562518833,5805.833984375,0.03395897150039673,-3.831356793642044
,5320,,3.73,0,133,5362,167.12482355,,,,,,,,,,,
314.03955841064453,5360,5.0,,,,,,0.8774495124816895,0.014910141,0.2,1330,0.0003,13547.498482513427,-0.018009594456752896,0.10750000178813934,5050.59765625,0.20991861820220947,-3.828658738732338
,5360,,3.8,0,134,5380,177.98609259,,,,,,,,,,,
95.46923828125,5400,2.0,,,,,,0.8770501613616943,0.008926662,0.2,1340,0.0003,7977.574464416504,-0.01496835963342164,0.2700000062584877,4566.4912109375,0.10179328918457031,-3.8321608304977417
,5400,,3.87,0,135,5400,183.00880454000003,,,,,,,,,,,
584.3604888916016,5440,5.0,,,,,,0.8754940032958984,0.00767076,0.2,1350,0.0003,11020.320797729491,-0.0072802250018867195,0.09750000145286322,3602.45849609375,0.04295831918716431,-3.8298285722732546
,5440,,3.92,1,136,5419,181.47119188,,,,,,,,,,,
475.78849029541016,5480,5.0,,,,,,0.875236451625824,0.014175643,0.2,1360,0.0003,28578.19469909668,-0.00955888205528026,0.16750000398606063,5938.49658203125,0.008423149585723877,-3.8254398584365843
,5480,,3.83,1,137,5441,193.80296191000002,,,,,,,,,,,
219.85693645477295,5520,5.0,,,,,,0.8749353289604187,0.028969683,0.2,1370,0.0003,15005.922023010255,0.017115908553932968,0.4525000093504786,2829.892578125,0.05077648162841797,-3.8255595803260802
,5520,,3.79,1,138,5460,188.12910565,,,,,,,,,,,
139.79487991333008,5560,4.0,,,,,,0.8763057589530945,0.03018821,0.2,1380,0.0003,6928.891181945801,-0.03950944344736853,0.33750000670552255,3033.7138671875,0.16008394956588745,-3.8263962864875793
,5560,,3.83,1,139,5480,187.80514097000002,,,,,,,,,,,
411.81733322143555,5600,5.0,,,,,,0.8775590658187866,0.055271912,0.2,1390,0.0003,5053.371079826355,-0.008001510552858238,0.495000009983778,2612.269775390625,0.11623632907867432,-3.828935107588768
,5600,,3.82,1,140,5514,192.50505217999998,,,,,,,,,,,
143.66125965118408,5640,5.0,,,,,,0.8771377801895142,0.0049255686,0.2,1400,0.0003,8257.168140411377,-0.016775353729026388,0.1775000037625432,800.5452270507812,0.1323191523551941,-3.832617861032486
,5640,,3.87,1,141,5531,197.7916866,,,,,,,,,,,
283.9908809661865,5680,5.0,,,,,,0.8730458617210388,0.014120144,0.2,1410,0.0003,12659.592044830322,-0.01417626530934285,0.30750000681728124,2350.271484375,0.16754132509231567,-3.8216182440519333
,5680,,3.92,1,142,5549,194.82249413000002,,,,,,,,,,,
264.9939308166504,5720,5.0,,,,,,0.8736323118209839,0.015091181,0.2,1420,0.0003,5933.46257019043,-0.008379058925056592,0.21750000454485416,2211.688720703125,0.17002332210540771,-3.8116467505693437
,5720,,3.74,1,143,5572,174.85602473999998,,,,,,,,,,,
195.61272430419922,5760,3.0,,,,,,0.8686298131942749,0.013660401,0.2,1430,0.0003,7242.782299804688,0.00013347549574973527,0.057500000856816766,3719.313720703125,0.11741262674331665,-3.8057680308818815
,5760,,3.67,1,144,5594,172.51638892,,,,,,,,,,,
212.3646354675293,5800,4.0,,,,,,0.8697964549064636,0.0076192524,0.2,1440,0.0003,11732.591473388671,-0.012602400438772744,0.1375000026077032,9439.0,-0.0896843671798706,-3.796609863638878
,5800,,3.64,1,145,5615,167.37663921,,,,,,,,,,,
85.6677474975586,5840,2.0,,,,,,0.8688125014305115,0.02997169,0.2,1450,0.0003,5613.700974273682,-0.03625063040934038,0.3475000074133277,4205.3017578125,0.10520172119140625,-3.798165825009346
,5840,,3.67,1,146,5633,164.59191519,,,,,,,,,,,
88.2566909790039,5880,2.0,,,,,,0.8679246306419373,0.016154954,0.2,1460,0.0003,14449.573843383789,-0.00686478358635213,0.12500000186264515,3178.0791015625,0.11161220073699951,-3.7919114381074905
,5880,,3.69,1,147,5655,174.15782854,,,,,,,,,,,
469.9660987854004,5920,5.0,,,,,,0.8674566745758057,0.042760774,0.2,1470,0.0003,11645.338864135741,-0.06596525305474643,0.4300000095739961,8469.2333984375,0.0950738787651062,-3.790271669626236
,5920,,3.72,1,148,5674,183.29418079000004,,,,,,,,,,,
58.67108154296875,5960,3.0,,,,,,0.8677284121513367,0.005296685,0.2,1480,0.0003,17627.739978027344,-0.0006677576369293114,0.027500000409781934,13903.8427734375,0.1215469241142273,-3.7896881073713304
,5960,,3.63,1,149,5699,184.72685427,,,,,,,,,,,
213.17801666259766,6000,3.0,,,,,,0.8667166233062744,0.0253788,0.2,1490,0.0003,16276.579969406128,-0.0046615035259310435,0.1875000037252903,6528.6865234375,-0.07193410396575928,-3.7891360014677047
,6000,,3.5,1,150,5718,176.75189639,,,,,,,,,,,
65.11289119720459,6040,3.0,,,,,,0.8653459548950195,0.015535599,0.2,1500,0.0003,15146.889459228516,-0.012616422009596118,0.12750000208616258,4400.99853515625,-0.04047262668609619,-3.784137237071991
,6040,,3.5,1,151,5789,187.99664577000004,,,,,,,,,,,
320.2432498931885,6080,5.0,,,,,,0.8628973960876465,0.040038273,0.2,1510,0.0003,14455.028952026367,-0.0111203058216779,0.2525000054389238,16598.26171875,0.14372235536575317,-3.7753282696008683
,6080,,3.65,1,152,5811,199.83394041,,,,,,,,,,,
225.1966037750244,6120,5.0,,,,,,0.8614093661308289,0.02232122,0.2,1520,0.0003,7449.606388854981,-0.015350975719702542,0.18250000290572643,3436.244384765625,0.17384958267211914,-3.7697236001491548
,6120,,3.69,1,153,5833,202.60113998999998,,,,,,,,,,,
139.23739051818848,6160,5.0,,,,,,0.8600668907165527,0.022193752,0.2,1530,0.0003,20959.528939819334,-0.008696952155351023,0.13750000316649674,18943.98828125,0.016126692295074463,-3.762942114472389
,6160,,3.73,1,154,5852,203.22102331,,,,,,,,,,,
190.1602783203125,6200,3.0,,,,,,0.8596053123474121,0.030408498,0.2,1540,0.0003,6055.193836212158,-0.01047017703880555,0.3000000067055225,2522.840576171875,0.10328036546707153,-3.7602056562900543
,6200,,3.71,1,155,5873,199.99281207000004,,,,,,,,,,,
177.29248809814453,6240,3.0,,,,,,0.8577696084976196,0.015722575,0.2,1550,0.0003,11192.338767242432,0.00044514322580653244,0.10000000186264515,3851.15771484375,0.10389608144760132,-3.7571902126073837
,6240,,3.76,1,156,5894,204.51818221999997,,,,,,,,,,,
249.39715576171875,6280,3.0,,,,,,0.8538910746574402,0.020176796,0.2,1560,0.0003,17713.917922973633,0.0007529733516275838,0.16750000286847352,8133.294921875,0.07492941617965698,-3.7462440550327303
,6280,,3.68,1,157,5914,194.78854920999996,,,,,,,,,,,
133.9789924621582,6320,3.0,,,,,,0.852475643157959,0.022486119,0.2,1570,0.0003,8056.796881103515,-0.017134233836804923,0.3425000078976154,4983.15185546875,0.21304678916931152,-3.735814154148102
,6320,,3.7,1,158,5992,187.63339625,,,,,,,,,,,
193.47040939331055,6360,5.0,,,,,,0.8475691080093384,0.040497765,0.2,1580,0.0003,6819.825395202637,-0.008766885338700358,0.2775000061839819,2699.79638671875,0.16082942485809326,-3.7253438144922257
,6360,,3.82,1,159,6007,193.87672189,,,,,,,,,,,
254.71768760681152,6400,5.0,,,,,,0.8453433513641357,0.0106122065,0.2,1590,0.0003,7477.359962463379,-0.010919832005747598,0.09000000152736902,1244.4312744140625,0.025056838989257812,-3.7115603536367416
,6400,,3.69,1,160,6029,177.55272816999997,,,,,,,,,,,
233.79937744140625,6440,5.0,,,,,,0.8442973494529724,0.03340525,0.2,1600,0.0003,13065.219921875,-0.04964258430583868,0.37500000819563867,6342.388671875,0.09603023529052734,-3.7052900701761247
,6440,,3.68,1,161,6049,173.20112094999996,,,,,,,,,,,
104.67138671875,6480,2.0,,,,,,0.8467309474945068,0.021340188,0.2,1610,0.0003,7967.677146911621,-0.009044236426925634,0.16000000294297934,6015.0654296875,0.07537215948104858,-3.7077398717403414
,6480,,3.64,1,162,6070,170.90446916999994,,,,,,,,,,,
168.60736846923828,6520,3.0,,,,,,0.8442667722702026,0.081632674,0.2,1620,0.0003,10872.721232604981,0.0023859783067018635,0.5300000108778476,3662.629638671875,-0.009148955345153809,-3.707548552751541
,6520,,3.63,1,163,6089,171.69724298999998,,,,,,,,,,,
373.52710342407227,6560,5.0,,,,,,0.8454875946044922,0.021710072,0.2,1630,0.0003,7391.802365112305,0.014396473008382604,0.43250000979751346,3031.9140625,0.1324891448020935,-3.699948301911354
,6560,,3.62,1,164,6109,174.76406008,,,,,,,,,,,
252.46621131896973,6600,5.0,,,,,,0.8453307151794434,0.009876165,0.2,1640,0.0003,22237.45333251953,-0.02255041990065365,0.1625000024214387,7852.46728515625,0.007209837436676025,-3.70672821700573
,6600,,3.61,1,165,6157,172.742716,,,,,,,,,,,
220.74862480163574,6640,5.0,,,,,,0.8430454134941101,0.024826052,0.2,1650,0.0003,17768.923219299315,-0.027813822818446843,0.12000000178813934,11828.478515625,0.07595086097717285,-3.701956084370613
,6640,,3.62,1,166,6180,173.06069319000002,,,,,,,,,,,
327.3583450317383,6680,5.0,,,,,,0.8411917686462402,0.018240597,0.2,1660,0.0003,13794.174029541016,-0.017524731876255827,0.17250000294297935,3644.80810546875,0.07322490215301514,-3.693172872066498
,6680,,3.63,1,167,6198,177.15060570999998,,,,,,,,,,,
334.34981536865234,6720,5.0,,,,,,0.8402456641197205,0.010982962,0.2,1670,0.0003,8150.538259887695,-0.004770943344919942,0.1325000025331974,1086.8514404296875,0.07855343818664551,-3.6867716044187544
,6720,,3.68,1,168,6218,187.12276284000004,,,,,,,,,,,
367.6470727920532,6760,5.0,,,,,,0.8393545150756836,0.0564428,0.2,1680,0.0003,11784.453463745118,-0.020767825328875916,0.15000000279396772,4467.03857421875,0.19187438488006592,-3.6796298742294313
,6760,,3.78,1,169,6239,197.20920328000003,,,,,,,,,,,
81.34379768371582,6800,3.0,,,,,,0.8385156393051147,0.013557685,0.2,1690,0.0003,8291.638352966309,-0.0002629767451435283,0.23000000454485417,6841.59326171875,0.26452577114105225,-3.6769009828567505
,6800,,3.72,1,170,6349,200.73708292999999,,,,,,,,,,,
427.0330505371094,6840,5.0,,,,,,0.8378511667251587,0.015158329,0.2,1700,0.0003,9782.405889892578,-0.025666931859414044,0.31000000704079866,7598.80517578125,0.10835880041122437,-3.674587684869766
,6840,,3.76,1,171,6373,203.36317856000002,,,,,,,,,,,
279.0086250305176,6880,5.0,,,,,,0.8374261856079102,0.016359372,0.2,1710,0.0003,8445.720850372314,-0.019981863963330397,0.21250000391155482,379.60400390625,0.21757197380065918,-3.6718005895614625
,6880,,3.76,1,172,6392,208.27700217999998,,,,,,,,,,,
298.2377014160156,6920,5.0,,,,,,0.8357959985733032,0.015183713,0.2,1720,0.0003,11303.256336975097,-0.029546475861352485,0.33750000726431606,9070.806640625,0.10205882787704468,-3.6681113451719285
,6920,,3.82,1,173,6410,214.76524693999997,,,,,,,,,,,
59.057687401771545,6960,5.0,,,,,,0.8327903747558594,0.044970006,0.2,1730,0.0003,9087.832736206055,-0.020032212016667474,0.3975000087171793,5000.0517578125,0.1234169602394104,-3.6593798846006393
,6960,,3.89,1,174,6430,212.75605169999994,,,,,,,,,,,
-5.203527808189392,7000,2.0,,,,,,0.8315409421920776,0.086949915,0.2,1740,0.0003,6957.377308654785,-0.01144554582831916,0.5225000109523534,7419.03271484375,0.1891193985939026,-3.648348796367645
,7000,,3.88,1,175,6445,213.48070868000002,,,,,,,,,,,
156.0615234375,7040,3.0,,,,,,0.8310704231262207,0.009017995,0.2,1750,0.0003,17333.9088684082,-0.015878008697727642,0.0875000013038516,6823.82666015625,0.0657915472984314,-3.6478786021471024
,7040,,3.81,1,176,6466,209.82866779000003,,,,,,,,,,,
160.7123146057129,7080,4.0,,,,,,0.8280875086784363,0.021702245,0.2,1760,0.0003,10465.375421142578,-0.025142215865562312,0.3300000082701445,2362.891845703125,0.04195582866668701,-3.6406626880168913
,7080,,3.7,1,177,6487,200.73614722,,,,,,,,,,,
24.723150968551636,7120,3.0,,,,,,0.8278874158859253,0.017985515,0.2,1770,0.0003,17845.681567382813,-0.006565627509589866,0.32500000614672897,13075.9033203125,-0.059696078300476074,-3.6348960757255555
,7120,,3.7,1,178,6505,204.02847049,,,,,,,,,,,
236.9568977355957,7160,5.0,,,,,,0.8295793533325195,0.036532406,0.2,1780,0.0003,15152.697763061524,-0.0071238510482726225,0.34250000715255735,11099.0869140625,0.1311168670654297,-3.63684658408165
,7160,,3.76,1,179,6522,204.26202694999995,,,,,,,,,,,
50.038963317871094,7200,2.0,,,,,,0.8317131400108337,0.006585115,0.2,1790,0.0003,9553.322230529786,-0.008298121298575989,0.19500000420957803,4800.1025390625,0.13796144723892212,-3.639979973435402
,7200,,3.71,1,180,6539,201.08095777,,,,,,,,,,,
309.81944465637207,7240,5.0,,,,,,0.8312220573425293,0.021511734,0.2,1800,0.0003,11656.947749328614,-0.001026530238559642,0.20500000473111868,4404.27099609375,0.10690242052078247,-3.6450764000415803
,7240,,3.78,1,181,6561,208.81007342,,,,,,,,,,,
419.6653060913086,7280,5.0,,,,,,0.8297881484031677,0.009226643,0.2,1810,0.0003,17142.220234680175,-0.008866270461512615,0.13500000219792127,4984.375,0.11017352342605591,-3.6402476161718367
,7280,,3.74,1,182,6583,204.36700807,,,,,,,,,,,
89.49706840515137,7320,4.0,,,,,,0.8296087980270386,0.023517659,0.2,1820,0.0003,13974.26279296875,-0.013696701371227383,0.3925000077113509,11310.5966796875,0.15108799934387207,-3.6364597141742707
,7320,,3.73,1,183,6605,206.81043943,,,,,,,,,,,
281.3142833709717,7360,5.0,,,,,,0.827257513999939,0.0077156364,0.2,1830,0.0003,8192.516857910156,-0.0032200566312530986,0.17750000339001418,6911.3017578125,0.148701012134552,-3.6347669035196306
,7360,,3.62,1,184,6626,195.6109261,,,,,,,,,,,
-5.0,7400,1.0,,,,,,0.8256837725639343,0.021057032,0.2,1840,0.0003,11489.520776367188,-0.015984661660795606,0.1400000022724271,5263.728515625,0.20288783311843872,-3.624866732954979
,7400,,3.6,1,185,6658,194.38408611,,,,,,,,,,,
72.04938507080078,7440,2.0,,,,,,0.8251861333847046,0.039886992,0.2,1850,0.0003,8940.010737609864,-0.013794704335159658,0.3525000074878335,2592.693603515625,0.13467055559158325,-3.6205322265625
,7440,,3.69,1,186,6678,201.66893588,,,,,,,,,,,
429.7341842651367,7480,5.0,,,,,,0.8255211114883423,0.022592312,0.2,1860,0.0003,16046.411849975586,-0.01505778195940366,0.3475000075995922,9653.2294921875,0.12400597333908081,-3.619094318151474
,7480,,3.74,1,187,6696,207.46046909999993,,,,,,,,,,,
196.5952606201172,7520,3.0,,,,,,0.8239465951919556,0.025972335,0.2,1870,0.0003,16912.13950805664,-0.02610281665096408,0.20500000473111868,12577.5224609375,0.21462947130203247,-3.6177504688501356
,7520,,3.7,1,188,6713,206.88739686,,,,,,,,,,,
33.13616180419922,7560,2.0,,,,,,0.8244080543518066,0.031097524,0.2,1880,0.0003,15833.481420898437,-0.015291518674057425,0.21250000391155482,11558.8427734375,0.09708648920059204,-3.616001784801483
,7560,,3.64,1,189,6736,206.64538778999997,,,,,,,,,,,
60.096351623535156,7600,3.0,,,,,,0.8195611238479614,0.0077247084,0.2,1890,0.0003,13442.42424621582,-0.020989215033478104,0.15750000290572644,6103.65234375,0.11619645357131958,-3.610007593035698
,7600,,3.54,1,190,6771,193.13988556,,,,,,,,,,,
299.582950592041,7640,5.0,,,,,,0.8157613277435303,0.015410788,0.2,1900,0.0003,12043.103762817384,-0.00859108788521552,0.2800000060349703,4535.57080078125,0.1086699366569519,-3.590394452214241
,7640,,3.62,1,191,6798,200.01485798,,,,,,,,,,,
426.0652561187744,7680,5.0,,,,,,0.8189632296562195,0.020469435,0.2,1910,0.0003,13350.78140563965,-0.03412137363113288,0.33250000830739734,8943.6416015625,0.1772557497024536,-3.587354815006256
,7680,,3.62,1,192,6828,203.88197816999997,,,,,,,,,,,
246.53063201904297,7720,3.0,,,,,,0.8196935653686523,0.03019179,0.2,1920,0.0003,8098.876487541199,-0.022114650870098555,0.4475000103935599,4942.623046875,0.27824002504348755,-3.5925263345241545
,7720,,3.71,1,193,6846,210.43137389,,,,,,,,,,,
324.48307037353516,7760,5.0,,,,,,0.8203710317611694,0.018616267,0.2,1930,0.0003,11793.322232055663,-0.010658328558420183,0.10000000204890966,5257.69140625,0.0970616340637207,-3.5937669068574905
,7760,,3.71,1,194,6868,215.89246634,,,,,,,,,,,
356.07040786743164,7800,5.0,,,,,,0.820363461971283,0.012699273,0.2,1940,0.0003,17205.184167480467,-0.009730053934945327,0.14250000268220903,15030.306640625,-0.0037965774536132812,-3.593037188053131
,7800,,3.71,1,195,6889,215.56438086999998,,,,,,,,,,,
158.66692924499512,7840,5.0,,,,,,0.8198461532592773,0.018389504,0.2,1950,0.0003,14587.238642120361,-0.02033846048740088,0.22250000406056641,7590.07275390625,0.031861186027526855,-3.5920329123735426
,7840,,3.58,1,196,6918,207.19736396999997,,,,,,,,,,,
199.83834838867188,7880,4.0,,,,,,0.8161856532096863,0.023655457,0.2,1960,0.0003,20380.434484863283,-0.032554926213906585,0.2800000052899122,5921.54541015625,-0.03473639488220215,-3.583602848649025
,7880,,3.51,1,197,6987,199.79139854999997,,,,,,,,,,,
200.13480758666992,7920,5.0,,,,,,0.8154723644256592,0.0356412,0.2,1970,0.0003,12288.844625854492,-0.03585553304219502,0.432500009983778,4402.6923828125,0.10189306735992432,-3.577802312374115
,7920,,3.53,1,198,7011,205.62339849999998,,,,,,,,,,,
94.29288482666016,7960,2.0,,,,,,0.8148907423019409,0.017623592,0.2,1980,0.0003,17125.29666748047,0.0024502700165248913,0.11500000189989805,8561.287109375,0.07040214538574219,-3.5734994977712633
,7960,,3.6,1,199,7029,214.19582715000004,,,,,,,,,,,
130.91389083862305,8000,4.0,,,,,,0.8105394840240479,0.01757169,0.2,1990,0.0003,15292.630296325684,-0.0192546028188735,0.20500000454485418,2971.490478515625,0.15261757373809814,-3.5656902551651
,8000,,3.5,1,200,7049,204.20264865,,,,,,,,,,,
83.7059326171875,8040,2.0,,,,,,0.8096277117729187,0.078395665,0.2,2000,0.0003,9176.381854248048,0.012863080395618454,0.5700000097975135,4812.36962890625,0.1255766749382019,-3.5526617377996446
,8040,,3.37,1,201,7072,197.52869916000003,,,,,,,,,,,
126.82164001464844,8080,2.0,,,,,,0.8061360120773315,0.20655583,0.2,2010,0.0003,12060.913056945801,0.0651206432170511,0.4475000064820051,2359.6875,0.08278024196624756,-3.545203077793121
,8080,,3.35,1,202,7092,194.15070734999995,,,,,,,,,,,
449.72935485839844,8120,5.0,,,,,,0.8053191900253296,0.037695263,0.2,2020,0.0003,13785.798049926758,-0.045223900789569615,0.36500000916421416,3553.607177734375,0.20993965864181519,-3.534951275587082
,8120,,3.48,1,203,7111,206.66609168,,,,,,,,,,,
209.08480072021484,8160,5.0,,,,,,0.8034833669662476,0.020710219,0.2,2030,0.0003,11768.778382873536,-0.0027567324324627384,0.08500000182539225,3631.353759765625,0.2559453845024109,-3.5303086668252943
,8160,,3.46,1,204,7134,206.10361995999992,,,,,,,,,,,
205.59356689453125,8200,3.0,,,,,,0.8025139570236206,0.01691011,0.2,2040,0.0003,14271.293807983398,-0.024230792763155474,0.19000000394880773,9462.951171875,0.11154299974441528,-3.5213033854961395
,8200,,3.53,1,205,7155,212.56994300999997,,,,,,,,,,,
281.5581703186035,8240,5.0,,,,,,0.8017169833183289,0.039653666,0.2,2050,0.0003,15694.247052001952,-0.03831851786526386,0.4325000086799264,6044.3935546875,0.1678810715675354,-3.5166425555944443
,8240,,3.62,1,206,7177,222.07866042999996,,,,,,,,,,,
356.23386001586914,8280,5.0,,,,,,0.8030264377593994,0.029428462,0.2,2060,0.0003,9189.774649047851,-0.019605427782116748,0.26750000678002833,5210.46875,0.2509062886238098,-3.5168877452611924
,8280,,3.69,1,207,7198,225.56843745999996,,,,,,,,,,,
204.4673252105713,8320,4.0,,,,,,0.8056818246841431,0.037765034,0.2,2070,0.0003,16229.185430908203,-0.043538140924356414,0.34500000812113285,4953.2919921875,0.13014167547225952,-3.522753930091858
,8320,,3.64,1,208,7220,220.78333928999996,,,,,,,,,,,
405.2962303161621,8360,5.0,,,,,,0.8068094253540039,0.006969537,0.2,2080,0.0003,9884.846216583252,-0.0011312518959312179,0.1775000037625432,7285.86669921875,0.26835018396377563,-3.5296578973531725
,8360,,3.73,1,209,7240,225.53216450999997,,,,,,,,,,,
513.2724151611328,8400,5.0,,,,,,0.8071014285087585,0.018937048,0.2,2090,0.0003,10181.421516418457,-0.017014910541402063,0.2950000062584877,2255.256591796875,0.05012935400009155,-3.534441736340523
,8400,,3.76,1,210,7261,233.82962494999995,,,,,,,,,,,
277.2893600463867,8440,5.0,,,,,,0.8087077140808105,0.012160413,0.2,2100,0.0003,14841.41220703125,-0.014811708472698238,0.22750000488013028,7756.21435546875,0.05215185880661011,-3.5370595067739488
,8440,,3.87,1,211,7283,241.52681793,,,,,,,,,,,
345.0438117980957,8480,5.0,,,,,,0.8057786226272583,0.01095102,0.2,2110,0.0003,10717.525061035156,-0.009080048497853576,0.19750000387430192,3070.99755859375,0.32354027032852173,-3.533736801147461
,8480,,3.8,1,212,7306,236.87248259999996,,,,,,,,,,,
167.17468738555908,8520,5.0,,,,,,0.8044662475585938,0.013596359,0.2,2120,0.0003,19267.486978149413,-0.0177709245207734,0.0775000013411045,5090.54345703125,0.08450311422348022,-3.52201661169529
,8520,,3.84,1,213,7322,232.45697611999995,,,,,,,,,,,
106.44345092773438,8560,2.0,,,,,,0.8024694919586182,0.01225155,0.2,2130,0.0003,13170.539289093018,-0.001437602583318953,0.21500000339001418,9980.337890625,0.13912707567214966,-3.514286330342293
,8560,,3.9,1,214,7340,240.81994907,,,,,,,,,,,
150.12582778930664,8600,3.0,,,,,,0.800379753112793,0.010783121,0.2,2140,0.0003,16732.982290649416,-0.016366594941937374,0.20250000432133675,3864.353271484375,0.17598390579223633,-3.506955748796463
,8600,,3.84,1,215,7378,231.54598947000002,,,,,,,,,,,
390.6666488647461,8640,5.0,,,,,,0.8001189231872559,0.027044566,0.2,2150,0.0003,17388.26827545166,-0.026138073094407455,0.18250000346451997,3892.76611328125,0.11435729265213013,-3.5014582931995393
,8640,,3.82,1,216,7416,231.46814106000002,,,,,,,,,,,
219.8640956878662,8680,5.0,,,,,,0.8001942038536072,0.014439236,0.2,2160,0.0003,14168.086120605469,-0.023294563814015422,0.20250000450760125,7304.53857421875,0.09321087598800659,-3.500983601808548
,8680,,3.84,1,217,7439,230.47929810999997,,,,,,,,,,,
483.4992370605469,8720,5.0,,,,,,0.8009855151176453,0.011832859,0.2,2170,0.0003,7794.853910064698,-0.0036340371171536432,0.19750000406056642,2823.06201171875,0.3254808783531189,-3.50534308552742
,8720,,3.87,1,218,7458,238.72202994,,,,,,,,,,,
-5.0,8760,1.0,,,,,,0.7986276149749756,0.020964317,0.2,2180,0.0003,18726.34390258789,-0.012283107640723757,0.10750000216066838,8638.384765625,0.11708390712738037,-3.502530413866043
,8760,,3.82,1,219,7534,237.79433079999995,,,,,,,,,,,
249.66723442077637,8800,5.0,,,,,,0.796175479888916,0.018882394,0.2,2190,0.0003,15150.298830413818,-0.012418755412800242,0.19500000402331352,11040.671875,-0.0007467269897460938,-3.4918113470077516
,8800,,3.88,1,220,7600,236.53647227,,,,,,,,,,,
156.44761657714844,8840,2.0,,,,,,0.7934621572494507,0.013957579,0.2,2200,0.0003,6291.04704284668,-0.027738375435801554,0.23250000458210707,2256.727783203125,0.46084415912628174,-3.484182816743851
,8840,,3.8,1,221,7644,238.79549386000002,,,,,,,,,,,
7.486760139465332,8880,2.0,,,,,,0.7932536602020264,0.018746484,0.2,2210,0.0003,18307.77214050293,-0.021498127785889665,0.20500000454485418,3240.858642578125,0.10132002830505371,-3.479404020309448
,8880,,3.75,1,222,7665,237.84516852999997,,,,,,,,,,,
39.03074645996094,8920,2.0,,,,,,0.7923586368560791,0.009612567,0.2,2220,0.0003,20815.79161682129,-0.014358492603787455,0.2575000047683716,16975.564453125,0.030730366706848145,-3.477260822057724
,8920,,3.68,1,223,7728,235.62190074000003,,,,,,,,,,,
487.77674865722656,8960,5.0,,,,,,0.7961542010307312,0.08467805,0.2,2230,0.0003,12125.27489013672,-0.01008092927251707,0.2325000051409006,8990.7802734375,0.15134185552597046,-3.4797815531492233
,8960,,3.61,1,224,7750,229.68790677000004,,,,,,,,,,,
236.3616428375244,9000,5.0,,,,,,0.7974923849105835,0.005293458,0.2,2240,0.0003,19412.67562561035,-0.004454494181845803,0.1350000025704503,18548.587890625,0.05201035737991333,-3.4906654953956604
,9000,,3.67,1,225,7773,236.89598178999998,,,,,,,,,,,
415.3335437774658,9040,5.0,,,,,,0.7959505915641785,0.02312373,0.2,2250,0.0003,22934.72152709961,-0.010682913441632991,0.17250000350177289,25065.818359375,0.04350358247756958,-3.489126679301262
,9040,,3.51,1,226,7794,230.22039744999998,,,,,,,,,,,
453.6606979370117,9080,5.0,,,,,,0.7955012321472168,0.0053537665,0.2,2260,0.0003,28441.271899414063,-0.0009472123846353542,0.020000000298023225,6431.9013671875,-0.002749919891357422,-3.4842021048069
,9080,,3.48,1,227,7979,218.13051715999995,,,,,,,,,,,
437.28046798706055,9120,5.0,,,,,,0.7938129901885986,0.025663357,0.2,2270,0.0003,13276.424942016602,-0.02834413145264989,0.19750000387430192,7263.96142578125,0.18040990829467773,-3.478423795104027
,9120,,3.42,1,228,8007,214.54707247,,,,,,,,,,,
199.93155214190483,9160,5.0,,,,,,0.7918144464492798,0.031626694,0.2,2280,0.0003,22928.21690979004,-0.023114867122494616,0.24500000551342965,6260.8984375,-0.030616402626037598,-3.470969024300575
,9160,,3.37,1,229,8025,209.71169133000004,,,,,,,,,,,
383.7687759399414,9200,5.0,,,,,,0.7912098169326782,0.015507895,0.2,2290,0.0003,10970.822080993652,-0.0173108403684455,0.3275000061839819,10576.01171875,0.17928826808929443,-3.4665379583835603
,9200,,3.5,1,230,8042,221.70725956,,,,,,,,,,,
303.4418296813965,9240,5.0,,,,,,0.7926739454269409,0.025224853,0.2,2300,0.0003,20077.560745239258,-0.02320819550484885,0.3075000073760748,20679.130859375,0.1694357991218567,-3.466586771607399
,9240,,3.49,1,231,8061,221.38854995000003,,,,,,,,,,,
213.47760772705078,9280,4.0,,,,,,0.790249228477478,0.0145894885,0.2,2310,0.0003,21176.40263977051,0.009727912136586381,0.2625000046566129,9029.5869140625,0.011437714099884033,-3.463444620370865
,9280,,3.51,1,232,8081,223.21583299000002,,,,,,,,,,,
318.583948135376,9320,5.0,,,,,,0.7884003520011902,0.05028081,0.2,2320,0.0003,14066.256189346313,0.013113556752796286,0.5150000106543302,4455.01171875,0.1059567928314209,-3.4560182094573975
,9320,,3.57,1,233,8100,220.14567905,,,,,,,,,,,
313.67800521850586,9360,5.0,,,,,,0.7893308401107788,0.012508649,0.2,2330,0.0003,7729.996224212647,0.0018904435585500145,0.20750000458210707,4372.9755859375,0.2737343907356262,-3.4532944411039352
,9360,,3.52,1,234,8145,211.71349181999997,,,,,,,,,,,
395.41876220703125,9400,5.0,,,,,,0.7875794172286987,0.02466791,0.2,2340,0.0003,12597.87641067505,-0.01996754450374283,0.1825000036507845,4452.5107421875,-0.059506773948669434,-3.4550473749637605
,9400,,3.71,1,235,8165,219.12284318,,,,,,,,,,,
408.94562911987305,9440,5.0,,,,,,0.7891697287559509,0.02482871,0.2,2350,0.0003,6676.738916397095,-0.02015710872983618,0.3875000080093741,3142.109619140625,0.3104832172393799,-3.452865022420883
,9440,,3.68,1,236,8186,219.92805939,,,,,,,,,,,
142.67118072509766,9480,4.0,,,,,,0.7856110334396362,0.028186517,0.2,2360,0.0003,12213.219703674316,-0.015485919887723864,0.2175000049173832,11549.8701171875,0.19749492406845093,-3.4469510674476624
,9480,,3.74,1,237,8203,224.41281618000002,,,,,,,,,,,
490.11730575561523,9520,5.0,,,,,,0.7839242815971375,0.01698571,0.2,2370,0.0003,13377.501290893555,-0.0037131638410937695,0.25000000577419995,13066.408203125,0.1846381425857544,-3.4339288115501403
,9520,,3.74,1,238,8224,218.65289849999996,,,,,,,,,,,
361.63575744628906,9560,5.0,,,,,,0.7821856737136841,0.042894695,0.2,2380,0.0003,13820.70977935791,-0.029443236794177218,0.44000000935047867,5964.78466796875,-0.006492972373962402,-3.42830385863781
,9560,,3.83,1,239,8243,230.12043694,,,,,,,,,,,
194.8279514312744,9600,5.0,,,,,,0.7816910743713379,0.020336082,0.2,2390,0.0003,21561.692950439454,-0.027768592762586187,0.41250001043081286,9193.2109375,0.21655535697937012,-3.423157873749733
,9600,,3.83,1,240,8265,232.77051213,,,,,,,,,,,
369.25122451782227,9640,5.0,,,,,,0.7822051048278809,0.029579738,0.2,2400,0.0003,20680.770639038084,-0.019799394907313396,0.31250000819563867,9850.09765625,0.13023746013641357,-3.4246612668037413
,9640,,3.89,1,241,8315,242.32545864,,,,,,,,,,,
318.0516548156738,9680,5.0,,,,,,0.7842559814453125,0.020373648,0.2,2410,0.0003,14335.627447509765,-0.011476083818270122,0.17250000312924385,1235.2100830078125,0.3093186616897583,-3.430635941028595
,9680,,4.02,1,242,8335,252.52351303,,,,,,,,,,,
625.9860687255859,9720,5.0,,,,,,0.7853056788444519,0.040366784,0.2,2420,0.0003,10112.317585754394,-0.016313079377287078,0.2875000063329935,5497.79248046875,0.30521678924560547,-3.4363006472587587
,9720,,4.06,1,243,8353,264.95760117000003,,,,,,,,,,,
357.58989334106445,9760,5.0,,,,,,0.7831287384033203,0.03239935,0.2,2430,0.0003,12664.644274902344,-0.0371242274346514,0.3125000067055225,3754.8388671875,0.3590896725654602,-3.432160970568657
,9760,,3.93,1,244,8620,258.81745922,,,,,,,,,,,
474.2935371398926,9800,5.0,,,,,,0.783258318901062,0.01466719,0.2,2440,0.0003,25049.676519775392,-0.02199401311605471,0.13000000212341548,15157.3798828125,0.014016568660736084,-3.4271048694849013
,9800,,3.91,1,245,8644,265.77798720999994,,,,,,,,,,,
503.43227767944336,9840,5.0,,,,,,0.7794358134269714,0.035128586,0.2,2450,0.0003,14044.647744750977,0.0022626717157277153,0.2175000047311187,6503.39501953125,0.2580881714820862,-3.419793412089348
,9840,,3.96,1,246,8664,279.81598915,,,,,,,,,,,
650.7381820678711,9880,5.0,,,,,,0.7806237936019897,0.019524539,0.2,2460,0.0003,17550.96526184082,0.013208304236759427,0.22250000461935998,10692.3037109375,0.2613959312438965,-3.40964989066124
,9880,,3.87,1,247,8687,275.18483404,,,,,,,,,,,
154.94732666015625,9920,5.0,,,,,,0.7814491987228394,0.011634642,0.2,2470,0.0003,14226.979788208007,0.0032397757891885703,0.06250000093132257,4354.6865234375,0.14215612411499023,-3.4150757998228074
,9920,,3.93,1,248,8712,279.77483404,,,,,,,,,,,
284.7388725280762,9960,5.0,,,,,,0.7812031507492065,0.03794674,0.2,2480,0.0003,12830.713191223145,-0.03404286180244527,0.3425000078976154,4320.302734375,0.22066545486450195,-3.4171926945447924
,9960,,3.86,1,249,8734,270.61804929,,,,,,,,,,,
448.16988372802734,10000,5.0,,,,,,0.7802736163139343,0.028343162,0.2,2490,0.0003,23667.960372924805,-0.019961853185814116,0.21750000379979612,11822.4443359375,-0.03418409824371338,-3.4144328266382216
,10000,,3.87,1,250,8755,266.01401916,,,,,,,,,,,
450.13067626953125,10040,5.0,,,,,,0.7784001231193542,0.014103813,0.2,2500,0.0003,11792.993795013428,-0.01157371631488786,0.14500000290572643,1948.730224609375,0.22865235805511475,-3.4061098784208297
,10040,,3.72,1,251,8776,251.22971101,,,,,,,,,,,
208.83568572998047,10080,4.0,,,,,,0.7784377932548523,0.022926433,0.2,2510,0.0003,18164.61506347656,0.0032876964386741926,0.1650000037625432,11584.8134765625,0.06636154651641846,-3.4004936844110487
,10080,,3.66,1,252,8844,240.82804778000002,,,,,,,,,,,
305.9620666503906,10120,5.0,,,,,,0.7768818736076355,0.0102161495,0.2,2520,0.0003,11639.593545532227,-0.01674769104938605,0.10000000149011612,1742.18505859375,0.153580904006958,-3.3957543551921843
,10120,,3.79,1,253,8908,245.76719578000004,,,,,,,,,,,
220.03925800323486,10160,5.0,,,,,,0.777917742729187,0.077568725,0.2,2530,0.0003,2711.2202224731445,-0.01848259049693297,0.33750000651925804,1882.813232421875,0.6095957458019257,-3.3929553598165514
,10160,,3.93,1,254,8930,249.84420340000005,,,,,,,,,,,
295.4111137390137,10200,5.0,,,,,,0.7748505473136902,0.01547605,0.2,2540,0.0003,7460.326478767395,-0.012403519626386705,0.40250000916421413,6379.2041015625,0.3891984820365906,-3.391673210263252
,10200,,3.86,1,255,8951,235.04942955,,,,,,,,,,,
231.23588180541992,10240,4.0,,,,,,0.7734657526016235,0.045099277,0.2,2550,0.0003,13687.982627868652,-0.05318808665851975,0.42500000949949024,9147.3359375,0.030769824981689453,-3.3855244368314743
,10240,,3.69,1,256,8977,216.21124084,,,,,,,,,,,
244.0218276977539,10280,4.0,,,,,,0.774003267288208,0.03818605,0.2,2560,0.0003,14807.95865020752,-0.014739608668605797,0.1925000049173832,10261.7197265625,0.027574539184570312,-3.383886602520943
,10280,,3.78,1,257,8998,228.56906626999998,,,,,,,,,,,
404.9143600463867,10320,5.0,,,,,,0.7755049467086792,0.017215265,0.2,2570,0.0003,15655.791394042968,0.0016201192242442986,0.23000000473111867,4116.42431640625,0.26323288679122925,-3.3882223814725876
,10320,,3.82,1,258,9015,235.36303450999995,,,,,,,,,,,
289.678836107254,10360,5.0,,,,,,0.7732691764831543,0.032640718,0.2,2580,0.0003,8037.987552642822,-0.014939206550479867,0.2200000047683716,1984.0523681640625,0.4177182912826538,-3.3866732239723207
,10360,,3.89,1,259,9031,242.05808277000003,,,,,,,,,,,
288.6723232269287,10400,5.0,,,,,,0.7717763781547546,0.01175791,0.2,2590,0.0003,11978.805459594727,-0.018839610625036585,0.16250000353902577,5162.0986328125,0.4047524929046631,-3.378554552793503
,10400,,3.79,1,260,9051,237.31640557999995,,,,,,,,,,,
527.7246932983398,10440,5.0,,,,,,0.7705913782119751,0.01788028,0.2,2600,0.0003,17325.440673828125,-0.034300585141600094,0.29750000648200514,6318.89111328125,0.15177595615386963,-3.3720711141824724
,10440,,3.76,1,261,9074,237.88505703,,,,,,,,,,,
200.13118743896484,10480,3.0,,,,,,0.7715487480163574,0.017618075,0.2,2610,0.0003,22499.293074035646,-0.016635638363659378,0.22000000458210706,7327.79345703125,0.028615891933441162,-3.372194159030914
,10480,,3.77,1,262,9095,248.02268026,,,,,,,,,,,
193.07000160217285,10520,5.0,,,,,,0.7724639773368835,0.03179155,0.2,2620,0.0003,9459.711865234374,0.04511612785097896,0.31000000741332767,5514.8349609375,0.34246647357940674,-3.376360809803009
,10520,,3.66,1,263,9113,240.60715278000004,,,,,,,,,,,
401.2721138000488,10560,5.0,,,,,,0.7757737040519714,0.02268646,0.2,2630,0.0003,8973.307932281494,-0.009010501569427998,0.41500000916421415,2476.989013671875,0.114432692527771,-3.38487948179245
,10560,,3.7,1,264,9133,249.32323555000002,,,,,,,,,,,
457.98616790771484,10600,5.0,,,,,,0.7761768698692322,0.002880986,0.2,2640,0.0003,12861.534127807618,0.0003618623477814276,0.1450000025331974,3250.076416015625,0.17381978034973145,-3.388853046298027
,10600,,3.77,1,265,9153,254.81302364999996,,,,,,,,,,,
419.60194396972656,10640,5.0,,,,,,0.7777527570724487,0.013002146,0.2,2650,0.0003,10490.446044158936,-0.01374920345449766,0.10000000149011612,2290.0712890625,0.20437180995941162,-3.3942446291446684
,10640,,3.84,1,266,9273,256.8604818,,,,,,,,,,,
505.1435661315918,10680,5.0,,,,,,0.776418924331665,0.027726175,0.2,2660,0.0003,16439.980514526367,-0.0405617343261838,0.36250000819563866,15898.4921875,0.06394898891448975,-3.394697365164757
,10680,,3.8,1,267,9292,253.02079465999998,,,,,,,,,,,
361.8633575439453,10720,5.0,,,,,,0.7717694640159607,0.22006756,0.2,2670,0.0003,22482.893640136717,0.015695698381750844,0.7125000111758709,6969.67041015625,0.22929126024246216,-3.3792271584272386
,10720,,3.62,1,268,9319,240.34361630000004,,,,,,,,,,,
522.3569183349609,10760,5.0,,,,,,0.7713741660118103,0.018421108,0.2,2680,0.0003,28925.929833984374,-0.017215687219577357,0.33000000678002833,23766.53515625,-0.01936352252960205,-3.374264869093895
,10760,,3.55,1,269,9340,240.67056035000002,,,,,,,,,,,
496.5728874206543,10800,5.0,,,,,,0.7708152532577515,0.023262009,0.2,2690,0.0003,38305.06748046875,-0.0042010461808604125,0.12750000208616258,26618.326171875,-0.07933557033538818,-3.3720952361822127
,10800,,3.55,1,270,9363,241.2153564,,,,,,,,,,,
669.6465911865234,10840,5.0,,,,,,0.7686600685119629,0.018910982,0.2,2700,0.0003,20271.511904907227,-0.012909267538925628,0.207500003837049,18825.6484375,0.05024486780166626,-3.365335214138031
,10840,,3.53,1,271,9386,244.28795456,,,,,,,,,,,
381.09806060791016,10880,4.0,,,,,,0.7673284411430359,0.008305614,0.2,2710,0.0003,28533.95249328613,-0.012744492018537112,0.057500001043081284,10341.2392578125,0.12743234634399414,-3.358242264389992
,10880,,3.47,1,272,9407,249.09304972,,,,,,,,,,,
47.27445411682129,10920,3.0,,,,,,0.7659782767295837,0.007766846,0.2,2720,0.0003,28646.470645141602,-0.007014726541392524,0.12000000197440386,4933.57958984375,-0.006816267967224121,-3.3537971585989
,10920,,3.56,1,273,9426,265.50780967,,,,,,,,,,,
680.7855911254883,10960,5.0,,,,,,0.7647892236709595,0.0097551,0.2,2730,0.0003,24425.387005615234,-0.008894974968279712,0.18500000350177287,13852.7333984375,0.1694459319114685,-3.346450906991959
,10960,,3.55,1,274,9451,273.89118794999996,,,,,,,,,,,
406.35453033447266,11000,5.0,,,,,,0.76374351978302,0.010811653,0.2,2740,0.0003,34127.3208404541,-0.019470145236300595,0.11500000171363353,1131.00146484375,0.04279059171676636,-3.341511330008507
,11000,,3.63,1,275,9471,291.96466972999997,,,,,,,,,,,
436.9900665283203,11040,5.0,,,,,,0.7629992365837097,0.022082191,0.2,2750,0.0003,22192.005752563477,-0.023862668298243083,0.20250000432133675,19163.392578125,0.20430612564086914,-3.337593612074852
,11040,,3.61,1,276,9494,294.27556336,,,,,,,,,,,
349.8219985961914,11080,5.0,,,,,,0.7638601064682007,0.026806258,0.2,2760,0.0003,25074.17119140625,-0.04455150832161052,0.26000000555068253,16283.185546875,0.14729779958724976,-3.3384332984685896
,11080,,3.63,1,277,9515,293.52581812999995,,,,,,,,,,,
318.83691024780273,11120,5.0,,,,,,0.7623549699783325,0.010854296,0.2,2770,0.0003,24174.766497802735,-0.013594014564077949,0.12250000219792127,12996.09765625,0.030950307846069336,-3.3375810503959658
,11120,,3.72,1,278,9536,297.63497199,,,,,,,,,,,
325.9680337905884,11160,5.0,,,,,,0.7614930868148804,0.028193548,0.2,2780,0.0003,17550.009483337402,-0.022055889553739695,0.2100000036880374,3840.02978515625,0.19859075546264648,-3.334039103984833
,11160,,3.81,1,279,9554,309.95423762999997,,,,,,,,,,,
355.5761413574219,11200,5.0,,,,,,0.7604665756225586,0.024746329,0.2,2790,0.0003,34067.18012542724,-0.009914020443684413,0.3775000084191561,628.82666015625,-0.03754568099975586,-3.331246888637543
,11200,,3.95,1,280,9572,328.63111136,,,,,,,,,,,
489.85044860839844,11240,5.0,,,,,,0.7581002712249756,0.021818994,0.2,2800,0.0003,16371.437930297852,-0.03102911647163637,0.23250000420957803,8268.6103515625,0.2409626841545105,-3.3246934682130815
,11240,,3.97,1,281,9590,325.79048071,,,,,,,,,,,
386.3941421508789,11280,5.0,,,,,,0.7558672428131104,0.0057059154,0.2,2810,0.0003,13662.068395996093,-0.008703547395925848,0.09750000145286322,9936.5478515625,0.1301174759864807,-3.316220235824585
,11280,,4.05,1,282,9610,337.58844898999996,,,,,,,,,,,
566.1475982666016,11320,5.0,,,,,,0.7543615698814392,0.017932374,0.2,2820,0.0003,17143.620318603516,-0.014091864944348342,0.22500000502914191,7084.43408203125,0.2625051736831665,-3.308002659678459
,11320,,4.05,1,283,9630,338.92192823000005,,,,,,,,,,,
439.98521423339844,11360,5.0,,,,,,0.7551002502441406,0.011589102,0.2,2830,0.0003,25347.242892456055,-0.006334727850626232,0.22750000488013028,24595.72265625,0.20695537328720093,-3.3069571226835253
,11360,,3.93,1,284,9653,328.85370370000004,,,,,,,,,,,
325.6864814758301,11400,5.0,,,,,,0.7545811533927917,0.007562682,0.2,2840,0.0003,40044.13123779297,-0.0010329689307764013,0.07500000130385161,39901.76171875,-0.02958977222442627,-3.3090039074420927
,11400,,3.91,1,285,9671,328.67396612000005,,,,,,,,,,,
374.89453506469727,11440,5.0,,,,,,0.7537490725517273,0.03165483,0.2,2850,0.0003,31528.787200927734,-0.04998928218265064,0.37500000689178703,3572.740478515625,0.06838399171829224,-3.3050715565681457
,11440,,3.92,1,286,9691,324.90035547,,,,,,,,,,,
549.9360427856445,11480,5.0,,,,,,0.7536908984184265,0.063991584,0.2,2860,0.0003,12880.15750579834,-0.03167911942000501,0.39750000964850185,5060.57763671875,0.19351625442504883,-3.302259233593941
,11480,,3.87,1,287,10078,324.12306302,,,,,,,,,,,
75.6881103515625,11520,2.0,,,,,,0.7529465556144714,0.024204634,0.2,2870,0.0003,27284.25746459961,-0.029920834257422934,0.26250000614672897,17696.8125,0.03332102298736572,-3.301791924238205
,11520,,3.9,1,288,10101,332.63021362,,,,,,,,,,,
596.0487594604492,11560,5.0,,,,,,0.7531770467758179,0.013444373,0.2,2880,0.0003,27577.570883178712,-0.013511092865919627,0.16000000312924384,18680.26171875,0.14924508333206177,-3.3011243641376495
,11560,,3.78,1,289,10121,316.51867099000003,,,,,,,,,,,
537.7897567749023,11600,5.0,,,,,,0.7509027719497681,0.022419157,0.2,2890,0.0003,30351.246704101562,-0.033887912023783426,0.33250000737607477,21591.53515625,0.09130042791366577,-3.2964663565158845
,11600,,3.66,1,290,10143,311.24449785,,,,,,,,,,,
512.0152473449707,11640,5.0,,,,,,0.749525249004364,0.030669972,0.2,2900,0.0003,34208.38041992187,-0.008448488278809235,0.20750000402331353,8425.458984375,0.00283205509185791,-3.288885033130646
,11640,,3.58,1,291,10163,301.05475484,,,,,,,,,,,
538.1090698242188,11680,5.0,,,,,,0.748213529586792,0.019915849,0.2,2910,0.0003,29690.456274414064,0.0017809557647706197,0.2650000052526593,18967.38671875,0.08498752117156982,-3.283651328086853
,11680,,3.57,1,292,10183,300.3304548,,,,,,,,,,,
282.1541748046875,11720,4.0,,,,,,0.7475038766860962,0.03124959,0.2,2920,0.0003,31680.935150146484,-0.016744747697375717,0.27000000681728126,12725.6552734375,0.1089971661567688,-3.278848311305046
,11720,,3.51,1,293,10205,291.13218109999997,,,,,,,,,,,
177.19652557373047,11760,3.0,,,,,,0.7448844909667969,0.010886092,0.2,2930,0.0003,38698.042141723636,-0.004212792292237278,0.3950000092387199,18337.111328125,-0.1404409408569336,-3.272625634074211
,11760,,3.45,1,294,10226,290.44417682,,,,,,,,,,,
676.5895233154297,11800,5.0,,,,,,0.7438732981681824,0.01470145,0.2,2940,0.0003,46616.273046875,-0.012730752956267643,0.33750000707805156,29452.521484375,-0.09827995300292969,-3.2632256507873536
,11800,,3.31,1,295,10254,282.44625652,,,,,,,,,,,
378.89334869384766,11840,5.0,,,,,,0.7432194948196411,0.048953913,0.2,2950,0.0003,49880.07459793091,-0.05617614693997899,0.4625000074505806,11306.640625,-0.021072864532470703,-3.2612258344888687
,11840,,3.4,1,296,10270,295.68304978,,,,,,,,,,,
-5.0,11880,1.0,,,,,,0.743545413017273,0.28750092,0.2,2960,0.0003,33393.41931152344,0.011470719509816263,0.5150000099092722,15062.7060546875,0.03961336612701416,-3.259001502394676
,11880,,3.41,1,297,10292,300.47702935,,,,,,,,,,,
96.5181655883789,11920,2.0,,,,,,0.7433525919914246,0.022541404,0.2,2970,0.0003,33603.85849609375,-0.010237008583062557,0.16500000264495612,7639.57421875,0.11275184154510498,-3.2588641196489334
,11920,,3.3,1,298,10313,293.87626483,,,,,,,,,,,
240.51798248291016,11960,3.0,,,,,,0.7417001724243164,0.0048993845,0.2,2980,0.0003,39885.46962890625,9.554314362505422e-05,0.22000000551342963,26181.89453125,0.0027553439140319824,-3.2550444900989532
,11960,,3.25,1,299,10337,290.55376507,,,,,,,,,,,
184.5642852783203,12000,3.0,,,,,,0.740324854850769,0.027002586,0.2,2990,0.0003,35857.45328674316,-0.057028460293295245,0.5000000102445483,13822.2470703125,-0.03929424285888672,-3.2487524658441544
,12000,,3.16,1,300,10366,283.16927033,,,,,,,,,,,
348.85278701782227,12040,5.0,,,,,,0.738797664642334,0.028025443,0.2,3000,0.0003,40818.72213439942,-0.005680955084462769,0.22500000428408384,17168.89453125,-0.07294976711273193,-3.2432575434446336
,12040,,3.21,1,301,10410,290.11589858,,,,,,,,,,,
452.14438247680664,12080,5.0,,,,,,0.7381467223167419,0.06176099,0.2,3010,0.0003,28707.641442871092,-0.06171524592122295,0.48000001106411216,2957.639892578125,0.058736443519592285,-3.238855615258217
,12080,,3.29,1,302,10430,298.33867903000004,,,,,,,,,,,
601.9704437255859,12120,5.0,,,,,,0.7363829016685486,0.036502797,0.2,3020,0.0003,24883.526922607423,-0.0004786200781381922,0.3075000071898103,7504.24365234375,-0.07227838039398193,-3.2340627014636993
,12120,,3.36,1,303,10452,309.71338213,,,,,,,,,,,
471.93385314941406,12160,5.0,,,,,,0.7368453741073608,0.006551559,0.2,3030,0.0003,41904.51950073242,-0.007749378445078036,0.13250000234693288,8901.8291015625,0.015073418617248535,-3.232294660806656
,12160,,3.35,1,304,10471,305.89726063999996,,,,,,,,,,,
299.6827793121338,12200,5.0,,,,,,0.7350935339927673,0.018949902,0.2,3040,0.0003,27000.14923706055,-0.02483194348053077,0.275000006146729,18050.978515625,0.14241373538970947,-3.228836250305176
,12200,,3.37,1,305,10524,299.58937086000003,,,,,,,,,,,
556.8209991455078,12240,5.0,,,,,,0.7343377470970154,0.05260542,0.2,3050,0.0003,23068.5236328125,-0.03550169103444203,0.40750000942498443,4775.4248046875,0.01047736406326294,-3.2203732818365096
,12240,,3.38,1,306,10548,300.52939447000006,,,,,,,,,,,
726.5915908813477,12280,5.0,,,,,,0.7320631742477417,0.044045225,0.2,3060,0.0003,30564.26286621094,-0.007217010474414564,0.297500005364418,12810.1240234375,0.10405141115188599,-3.2132570654153825
,12280,,3.53,1,307,10569,324.42127598999997,,,,,,,,,,,
84.24842071533203,12320,2.0,,,,,,0.7321285605430603,0.052086413,0.2,3070,0.0003,40161.464392089845,-0.04086616446147673,0.470000010356307,15192.060546875,0.07436418533325195,-3.207890984416008
,12320,,3.55,1,308,10590,327.17585192999996,,,,,,,,,,,
-5.0,12360,1.0,,,,,,0.7315788269042969,0.029838277,0.2,3080,0.0003,32738.925915527343,-0.011253134353901295,0.2750000063329935,13863.8974609375,-0.02398991584777832,-3.206356629729271
,12360,,3.65,1,309,10611,333.2420837199999,,,,,,,,,,,
395.13746643066406,12400,5.0,,,,,,0.7325018644332886,0.069795266,0.2,3090,0.0003,29179.15392150879,-0.010792806273093447,0.5150000100955368,15502.26953125,0.04993462562561035,-3.202847275137901
,12400,,3.6,1,310,10637,326.48261008,,,,,,,,,,,
651.3123168945312,12440,5.0,,,,,,0.7309653162956238,0.016376458,0.2,3100,0.0003,34128.28790283203,-0.024545529202441685,0.21750000454485416,17832.921875,-0.12469303607940674,-3.2019927591085433
,12440,,3.67,1,311,10665,338.78112125000007,,,,,,,,,,,
492.91637420654297,12480,5.0,,,,,,0.7284762859344482,0.100536,0.2,3110,0.0003,28507.17071838379,-0.013833728532772515,0.19500000383704902,10932.84765625,0.10863989591598511,-3.1946255654096603
,12480,,3.59,1,312,10686,323.63139064,,,,,,,,,,,
612.0198059082031,12520,5.0,,,,,,0.7244037389755249,0.025438732,0.2,3120,0.0003,32000.278869628906,-0.030407644356164387,0.3400000065565109,21816.765625,-0.05710172653198242,-3.179100438952446
,12520,,3.56,1,313,10772,322.00403189,,,,,,,,,,,
68.38156127929688,12560,2.0,,,,,,0.721845269203186,0.016079506,0.2,3130,0.0003,36399.16215209961,-0.008068638106915388,0.1875000035390258,24764.216796875,0.07568788528442383,-3.1699071019887923
,12560,,3.58,1,314,10792,329.43814734000006,,,,,,,,,,,
669.6671371459961,12600,5.0,,,,,,0.7190111875534058,0.026142782,0.2,3140,0.0003,33141.20747070313,0.0023507549737405544,0.32000000644475224,18008.08984375,0.09030091762542725,-3.1582843124866486
,12600,,3.67,1,315,10823,338.31690052000005,,,,,,,,,,,
390.10587310791016,12640,5.0,,,,,,0.7207889556884766,0.038038027,0.2,3150,0.0003,26236.176879882812,-0.023246383663645242,0.2525000063702464,4350.98779296875,0.039795100688934326,-3.154611599445343
,12640,,3.64,1,316,10947,329.74659349,,,,,,,,,,,
324.842586517334,12680,4.0,,,,,,0.7208050489425659,0.037731517,0.2,3160,0.0003,31951.036279296874,0.024771216387161975,0.3125000072643161,19704.314453125,0.049896180629730225,-3.159137961268425
,12680,,3.61,1,317,10972,322.92337198999996,,,,,,,,,,,
479.6711959838867,12720,5.0,,,,,,0.7229363322257996,0.008232055,0.2,3170,0.0003,28802.511125183104,-0.0033606020061415663,0.2125000037252903,9830.4931640625,0.12375199794769287,-3.1607001930475236
,12720,,3.56,1,318,10993,319.60674989,,,,,,,,,,,
293.0639953613281,12760,3.0,,,,,,0.7161909341812134,0.9346005,0.2,3180,0.0003,34964.89474182129,0.14895056003348145,0.7500000074505806,12379.2587890625,0.05332458019256592,-3.1515388786792755
,12760,,3.45,1,319,11020,302.6835808899999,,,,,,,,,,,
438.4851379394531,12800,4.0,,,,,,0.713672399520874,0.0058033764,0.2,3190,0.0003,37354.74030761719,-0.007764000830939044,0.10250000189989805,11041.4677734375,0.014297187328338623,-3.135642635822296
,12800,,3.31,1,320,11050,284.82617637999994,,,,,,,,,,,
-5.0,12840,1.0,,,,,,0.7120668292045593,0.016601782,0.2,3200,0.0003,22637.91174926758,-0.038266353558465194,0.32500000651925803,16628.462890625,0.03535008430480957,-3.1285758167505264
,12840,,3.11,1,321,11074,260.0981657,,,,,,,,,,,
725.4974899291992,12880,5.0,,,,,,0.7109701037406921,0.016595177,0.2,3210,0.0003,40214.608697509764,-0.019126436174847182,0.22500000409781934,21715.9453125,-0.07028114795684814,-3.1231746166944503
,12880,,2.85,1,322,11102,228.55831987000002,,,,,,,,,,,
495.63626289367676,12920,5.0,,,,,,0.7100474834442139,0.06140413,0.2,3220,0.0003,29019.020669555663,-0.01672768394979358,0.4425000105053186,2205.5810546875,0.007930576801300049,-3.1191824048757555
,12920,,2.92,1,323,11123,238.16498287,,,,,,,,,,,
432.34432220458984,12960,5.0,,,,,,0.7100903987884521,0.012043191,0.2,3230,0.0003,42771.59663391113,-0.000394360721311382,0.1875000035390258,24148.6640625,0.06930923461914062,-3.1165783762931825
,12960,,2.94,1,324,11143,243.34983606999998,,,,,,,,,,,
275.48915100097656,13000,3.0,,,,,,0.7091519236564636,0.005368522,0.2,3240,0.0003,31761.41734008789,-0.008136425312404749,0.19250000417232513,13121.107421875,0.09478634595870972,-3.1137789845466615
,13000,,3.02,1,325,11162,262.91830186000004,,,,,,,,,,,
128.90695190429688,13040,2.0,,,,,,0.709326446056366,0.025586614,0.2,3250,0.0003,38896.42442016602,-0.02459861508832546,0.21750000454485416,16657.3046875,0.12264406681060791,-3.1109297066926955
,13040,,3.04,1,326,11182,272.5875936300001,,,,,,,,,,,
217.60063934326172,13080,4.0,,,,,,0.7083598375320435,0.010485515,0.2,3260,0.0003,48662.91421508789,-0.006044202118355313,0.3775000084191561,21682.34375,-0.12304151058197021,-3.109798249602318
,13080,,3.1,1,327,11205,282.74028041,,,,,,,,,,,
733.1298370361328,13120,5.0,,,,,,0.7084499597549438,0.12227483,0.2,3270,0.0003,36520.35353088379,0.012940367096889532,0.5375000121071934,13144.25390625,-0.05897557735443115,-3.1091319173574448
,13120,,3.29,1,328,11222,314.37771749,,,,,,,,,,,
649.0835571289062,13160,5.0,,,,,,0.7068681120872498,0.036315784,0.2,3280,0.0003,38209.39315185547,-0.008843838339453214,0.1200000025331974,21566.623046875,0.18835175037384033,-3.1068922221660613
,13160,,3.37,1,329,11239,324.39170930000006,,,,,,,,,,,
453.8818817138672,13200,5.0,,,,,,0.7054637670516968,0.0043468713,0.2,3290,0.0003,36456.63804321289,0.0007522344247991031,0.08000000137835742,15671.845703125,0.1161963939666748,-3.1000804573297502
,13200,,3.59,1,330,11261,355.12959100000006,,,,,,,,,,,
92.90715789794922,13240,2.0,,,,,,0.7027795314788818,0.023386732,0.2,3300,0.0003,33812.887042236325,-0.030327470235060904,0.30500000696629287,6626.4814453125,0.051558077335357666,-3.0909511655569077
,13240,,3.54,1,331,11282,347.67766575,,,,,,,,,,,
612.0168380737305,13280,5.0,,,,,,0.7021839022636414,0.0062680603,0.2,3310,0.0003,43632.368487548825,-0.029131487847917015,0.11750000193715096,9362.57421875,-0.21921968460083008,-3.0834323316812515
,13280,,3.55,1,332,11301,354.4947347499999,,,,,,,,,,,
668.3447570800781,13320,5.0,,,,,,0.7026122808456421,0.0050920337,0.2,3320,0.0003,35597.74411621094,-0.0006728632375597954,0.13250000216066837,18514.421875,0.08591890335083008,-3.082462665438652
,13320,,3.56,1,333,11320,353.97172502,,,,,,,,,,,
644.2975311279297,13360,5.0,,,,,,0.7014235258102417,0.010443646,0.2,3330,0.0003,33653.81584777832,-0.0014405820277898051,0.15000000298023225,17627.978515625,0.03310716152191162,-3.080390080809593
,13360,,3.58,1,334,11339,355.68828677000005,,,,,,,,,,,
535.6080093383789,13400,5.0,,,,,,0.7008604407310486,0.03945235,0.2,3340,0.0003,45727.26213378906,-0.01757590750348754,0.5125000111758709,22264.65625,0.014116406440734863,-3.075075724720955
,13400,,3.67,1,335,11356,358.04061943,,,,,,,,,,,
253.82217407226562,13440,4.0,,,,,,0.7002842426300049,0.27572408,0.2,3350,0.0003,28876.45276489258,0.040119750571320764,0.7375000094994902,6922.353515625,0.08233022689819336,-3.0704306453466415
,13440,,3.73,1,336,11377,358.3110422099999,,,,,,,,,,,
269.68310546875,13480,3.0,,,,,,0.6997143626213074,0.020565638,0.2,3360,0.0003,32083.064053344726,-0.01927913045394236,0.26750000603497026,9303.7373046875,-0.0791621208190918,-3.069371575117111
,13480,,3.68,1,337,11401,337.15609841,,,,,,,,,,,
490.9957580566406,13520,5.0,,,,,,0.6975848078727722,0.059243917,0.2,3370,0.0003,19760.03500366211,0.0215584980964195,0.3950000090524554,2009.6619873046875,0.0860474705696106,-3.0639034122228623
,13520,,3.63,1,338,11423,323.65967829,,,,,,,,,,,
596.0643081665039,13560,5.0,,,,,,0.6960186958312988,0.7909491,0.2,3380,0.0003,20368.023999023437,0.006010130626382315,0.4100000062957406,9717.65625,0.10875135660171509,-3.056035253405571
,13560,,3.63,1,339,11446,323.60217318,,,,,,,,,,,
541.7029647827148,13600,5.0,,,,,,0.696764349937439,0.022847472,0.2,3390,0.0003,41582.85865478516,-0.008803985849226592,0.25250000450760124,22336.14453125,0.03728204965591431,-3.0550204306840896
,13600,,3.76,1,340,11466,344.8895472500001,,,,,,,,,,,
465.4770927429199,13640,5.0,,,,,,0.6966820955276489,0.013029695,0.2,3400,0.0003,39320.81622924805,-0.0008833564845553976,0.11750000193715096,20241.330078125,0.029222428798675537,-3.0570117056369783
,13640,,3.67,1,341,11491,327.54637119000006,,,,,,,,,,,
-5.0,13680,1.0,,,,,,0.6939916014671326,0.030173544,0.2,3410,0.0003,31501.873803710936,-0.025878758070275575,0.21250000465661287,24032.29296875,-0.29867517948150635,-3.05132474899292
,13680,,3.5,1,342,11509,296.26093349999996,,,,,,,,,,,
600.7666702270508,13720,5.0,,,,,,0.6924456357955933,0.04863487,0.2,3420,0.0003,26997.35155944824,-0.03133011545171029,0.49250001180917025,21202.20703125,0.10976588726043701,-3.040585884451866
,13720,,3.55,1,343,11524,295.49485031,,,,,,,,,,,
533.4923324584961,13760,5.0,,,,,,0.6903119087219238,0.018056054,0.2,3430,0.0003,23840.902716064455,-0.02001445648668323,0.17500000335276128,7604.33203125,0.1894802451133728,-3.0340431720018386
,13760,,3.57,1,344,11545,291.58135006,,,,,,,,,,,
571.2751159667969,13800,5.0,,,,,,0.6893414258956909,0.029975738,0.2,3440,0.0003,21317.561474609374,-0.03516284832483507,0.36000000722706316,5753.091796875,0.17016559839248657,-3.026855802536011
,13800,,3.65,1,345,11564,305.27561397,,,,,,,,,,,
529.068229675293,13840,5.0,,,,,,0.6887292265892029,0.0035732482,0.2,3450,0.0003,23492.74266357422,0.006535792030117537,0.2125000052154064,12783.1181640625,0.23295366764068604,-3.023410877585411
,13840,,3.76,1,346,11581,324.77269387000007,,,,,,,,,,,
577.1318283081055,13880,5.0,,,,,,0.6883590221405029,0.021939076,0.2,3460,0.0003,19418.078567504883,-0.041553193746949546,0.3475000072270632,9969.216796875,0.3011261820793152,-3.021151450276375
,13880,,3.83,1,347,11598,338.87367752,,,,,,,,,,,
396.2576599121094,13920,5.0,,,,,,0.6901743412017822,0.014795527,0.2,3470,0.0003,24460.861376953126,-0.0030681631951301803,0.16500000283122063,6798.7958984375,0.1313467025756836,-3.0220012336969377
,13920,,3.86,1,348,11687,351.80783543999996,,,,,,,,,,,
352.361572265625,13960,5.0,,,,,,0.6904605627059937,0.014513683,0.2,3480,0.0003,33277.055187988284,0.00016933152561250387,0.31250000689178703,19533.7890625,0.11103129386901855,-3.0248006105422975
,13960,,3.91,1,349,11707,342.76213530000007,,,,,,,,,,,
516.364631652832,14000,5.0,,,,,,0.6892009973526001,0.023932656,0.2,3490,0.0003,17697.58016624451,0.0022729729436105073,0.3675000086426735,7076.9482421875,0.1388201117515564,-3.0222447007894515
,14000,,3.95,1,350,11724,341.38203329,,,,,,,,,,,
465.2169189453125,14040,5.0,,,,,,0.6893706321716309,0.045251828,0.2,3500,0.0003,15939.872064208985,-0.01977544214940281,0.28500000610947607,7909.9951171875,0.25355660915374756,-3.0181954234838484
,14040,,4.06,1,351,11742,356.3233990300001,,,,,,,,,,,
731.0735397338867,14080,5.0,,,,,,0.6886434555053711,0.025935538,0.2,3510,0.0003,29624.255456542967,-0.005856079838122241,0.3825000083073974,18830.40625,0.11899304389953613,-3.017202526330948
,14080,,4.07,1,352,11763,361.82350059000004,,,,,,,,,,,
655.7129592895508,14120,5.0,,,,,,0.6899616718292236,0.016250826,0.2,3520,0.0003,40027.12836303711,0.002269668344524689,0.22500000409781934,20350.44921875,-0.027121782302856445,-3.0228559494018556
,14120,,4.2,1,353,11781,380.51073369000005,,,,,,,,,,,
459.8524627685547,14160,5.0,,,,,,0.6878994703292847,0.018228615,0.2,3530,0.0003,19303.644314575195,-0.02049402476433897,0.287500006519258,12401.6591796875,0.08350127935409546,-3.0189629793167114
,14160,,4.18,1,354,12120,382.77369279,,,,,,,,,,,
856.0440673828125,14200,5.0,,,,,,0.6880711317062378,0.01475107,0.2,3540,0.0003,28895.13819580078,-0.008621238360210559,0.14000000301748514,9061.1318359375,0.12358969449996948,-3.0184500336647035
,14200,,4.09,1,355,12140,376.52299080000006,,,,,,,,,,,
528.0038661956787,14240,5.0,,,,,,0.6864594221115112,0.04367233,0.2,3550,0.0003,30814.657745361328,-0.008627849542244803,0.20250000432133675,12216.26953125,0.04014986753463745,-3.017663359642029
,14240,,3.96,1,356,12163,363.2667535,,,,,,,,,,,
82.78939056396484,14280,2.0,,,,,,0.6861639022827148,0.021268083,0.2,3560,0.0003,31614.490979003906,-0.007112890079151835,0.17500000298023224,19119.359375,-0.011963248252868652,-3.0121908873319625
,14280,,3.93,1,357,12183,357.7835484000001,,,,,,,,,,,
232.3780689239502,14320,5.0,,,,,,0.6849846243858337,0.03005146,0.2,3570,0.0003,24735.693408203126,-0.03507633487643034,0.2525000059977174,4465.63525390625,-0.02298903465270996,-3.0097551465034487
,14320,,3.86,1,358,12203,347.46964194,,,,,,,,,,,
562.6627349853516,14360,5.0,,,,,,0.6836869716644287,0.043395743,0.2,3580,0.0003,32318.836544799804,0.024307790764796656,0.507500008866191,16243.587890625,0.04722028970718384,-3.0052636861801147
,14360,,3.81,1,359,12225,352.51012865999996,,,,,,,,,,,
458.2002983093262,14400,5.0,,,,,,0.683750569820404,0.011838339,0.2,3590,0.0003,31338.990270996095,-0.019390776422369527,0.29250000659376385,22741.615234375,0.12440353631973267,-3.000267294049263
,14400,,3.84,1,360,12246,355.76732674,,,,,,,,,,,
283.2371292114258,14440,5.0,,,,,,0.6822086572647095,0.011927314,0.2,3600,0.0003,19480.25568237305,-0.002577744280802108,0.11000000163912774,12367.11328125,0.24607598781585693,-2.998149225115776
,14440,,3.78,1,361,12267,345.65024453,,,,,,,,,,,
520.6336441040039,14480,5.0,,,,,,0.6791300177574158,0.014700507,0.2,3610,0.0003,28129.725311279297,-0.002567961778840977,0.25250000450760124,30295.318359375,0.017525970935821533,-2.9872221052646637
,14480,,3.85,1,362,12289,348.59717552,,,,,,,,,,,
516.6497039794922,14520,5.0,,,,,,0.6789079904556274,0.020851161,0.2,3620,0.0003,20488.144009399413,-0.02307306707953103,0.2375000048428774,17348.125,0.26156294345855713,-2.980745381116867
,14520,,3.92,1,363,12310,361.0913402400001,,,,,,,,,,,
376.6689872741699,14560,5.0,,,,,,0.6768063306808472,0.017973501,0.2,3630,0.0003,16924.214764404296,-0.0031873125063430095,0.14000000283122063,2873.68017578125,0.3171486258506775,-2.9767070174217225
,14560,,3.91,1,364,12346,357.5827361,,,,,,,,,,,
617.2187728881836,14600,5.0,,,,,,0.6744150519371033,0.023221241,0.2,3640,0.0003,21275.21669921875,-0.024858562333974987,0.16750000324100256,5956.32861328125,0.2182232141494751,-2.967085137963295
,14600,,3.93,1,365,12370,358.71765976,,,,,,,,,,,
206.1272735595703,14640,3.0,,,,,,0.6719760894775391,0.05915088,0.2,3650,0.0003,30775.578350830077,0.006051074652350508,0.5450000122189522,22942.814453125,0.12709158658981323,-2.9562188357114794
,14640,,3.79,1,366,12400,344.62623167,,,,,,,,,,,
-5.0,14680,1.0,,,,,,0.6693590879440308,0.024723098,0.2,3660,0.0003,40227.04176025391,-0.003568218770815301,0.16250000316649676,10435.3388671875,-0.03305661678314209,-2.9457860827445983
,14680,,3.77,1,367,12439,335.99415071999994,,,,,,,,,,,
546.6476898193359,14720,5.0,,,,,,0.6696141958236694,0.108372085,0.2,3670,0.0003,24242.916931152344,0.005462308314308761,0.3475000081583858,13032.0498046875,-0.01502227783203125,-2.9397478491067885
,14720,,3.87,1,368,12456,347.72465740000007,,,,,,,,,,,
681.9203567504883,14760,5.0,,,,,,0.6715519428253174,0.07849797,0.2,3680,0.0003,17202.432229614256,0.013363616043206994,0.5000000087544322,2215.959228515625,0.27524691820144653,-2.9445144683122635
,14760,,3.85,1,369,12479,344.34158757000006,,,,,,,,,,,
489.3537063598633,14800,5.0,,,,,,0.6725075244903564,0.044453938,0.2,3690,0.0003,31272.194598388673,-0.01622572231281083,0.2750000063329935,12810.3681640625,0.07714760303497314,-2.9502942889928816
,14800,,3.86,1,370,12501,345.16075063999995,,,,,,,,,,,
-5.0,14840,1.0,,,,,,0.6728722453117371,0.043520693,0.2,3700,0.0003,18857.660034179688,0.00037991637262166367,0.34750000704079864,10861.810546875,0.24247485399246216,-2.9517981201410293
,14840,,3.86,1,371,12517,342.25126626,,,,,,,,,,,
439.68749618530273,14880,5.0,,,,,,0.6742955446243286,0.029561572,0.2,3710,0.0003,21373.97504272461,-0.04040315864433068,0.43000000808387995,12626.6181640625,0.020497143268585205,-2.9575183421373366
,14880,,3.65,1,372,12543,310.86705935000003,,,,,,,,,,,
539.8687057495117,14920,5.0,,,,,,0.6738724708557129,0.039013997,0.2,3720,0.0003,28413.596154785155,-0.045205228191207425,0.37000000905245545,18775.392578125,-0.047962188720703125,-2.9594576746225356
,14920,,3.61,1,373,12567,300.71280830999996,,,,,,,,,,,
-5.0,14960,1.0,,,,,,0.6760143041610718,0.11855837,0.2,3730,0.0003,24478.01853027344,0.06096695250074844,0.6700000070035458,18159.056640625,0.023789644241333008,-2.9614793390035627
,14960,,3.61,1,374,12606,289.98117667,,,,,,,,,,,
276.6690788269043,15000,5.0,,,,,,0.6769129037857056,0.04912363,0.2,3740,0.0003,18588.595666503905,-0.023714080978243145,0.35500000808387994,4182.99658203125,0.06820082664489746,-2.968672177195549
,15000,,3.74,1,375,12808,289.35541795999995,,,,,,,,,,,
362.6218070983887,15040,5.0,,,,,,0.677193284034729,0.04203841,0.2,3750,0.0003,10033.812702560424,-0.049858384793333245,0.575000012665987,2735.25244140625,0.3213241696357727,-2.9687305808067324
,15040,,3.83,1,376,12826,296.88866755,,,,,,,,,,,
441.0074691772461,15080,5.0,,,,,,0.6775774955749512,0.003880535,0.2,3760,0.0003,17925.109344482422,0.0014099629031261384,0.09750000182539224,8554.7333984375,0.0373309850692749,-2.971829134225845
,15080,,4.0,1,377,12844,310.05100422,,,,,,,,,,,
396.2206497192383,15120,4.0,,,,,,0.6763805747032166,0.04339972,0.2,3770,0.0003,13995.159457397462,0.0026088815359980753,0.24500000569969416,5634.9619140625,0.26355427503585815,-2.968385848402977
,15120,,3.93,1,378,12885,300.15389579999993,,,,,,,,,,,
452.08484268188477,15160,5.0,,,,,,0.6755504608154297,0.09814707,0.2,3780,0.0003,29093.298904418945,0.006341147032799199,0.3350000070407987,13288.6005859375,-0.169256329536438,-2.960610994696617
,15160,,3.97,1,379,12931,304.37133435,,,,,,,,,,,
442.1500701904297,15200,5.0,,,,,,0.6738055944442749,0.022892745,0.2,3790,0.0003,32982.07643737793,-0.004874511780508328,0.20500000528991222,8956.44140625,-0.02109658718109131,-2.9567890226840974
,15200,,3.97,1,380,12955,304.95058003,,,,,,,,,,,
357.2900695800781,15240,5.0,,,,,,0.6720930933952332,0.0137786865,0.2,3800,0.0003,31661.35590209961,-0.02090210341579223,0.20750000458210707,16619.18359375,0.07778280973434448,-2.952094927430153
,15240,,3.96,1,381,12979,296.804706,,,,,,,,,,,
332.7852668762207,15280,5.0,,,,,,0.6714388132095337,0.0831354,0.2,3810,0.0003,29797.911254882812,0.007990405607852136,0.3000000067055225,11855.017578125,-0.12510180473327637,-2.9446004390716554
,15280,,4.12,1,382,12995,312.33254877999997,,,,,,,,,,,
181.3211212158203,15320,3.0,,,,,,0.6730427145957947,0.012561038,0.2,3820,0.0003,15851.642929077148,-0.006273877297644503,0.3075000062584877,5748.267578125,0.14689171314239502,-2.9471973329782486
,15320,,4.21,1,383,13013,326.46770498000006,,,,,,,,,,,
239.34985733032227,15360,5.0,,,,,,0.6727840304374695,0.048670568,0.2,3830,0.0003,24712.877783203126,-0.04347788718885568,0.3950000092387199,10216.27734375,-0.011585474014282227,-2.948931559920311
,15360,,4.26,1,384,13030,327.11020510000003,,,,,,,,,,,
406.2646369934082,15400,5.0,,,,,,0.6769728064537048,0.1254479,0.2,3840,0.0003,15240.1568939209,0.00848798581020671,0.2725000062957406,14087.9794921875,-0.03901851177215576,-2.953664231300354
,15400,,4.32,1,385,13052,338.82707637,,,,,,,,,,,
422.4649658203125,15440,5.0,,,,,,0.6776171922683716,0.025891928,0.2,3850,0.0003,25479.038488769533,-0.004382949554419613,0.16000000331550837,5989.78076171875,0.0521664023399353,-2.968300235271454
,15440,,4.27,1,386,13072,338.7361792699999,,,,,,,,,,,
754.1109161376953,15480,5.0,,,,,,0.6770178079605103,0.0154160075,0.2,3860,0.0003,18500.36795654297,-0.013031122663305727,0.13500000294297934,9983.0595703125,0.26893699169158936,-2.966040331125259
,15480,,4.29,1,387,13089,347.6692579,,,,,,,,,,,
222.39240646362305,15520,4.0,,,,,,0.6760691404342651,0.052815594,0.2,3870,0.0003,21953.709286499023,0.011993779808544791,0.22500000447034835,19263.0078125,0.10671842098236084,-2.962721073627472
,15520,,4.27,1,388,13124,349.57475514,,,,,,,,,,,
469.58477783203125,15560,5.0,,,,,,0.6731876134872437,0.055600442,0.2,3880,0.0003,22475.616241455078,-0.021897320871357807,0.48250000961124895,4766.7705078125,0.04936623573303223,-2.956343284249306
,15560,,4.27,1,389,13150,348.75908083999997,,,,,,,,,,,
538.4081344604492,15600,5.0,,,,,,0.6717194318771362,0.011341801,0.2,3890,0.0003,18478.769152832032,-0.0022676574208890356,0.28500000704079864,3479.168212890625,0.11406993865966797,-2.9443064272403716
,15600,,4.19,1,390,13173,336.27066290000005,,,,,,,,,,,
482.2498092651367,15640,5.0,,,,,,0.6719264388084412,0.038512528,0.2,3900,0.0003,35109.10809326172,-0.01256470919863204,0.1875000039115548,11993.80078125,-0.10160398483276367,-2.9406710267066956
,15640,,4.17,1,391,13192,340.19280338,,,,,,,,,,,
551.0158767700195,15680,5.0,,,,,,0.6724790334701538,0.036155738,0.2,3910,0.0003,26661.31068725586,-0.014494966050842795,0.3675000090152025,23735.63671875,0.06892925500869751,-2.9426937639713286
,15680,,4.22,1,392,13213,349.12444982,,,,,,,,,,,
320.8843421936035,15720,5.0,,,,,,0.673033595085144,0.02166636,0.2,3920,0.0003,26258.602569580078,-0.030078391335409814,0.38750000949949026,7605.330078125,0.13148438930511475,-2.9454454094171525
,15720,,4.12,1,393,13234,335.79589296,,,,,,,,,,,
359.147159576416,15760,5.0,,,,,,0.6728684306144714,0.06524867,0.2,3930,0.0003,19005.694219970705,-0.0123472267139914,0.21500000432133676,4170.15087890625,-0.02829301357269287,-2.9442628800868986
,15760,,4.18,1,394,13289,339.60690556000003,,,,,,,,,,,
387.4481430053711,15800,5.0,,,,,,0.6715102195739746,0.18596011,0.2,3940,0.0003,6540.0389205932615,0.06151878288394073,0.49250000827014445,2394.58837890625,0.3009493350982666,-2.937344589829445
,15800,,4.17,1,395,13307,336.98945948,,,,,,,,,,,
153.8524055480957,15840,4.0,,,,,,0.671491265296936,0.015165864,0.2,3950,0.0003,16393.97226409912,-0.002003371207611049,0.22750000469386578,7066.76220703125,0.009639501571655273,-2.935034343600273
,15840,,4.13,1,396,13329,320.30662537,,,,,,,,,,,
419.38409423828125,15880,5.0,,,,,,0.6697105765342712,0.056029312,0.2,3960,0.0003,14609.711779785157,-0.06604938135191336,0.4775000087916851,7117.1396484375,0.1326724886894226,-2.931089073419571
,15880,,4.12,1,397,13348,317.64803942,,,,,,,,,,,
547.4106369018555,15920,5.0,,,,,,0.6698446273803711,0.028353166,0.2,3970,0.0003,16418.664614868165,-0.02210716790243168,0.24750000555068255,6304.90966796875,0.17145222425460815,-2.924468556046486
,15920,,4.13,1,398,13369,317.09708926999997,,,,,,,,,,,
386.1742935180664,15960,5.0,,,,,,0.670507550239563,0.006462815,0.2,3980,0.0003,30271.672424316406,-0.01494165574054932,0.2300000049173832,4833.51806640625,0.02845996618270874,-2.9267612159252168
,15960,,4.19,1,399,13388,320.48650681,,,,,,,,,,,
295.4230155944824,16000,5.0,,,,,,0.6735560297966003,0.28810886,0.2,3990,0.0003,18310.609132385252,0.11755129270954057,0.792500009201467,2289.678955078125,0.20724624395370483,-2.9390299290418627
,16000,,4.25,1,400,13408,328.9643960199999,,,,,,,,,,,
