eval/mean_ep_length,eval/mean_reward,time/total_timesteps,rollout/ep_len_mean,time/time_elapsed,time/iterations,time/fps,rollout/ep_rew_mean,train/entropy_loss,train/approx_kl,train/loss,train/std,train/n_updates,train/clip_range,train/value_loss,train/policy_gradient_loss,train/learning_rate,train/clip_fraction,train/explained_variance
5,-12.820889,40,,,,,,,,,,,,,,,,
,,40,2,30,1,1,-6.39392915,,,,,,,,,,,
1,-5,80,,,,,,-4.263253218,0.009626737,52.27922058,1.004040241,10,0.2,143.351873,-0.008953136,0.0003,0.110000002,-0.005455732
,,80,1.951219512,60,2,1,-6.107889098,,,,,,,,,,,
1,-5,120,,,,,,-4.25853253,0.006345569,12.43566418,0.996677518,20,0.2,63.93231502,-0.010993066,0.0003,0.042500001,-0.000662446
,,120,2.068965517,87,3,1,-3.827066793,,,,,,,,,,,
5,25.34910583,160,,,,,,-4.243068022,0.016769001,19.01817322,0.994860828,30,0.2,328.5397072,-0.003087039,0.0003,0.175000004,-0.010277033
,,160,2.208333333,114,4,1,-1.588892681,,,,,,,,,,,
5,23.01159424,200,,,,,,-4.244999856,0.022782462,444.4055176,0.99710387,40,0.2,1025.548895,-0.025149007,0.0003,0.157500003,0.003122747
,,200,2.085106383,144,5,1,-2.103144798,,,,,,,,,,,
1,-5,240,,,,,,-4.244144017,0.016799374,67.35424805,0.995259285,50,0.2,220.5419425,-0.019861787,0.0003,0.170000004,-0.002646446
,,240,2.16,172,6,1,-2.26867802,,,,,,,,,,,
2,-10,280,,,,,,-4.244303775,0.045602642,144.148819,0.995989084,60,0.2,177.0239346,-0.052953794,0.0003,0.385000008,0.011597157
,,280,2.03,205,7,1,0.19712665,,,,,,,,,,,
1,-5,320,,,,,,-4.24057163,0.023874296,2512.193604,0.992194176,70,0.2,1480.614406,-0.011677199,0.0003,0.175000004,0.000428736
,,320,1.83,285,8,1,-0.6847011,,,,,,,,,,,
1,-5,360,,,,,,-4.224667341,0.02541057,15.71400642,0.987251639,80,0.2,102.749594,-0.033478324,0.0003,0.317500008,-0.001967788
,,360,1.85,314,9,1,1.6945535,,,,,,,,,,,
5,-25,400,,,,,,-4.218193638,0.021696772,187.3278351,0.986692548,90,0.2,3519.863669,0.006060849,0.0003,0.180000004,0.007988095
,,400,1.83,393,10,1,5.03993562,,,,,,,,,,,
4,53.68108749,440,,,,,,-4.210631084,0.006249757,207.5960083,0.982953727,100,0.2,845.6942894,-0.007942236,0.0003,0.037500001,-0.008425951
,,440,1.85,423,11,1,4.39240338,,,,,,,,,,,
2,-10,480,,,,,,-4.197247291,0.010163359,19.57913017,0.977516294,110,0.2,174.7077946,-0.01106348,0.0003,0.175000003,0.000808895
,,480,1.85,490,12,0,6.49681497,,,,,,,,,,,
1,-5,520,,,,,,-4.185484791,0.009691995,203.3007813,0.975751877,120,0.2,216.8265664,-0.014688541,0.0003,0.175000004,-0.002377391
,,520,1.99,516,13,1,9.8664984,,,,,,,,,,,
5,79.90544298,560,,,,,,-4.180370659,0.012033658,497.9928284,0.973925114,130,0.2,9036.101103,-0.014707693,0.0003,0.040000001,0.000528157
,,560,1.91,561,14,0,7.20804422,,,,,,,,,,,
3,38.85478592,600,,,,,,-4.174681419,0.014792171,323.9503784,0.972278953,140,0.2,492.9561648,-0.027308873,0.0003,0.165000003,0.002526581
,,600,1.96,594,15,1,5.17762052,,,,,,,,,,,
1,-5,640,,,,,,-4.164544392,0.022538587,543.8377075,0.967689753,150,0.2,293.4546218,-0.033327485,0.0003,0.260000005,0.000121295
,,640,1.91,684,16,0,5.72172651,,,,,,,,,,,
3,3.09134388,680,,,,,,-4.149444836,0.017901791,25.51033211,0.962833583,160,0.2,270.8432623,-0.020749282,0.0003,0.157500004,-0.031991363
,,680,1.99,718,17,0,9.04769535,,,,,,,,,,,
1,-5,720,,,,,,-4.135943657,0.01900539,1068.763428,0.95883745,170,0.2,674.9347325,-0.016673201,0.0003,0.187500004,-0.003452539
,,720,1.79,784,18,0,5.95082112,,,,,,,,,,,
1,-5,760,,,,,,-4.130435044,0.01059101,43.57229614,0.958411455,180,0.2,327.3687696,-0.012643623,0.0003,0.087500001,-0.006242156
,,760,1.68,834,19,0,5.62071028,,,,,,,,,,,
1,-5,800,,,,,,-4.125129867,0.02805154,337.9835205,0.955642402,190,0.2,337.4994506,-0.030043268,0.0003,0.370000008,-0.011785269
,,800,1.72,867,20,0,8.39368446,,,,,,,,,,,
5,122.3085617,840,,,,,,-4.117298657,0.013844422,507.7779541,0.953761518,200,0.2,1522.592794,-0.020167951,0.0003,0.177500004,-1.65E-05
,,840,1.66,951,21,0,8.04655155,,,,,,,,,,,
1,-5,880,,,,,,-4.109627157,0.009983171,61.74984741,0.951322556,210,0.2,4776.412895,0.001400911,0.0003,0.100000002,0.002906859
,,880,1.75,979,22,0,11.93502066,,,,,,,,,,,
1,-5,920,,,,,,-4.10441736,0.02813822,75.74299622,0.949977517,220,0.2,3000.615855,-0.028788383,0.0003,0.252500005,-0.000321984
,,920,1.72,1015,23,0,13.07444746,,,,,,,,,,,
1,-5,960,,,,,,-4.101174891,0.019069796,45.05163956,0.948810101,230,0.2,395.0326184,-0.017613815,0.0003,0.167500003,-0.005019903
,,960,1.7,1047,24,0,12.24498544,,,,,,,,,,,
5,58.02448797,1000,,,,,,-4.096871775,0.016894558,587.4702759,0.948050857,240,0.2,5529.301517,-0.034466683,0.0003,0.327500008,0.004010499
,,1000,1.87,1078,25,0,14.84195555,,,,,,,,,,,
2,8.591499329,1040,,,,,,-4.097310638,0.005729151,4986.012207,0.948734701,250,0.2,5327.813369,-0.006989405,0.0003,0.015,0.005358636
,,1040,1.92,1107,26,0,17.49158915,,,,,,,,,,,
1,-5,1080,,,,,,-4.096021158,0.020869616,3299.575928,0.947259784,260,0.2,2251.354985,-0.028032498,0.0003,0.107500002,-0.018078446
,,1080,1.9,1486,27,0,16.59618628,,,,,,,,,,,
1,-5,1120,,,,,,-4.091282511,0.018643467,322.0560608,0.945724368,270,0.2,4416.020739,-0.031447404,0.0003,0.207500004,-0.005868554
,,1120,1.99,1509,28,0,20.03395141,,,,,,,,,,,
2,20.89632034,1160,,,,,,-4.087826288,0.06076288,143.3472137,0.945404172,280,0.2,2028.542628,-0.044689289,0.0003,0.307500007,-0.005257249
,,1160,2.09,1535,29,0,22.05277308,,,,,,,,,,,
1,-5,1200,,,,,,-4.085892123,0.016753923,454.2696838,0.944126725,290,0.2,2351.77161,-0.026975407,0.0003,0.225000004,-0.021003008
,,1200,2.01,1722,30,0,22.95961088,,,,,,,,,,,
2,36.26473999,1240,,,,,,-4.082139963,0.018410422,4910.38916,0.94318378,300,0.2,4398.043138,-0.015662285,0.0003,0.180000003,0.002586782
,,1240,1.92,1815,31,0,22.39183298,,,,,,,,,,,
4,171.8985443,1280,,,,,,-4.080076677,0.042571306,1085.655396,0.942831218,310,0.2,2419.381347,-0.036997142,0.0003,0.335000006,-0.010635257
,,1280,2.02,1869,32,0,29.8123381,,,,,,,,,,,
5,622.8989029,1320,,,,,,-4.079319614,0.003986412,11519.07227,0.942709684,320,0.2,13117.95662,-0.009024414,0.0003,0.015,0.011041045
,,1320,1.98,1906,33,0,31.57900259,,,,,,,,,,,
2,36.94081879,1360,,,,,,-4.078575104,0.007277138,2246.196289,0.942247987,330,0.2,8984.641681,-0.00567144,0.0003,0.042500001,-0.005646229
,,1360,1.96,1931,34,0,36.53380021,,,,,,,,,,,
4,77.28414726,1400,,,,,,-4.076713097,0.006672204,6462.688477,0.941707015,340,0.2,6168.819499,-0.013967951,0.0003,0.057500001,-0.004158258
,,1400,2.11,1958,35,0,47.69910575,,,,,,,,,,,
5,244.4302444,1440,,,,,,-4.075966662,0.002908434,711.4066162,0.941706121,350,0.2,11442.52966,0.000121571,0.0003,0.0025,-0.017445683
,,1440,2.26,1984,36,0,58.59657997,,,,,,,,,,,
1,-5,1480,,,,,,-4.075823873,0.0039941,6157.241699,0.941703498,360,0.2,11915.84896,-0.015392249,0.0003,0.0125,-0.027791262
,,1480,2.41,2013,37,0,65.32644619,,,,,,,,,,,
5,9.078256726,1520,,,,,,-4.075962776,0.001516938,7349.061035,0.941857994,370,0.2,6029.134393,0.000502611,0.0003,0,-0.019039392
,,1520,2.29,2040,38,0,62.03123486,,,,,,,,,,,
5,310.5275955,1560,,,,,,-4.076309288,0.002637758,1569.231445,0.941790581,380,0.2,12503.49767,-0.001107553,0.0003,0,0.018325746
,,1560,2.53,2104,39,0,82.60286257,,,,,,,,,,,
1,-5,1600,,,,,,-4.076074135,0.004825589,5765.897461,0.94189477,390,0.2,21294.08287,0.002168039,0.0003,0.080000001,4.64E-05
,,1600,2.58,2132,40,0,87.27090501,,,,,,,,,,,
5,231.4102287,1640,,,,,,-4.076701528,0.008643817,1326.259399,0.942097068,400,0.2,22957.29633,-0.022319787,0.0003,0.045000001,0.004754066
,,1640,2.61,2177,41,0,91.47555497,,,,,,,,,,,
3,81.06700134,1680,,,,,,-4.077074391,0.003190152,3708.245117,0.942008853,410,0.2,10951.87073,-0.009409255,0.0003,0,-0.066918135
,,1680,2.6,2261,42,0,94.07101522,,,,,,,,,,,
4,57.359375,1720,,,,,,-4.076412898,0.008750526,2765.06543,0.941983879,420,0.2,13804.71826,-0.012628577,0.0003,0.047500001,-0.017478347
,,1720,2.63,2286,43,0,100.463783,,,,,,,,,,,
5,287.9390221,1760,,,,,,-4.076757562,0.003682122,2154.628174,0.941965818,430,0.2,14670.21143,-0.001292723,0.0003,0.0075,0.012210548
,,1760,2.67,2316,44,0,100.5661548,,,,,,,,,,,
1,-5,1800,,,,,,-4.075705737,0.00875481,2572.885498,0.941371441,440,0.2,9919.78493,-0.01818511,0.0003,0.055000001,-0.06781137
,,1800,2.68,2340,45,0,102.8258626,,,,,,,,,,,
5,511.5677261,1840,,,,,,-4.074245852,0.002301821,3110.514893,0.941206455,450,0.2,17404.08356,-0.001731095,0.0003,0,-0.011228085
,,1840,2.61,2370,46,0,89.97109413,,,,,,,,,,,
5,33.87054825,1880,,,,,,-4.072933298,0.003572798,4747.928711,0.940469861,460,0.2,12499.89415,-0.008673977,0.0003,0.0125,-0.020414233
,,1880,2.65,2425,47,0,95.34037253,,,,,,,,,,,
5,119.1993814,1920,,,,,,-4.070621872,0.001928404,14372.36719,0.939822555,470,0.2,12922.45331,-0.002954556,0.0003,0,-0.035280585
,,1920,2.63,2469,48,0,90.53959328,,,,,,,,,,,
5,167.7888279,1960,,,,,,-4.069724435,0.009918809,3800.092041,0.940066278,480,0.2,7547.499368,-0.010859121,0.0003,0.047500001,0.039743185
,,1960,2.52,2494,49,0,76.29527368,,,,,,,,,,,
5,173.9057114,2000,,,,,,-4.073221618,0.014721976,5192.643555,0.941592216,490,0.2,7029.090005,0.002044476,0.0003,0.200000004,-0.018164396
,,2000,2.55,2514,50,0,81.2971136,,,,,,,,,,,
5,314.9342308,2040,,,,,,-4.07521612,0.013570907,11659.17676,0.941559255,500,0.2,12631.74004,-0.021577174,0.0003,0.082500001,-0.079182267
,,2040,2.66,2566,51,0,91.2933609,,,,,,,,,,,
4,213.9914665,2080,,,,,,-4.074738687,0.021357521,2734.356201,0.941313624,510,0.2,15012.57138,-0.035962677,0.0003,0.120000002,-0.054863453
,,2080,2.64,2590,52,0,90.43384697,,,,,,,,,,,
5,326.6302328,2120,,,,,,-4.074558687,0.005897331,6621.88623,0.94159162,520,0.2,12185.99775,-0.001022277,0.0003,0.025,-0.019388318
,,2120,2.69,2686,53,0,90.71325874,,,,,,,,,,,
5,433.193409,2160,,,,,,-4.074825519,0.017863244,2833.247803,0.941292524,530,0.2,7002.042784,-0.006341665,0.0003,0.137500002,0.05352819
,,2160,2.53,2716,54,0,95.00158695,,,,,,,,,,,
5,437.969902,2200,,,,,,-4.072842443,0.006507263,5227.334961,0.940595806,540,0.2,30866.57914,-0.020907117,0.0003,0.0175,-0.045024157
,,2200,2.64,2743,55,0,103.8182507,,,,,,,,,,,
5,371.773365,2240,,,,,,-4.069925272,0.005345861,4256.555176,0.939108729,550,0.2,12829.7562,-0.00374034,0.0003,0.015,-0.044278979
,,2240,2.76,2766,56,0,116.5621638,,,,,,,,,,,
5,159.4244696,2280,,,,,,-4.066096485,0.010001697,12008.97949,0.938559532,560,0.2,16617.89362,-0.003395751,0.0003,0.072500001,-0.02423358
,,2280,2.72,2802,57,0,114.4980968,,,,,,,,,,,
2,99.51093292,2320,,,,,,-4.06395213,0.014995997,5314.362793,0.937708318,570,0.2,11597.91692,0.001736072,0.0003,0.102500002,0.006825566
,,2320,2.73,2821,58,0,108.1930131,,,,,,,,,,,
4,133.3992805,2360,,,,,,-4.062975878,0.008084709,882.1727905,0.93811357,580,0.2,10135.25615,0.001628413,0.0003,0.042500001,-0.0004704
,,2360,2.67,2847,59,0,112.2674299,,,,,,,,,,,
5,219.7436485,2400,,,,,,-4.064047432,0.018036973,8380.868164,0.938239098,590,0.2,14142.1632,-0.025513867,0.0003,0.177500004,-0.008780003
,,2400,2.77,2870,60,0,122.3313625,,,,,,,,,,,
5,348.675106,2440,,,,,,-4.063226151,0.007720308,7140.88916,0.937793911,600,0.2,10034.22533,-0.013503112,0.0003,0.057500001,-0.05561471
,,2440,2.95,2893,61,0,127.1593106,,,,,,,,,,,
1,-5,2480,,,,,,-4.06091153,0.014650385,2715.251465,0.936361015,610,0.2,9420.442973,-0.018720104,0.0003,0.075000001,-0.008619905
,,2480,3.04,2915,62,0,118.5396304,,,,,,,,,,,
5,407.7307472,2520,,,,,,-4.055380666,0.017534705,2431.50415,0.934850395,620,0.2,6144.861023,-0.021313293,0.0003,0.095000002,-0.00212729
,,2520,3.15,2936,63,0,130.0064441,,,,,,,,,,,
5,163.0010853,2560,,,,,,-4.051758444,0.008899406,16343.26172,0.934118927,630,0.2,29992.87645,-0.029532469,0.0003,0.070000001,0.019910872
,,2560,3.16,2959,64,0,128.9974491,,,,,,,,,,,
1,-5,2600,,,,,,-4.046130109,0.010318579,6865.444336,0.932037771,640,0.2,9748.09772,-0.005730417,0.0003,0.155000003,0.000371814
,,2600,3.15,2983,65,0,136.4003478,,,,,,,,,,,
3,80.74949932,2640,,,,,,-4.04433741,0.022737853,7027.89209,0.93241775,650,0.2,13263.12126,-0.025570388,0.0003,0.262500006,-0.032115936
,,2640,3.12,3009,66,0,135.4361829,,,,,,,,,,,
2,128.1043396,2680,,,,,,-4.044084239,0.005690676,5450.905762,0.931492209,660,0.2,7240.217196,-0.007802669,0.0003,0.035000001,0.024457633
,,2680,3.23,3031,67,0,135.5376137,,,,,,,,,,,
2,25.65379143,2720,,,,,,-4.041605687,0.009086348,6436.803711,0.931236148,670,0.2,7065.330068,-0.015293019,0.0003,0.050000001,0.00413394
,,2720,3.25,3055,68,0,140.7753043,,,,,,,,,,,
5,560.3169594,2760,,,,,,-4.041101557,0.01285937,5779.790039,0.93118304,680,0.2,12376.25404,-0.010086386,0.0003,0.102500002,-0.034688234
,,2760,3.24,3075,69,0,145.6119649,,,,,,,,,,,
5,318.9639854,2800,,,,,,-4.041292721,0.03012963,5019.291992,0.931471944,690,0.2,15240.52452,-0.02292438,0.0003,0.272500007,0.036181331
,,2800,3.27,3098,70,0,202.0865515,,,,,,,,,,,
5,220.0618591,2840,,,,,,-4.040320432,0.013296964,2367965.75,0.930699706,700,0.2,606698.9505,-0.012780073,0.0003,0.100000002,-0.003307939
,,2840,3.04,3128,71,0,180.0508566,,,,,,,,,,,
5,170.2981949,2880,,,,,,-4.0384565,0.016975194,6226.067383,0.930110693,710,0.2,8351.167996,-0.012234655,0.0003,0.067500001,-0.069360375
,,2880,3.07,3155,72,0,183.1117549,,,,,,,,,,,
5,255.776947,2920,,,,,,-4.035608691,0.019063234,3978.382568,0.929373145,720,0.2,11682.5872,-0.013584396,0.0003,0.155000004,0.004476309
,,2920,3.13,3182,73,0,177.7023346,,,,,,,,,,,
5,250.8564987,2960,,,,,,-4.033681589,0.012144726,2873.302002,0.928560615,730,0.2,4311.753002,-0.011769557,0.0003,0.110000002,0.047773838
,,2960,3.12,3205,74,0,177.2673668,,,,,,,,,,,
1,-5,3000,,,,,,-4.031509584,0.039779555,1327.170776,0.928361297,740,0.2,9601.817767,-0.009285139,0.0003,0.130000002,0.007633865
,,3000,3.08,3224,75,0,179.3660328,,,,,,,,,,,
5,273.4761143,3040,,,,,,-4.029315996,0.014906149,2957.147705,0.927214146,750,0.2,14289.0065,-0.016378872,0.0003,0.120000002,-0.02070868
,,3040,3.05,3243,76,0,177.7547437,,,,,,,,,,,
3,193.0700264,3080,,,,,,-4.025200409,0.020499634,1647.349976,0.926033139,760,0.2,6264.876334,-0.031938369,0.0003,0.187500004,0.071712077
,,3080,3.08,3281,77,0,128.4010025,,,,,,,,,,,
5,385.7974586,3120,,,,,,-4.025297505,0.03458538,9718.842773,0.926861882,770,0.2,11688.41167,-0.032999136,0.0003,0.195000004,0.06344831
,,3120,2.99,3303,78,0,125.3612505,,,,,,,,,,,
1,-5,3160,,,,,,-4.026973253,0.006629762,18566.51563,0.927816749,780,0.2,13895.37908,-0.00901344,0.0003,0.162500003,0.020870686
,,3160,3.12,3329,79,0,138.1710865,,,,,,,,,,,
5,264.8976698,3200,,,,,,-4.028644782,0.010133846,10103.89648,0.927298069,790,0.2,11971.25303,-0.034753695,0.0003,0.195000004,0.013507545
,,3200,3.16,3348,80,0,138.4682181,,,,,,,,,,,
3,67.54054642,3240,,,,,,-4.025994867,0.01584955,3475.65918,0.926203847,800,0.2,9173.785239,-0.03072443,0.0003,0.107500002,0.065151572
,,3240,3.27,3369,81,0,146.0461991,,,,,,,,,,,
5,227.05966,3280,,,,,,-4.024867159,0.01671939,2365.285156,0.926616192,810,0.2,13387.07953,-0.021108261,0.0003,0.212500004,0.029794157
,,3280,3.2,3395,82,0,138.4517878,,,,,,,,,,,
5,397.5354462,3320,,,,,,-4.022657132,0.077007815,4861.105957,0.924885631,820,0.2,7894.63092,-0.043999346,0.0003,0.297500007,-0.199392557
,,3320,3.23,3417,83,0,144.0009077,,,,,,,,,,,
5,310.1565094,3360,,,,,,-4.015910447,0.006414436,7726.804199,0.923826635,830,0.2,18996.24269,-0.005996205,0.0003,0.195000004,0.011853516
,,3360,3.32,3437,84,0,149.1335932,,,,,,,,,,,
5,258.2739754,3400,,,,,,-4.013685983,0.016902607,3687.181885,0.922681451,840,0.2,9166.411507,-0.002959009,0.0003,0.175000003,0.045117915
,,3400,3.33,3458,85,0,155.0516726,,,,,,,,,,,
4,156.8627739,3440,,,,,,-4.010220611,0.009565933,12242.13379,0.92161864,850,0.2,21330.8425,-0.015176865,0.0003,0.057500001,0.045522809
,,3440,3.26,3485,86,0,153.3105668,,,,,,,,,,,
5,358.2754097,3480,,,,,,-4.010409313,0.008311276,4071.851807,0.922976911,860,0.2,11906.4373,-0.024810936,0.0003,0.140000003,-0.029359102
,,3480,3.28,3523,87,0,150.1742045,,,,,,,,,,,
5,302.6172276,3520,,,,,,-4.011231869,0.016361099,4536.899414,0.922413528,870,0.2,9145.204494,-0.007113839,0.0003,0.090000001,0.087070107
,,3520,3.35,3543,88,0,157.3264031,,,,,,,,,,,
2,39.51023483,3560,,,,,,-4.006215942,0.023774609,5009.991699,0.919604242,880,0.2,12610.19527,-0.023027788,0.0003,0.192500004,0.109677494
,,3560,3.32,3563,89,0,160.8589844,,,,,,,,,,,
5,355.7079124,3600,,,,,,-4.000714201,0.011632429,1111.724976,0.91946429,890,0.2,9415.950259,-0.007607137,0.0003,0.100000002,0.082746804
,,3600,3.35,3584,90,1,167.7668843,,,,,,,,,,,
5,259.2551689,3640,,,,,,-3.999102771,0.011124469,4118.077148,0.918668926,900,0.2,16204.56922,0.003144428,0.0003,0.077500002,0.038230181
,,3640,3.45,3611,91,1,175.6836906,,,,,,,,,,,
5,300.5640936,3680,,,,,,-3.996425089,0.023436539,10366.62109,0.917925596,910,0.2,11687.52833,-0.01772912,0.0003,0.082500001,0.059833288
,,3680,3.46,3637,92,1,167.7125562,,,,,,,,,,,
5,265.2467151,3720,,,,,,-3.993595448,0.005006336,9307.342773,0.917050004,920,0.2,11059.23412,-0.006638946,0.0003,0.050000001,0.086192727
,,3720,3.33,3660,93,1,160.1709459,,,,,,,,,,,
4,283.5282135,3760,,,,,,-3.99123635,0.017217405,4693.094727,0.916667342,930,0.2,16253.83664,-0.019169408,0.0003,0.092500001,-0.039355397
,,3760,3.36,3684,94,1,160.8818718,,,,,,,,,,,
5,331.3439674,3800,,,,,,-3.987615827,0.010437563,3255.669189,0.91535604,940,0.2,9151.629774,-0.024093072,0.0003,0.167500003,0.072539747
,,3800,3.39,3711,95,1,166.8151279,,,,,,,,,,,
5,289.6045914,3840,,,,,,-3.989223889,0.04859334,12223.53809,0.917236209,950,0.2,15465.02448,-0.028632407,0.0003,0.335000007,0.00456804
,,3840,3.43,3737,96,1,169.8053946,,,,,,,,,,,
5,236.309552,3880,,,,,,-3.993414965,0.011403378,5909.865723,0.918431759,960,0.2,12320.24409,-0.016765586,0.0003,0.050000001,0.128553152
,,3880,3.35,3778,97,1,168.9996099,,,,,,,,,,,
5,401.6876297,3920,,,,,,-3.99286755,0.006460556,9004.104492,0.917072296,970,0.2,16945.59937,-0.016771762,0.0003,0.077500001,0.005555093
,,3920,3.36,3799,98,1,174.1535301,,,,,,,,,,,
5,272.3609409,3960,,,,,,-3.990608609,0.007779279,5640.141602,0.916874051,980,0.2,19623.36973,-0.012611535,0.0003,0.03,0.0484038
,,3960,3.35,3817,99,1,166.2676978,,,,,,,,,,,
2,-10,4000,,,,,,-3.987908351,0.07318947,2313.505859,0.915591359,990,0.2,8466.57807,0.013412522,0.0003,0.202500004,0.130886078
,,4000,3.4,3838,100,1,172.4738654,,,,,,,,,,,
4,249.3225479,4040,,,,,,-3.984634858,0.021041272,1766.762451,0.915069997,1000,0.2,16244.68965,-0.018196978,0.0003,0.115000002,-0.016313791
,,4040,3.34,3860,101,1,170.8797233,,,,,,,,,,,
4,184.0295467,4080,,,,,,-3.981807995,0.004697678,5229.268066,0.913763285,1010,0.2,10927.76517,-0.003948726,0.0003,0.077500001,0.051377356
,,4080,3.43,3885,102,1,181.8933749,,,,,,,,,,,
3,-15,4120,,,,,,-3.978091201,0.005277806,7796.013184,0.913419962,1020,0.2,9687.296111,-0.003472467,0.0003,0.090000002,0.20473206
,,4120,3.46,3910,103,1,185.9985207,,,,,,,,,,,
4,195.3943977,4160,,,,,,-3.97798624,0.026904728,5048.504883,0.913628817,1030,0.2,11783.07503,-0.049949287,0.0003,0.462500011,0.171134353
,,4160,3.34,3938,104,1,177.656621,,,,,,,,,,,
5,291.8993645,4200,,,,,,-3.975566831,0.03309747,5129.309082,0.911689699,1040,0.2,13003.9507,-0.02313623,0.0003,0.227500005,-0.023936033
,,4200,3.3,3966,105,1,174.286567,,,,,,,,,,,
5,188.3722038,4240,,,,,,-3.970797876,0.031800263,8823.383789,0.911568165,1050,0.2,27453.94752,-0.002375176,0.0003,0.210000006,0.092772484
,,4240,3.32,3988,106,1,176.1091609,,,,,,,,,,,
2,127.6874542,4280,,,,,,-3.968157712,0.021534255,7882.297363,0.910195231,1060,0.2,12343.45866,-0.036977221,0.0003,0.230000005,0.016613066
,,4280,3.24,4014,107,1,171.3419116,,,,,,,,,,,
2,57.77765274,4320,,,,,,-3.961250156,0.045033373,1024.629883,0.906958461,1070,0.2,9664.413683,-0.038243587,0.0003,0.140000002,0.129454911
,,4320,3.24,4035,108,1,172.7678271,,,,,,,,,,,
5,163.2107539,4360,,,,,,-3.947328711,0.04163041,5193.549805,0.903063476,1080,0.2,12261.14323,-0.027412413,0.0003,0.300000007,0.097460628
,,4360,3.34,4057,109,1,175.2747189,,,,,,,,,,,
5,373.5223808,4400,,,,,,-3.936864853,0.041914687,581.7110596,0.900251567,1090,0.2,5334.591447,-0.064990016,0.0003,0.365000008,0.166635633
,,4400,3.34,4076,110,1,174.1838858,,,,,,,,,,,
5,199.5290527,4440,,,,,,-3.927123976,0.025248474,10964.06445,0.89833945,1100,0.2,14525.06586,-0.000372856,0.0003,0.135000003,0.096290052
,,4440,3.32,4098,111,1,166.8598944,,,,,,,,,,,
5,133.8094931,4480,,,,,,-3.924878529,0.035734788,2858.894531,0.89701736,1110,0.2,8640.807996,-0.048213432,0.0003,0.387500009,0.198628604
,,4480,3.46,4121,112,1,178.9657723,,,,,,,,,,,
3,-15,4520,,,,,,-3.921569109,0.006036941,6259.049316,0.896937251,1120,0.2,15677.4718,-0.0142717,0.0003,0.117500002,0.058146298
,,4520,3.57,4139,113,1,192.6626703,,,,,,,,,,,
2,18.63603592,4560,,,,,,-3.914313543,0.12286597,5437.633301,0.892982006,1130,0.2,9098.199852,-0.034982381,0.0003,0.45500001,0.166184306
,,4560,3.54,4162,114,1,179.0213625,,,,,,,,,,,
1,-5,4600,,,,,,-3.902416131,0.023532715,6960.97168,0.889236331,1140,0.2,10196.96718,-0.022822136,0.0003,0.385000007,0.088141024
,,4600,3.55,4183,115,1,182.8821047,,,,,,,,,,,
5,237.5915146,4640,,,,,,-3.895866084,0.041002642,6862.22998,0.888337076,1150,0.2,23322.59046,-0.019591096,0.0003,0.145000003,0.018271267
,,4640,3.66,4327,116,1,192.8637149,,,,,,,,,,,
5,177.2433516,4680,,,,,,-3.887196001,0.016576465,3630.020264,0.886677623,1160,0.2,6862.843948,-0.008184462,0.0003,0.200000004,0.259339094
,,4680,3.72,4347,117,1,195.4064112,,,,,,,,,,,
3,106.4288082,4720,,,,,,-3.887916064,0.001707257,6748.269531,0.888117909,1170,0.2,12360.93763,-0.002966508,0.0003,0.047500001,0.11158365
,,4720,3.77,4370,118,1,202.9128081,,,,,,,,,,,
3,165.8790359,4760,,,,,,-3.893989685,0.030033473,3640.566162,0.889986694,1180,0.2,11182.09559,-0.012560479,0.0003,0.157500003,0.132978141
,,4760,3.83,4388,119,1,202.9128081,,,,,,,,,,,
3,261.0146027,4800,,,,,,-3.899509904,0.0266312,1470796672,0.892385662,1190,0.2,783567430.4,0.00574868,0.0003,0.242500005,0.000596881
,,4800,3.75,4436,120,1,202.9128081,,,,,,,,,,,
5,147.2821507,4840,,,,,,-3.903117141,0.018919226,2333.764404,0.892329931,1200,0.2,16072.06147,-0.01961735,0.0003,0.310000008,0.134748578
,,4840,3.83,4454,121,1,202.9128081,,,,,,,,,,,
5,326.5424194,4880,,,,,,-3.902985653,0.024309253,15474.18848,0.891975105,1210,0.2,13298.36458,-0.028102548,0.0003,0.182500003,0.227030635
,,4880,3.88,4484,122,1,202.9128081,,,,,,,,,,,
5,83.23585665,4920,,,,,,-3.898301139,0.028225979,4936.053711,0.889585972,1220,0.2,10064.95154,-0.034461116,0.0003,0.237500004,0.272436321
,,4920,3.96,4501,123,1,202.9128081,,,,,,,,,,,
5,333.8307457,4960,,,,,,-3.888484439,0.019934835,3744.409912,0.886335611,1230,0.2,8729.999496,0.019746886,0.0003,0.132500002,0.252648354
,,4960,4,4522,124,1,202.9128081,,,,,,,,,,,
5,330.9928131,5000,,,,,,-3.88181847,0.004883993,1204423552,0.885823488,1240,0.2,1462162598,-0.007800245,0.0003,0.062500001,-0.000158191
,,5000,4,4546,125,1,202.9128081,,,,,,,,,,,
5,56.57301837,5040,,,,,,-3.881380257,0.072988845,5432.286133,0.886604667,1250,0.2,13764.92941,-0.000347154,0.0003,0.070000001,-0.02937603
,,5040,3.96,4563,126,1,202.9128081,,,,,,,,,,,
5,188.952981,5080,,,,,,-3.885116073,0.029517677,4074.540771,0.887409866,1260,0.2,9528.037514,-0.007601083,0.0003,0.167500003,0.043838143
,,5080,3.79,4615,127,1,202.9128081,,,,,,,,,,,
3,353.8644562,5120,,,,,,-3.883713907,0.029111411,25453.13477,0.886063933,1270,0.2,17947.21954,-0.013180237,0.0003,0.152500003,-0.031009674
,,5120,3.8,4635,128,1,202.9128081,,,,,,,,,,,
5,432.4370937,5160,,,,,,-3.874342996,0.034548495,7521.075684,0.881629586,1280,0.2,10655.33221,-0.013730393,0.0003,0.165000003,0.251452208
,,5160,3.75,4657,129,1,202.9128081,,,,,,,,,,,
5,307.8398027,5200,,,,,,-3.862197244,0.054167863,9527.262695,0.879455447,1290,0.2,26167.08056,-0.033675877,0.0003,0.162500003,0.08954668
,,5200,3.83,4678,130,1,202.9128081,,,,,,,,,,,
5,583.4925385,5240,,,,,,-3.857403708,0.029389463,8494.880859,0.879037499,1300,0.2,19847.29984,-0.020333464,0.0003,0.125000002,0.015027761
,,5240,3.68,4700,131,1,202.9128081,,,,,,,,,,,
4,265.770256,5280,,,,,,-3.859396812,0.02361432,15170.87695,0.880481899,1310,0.2,23688.2593,-0.016341497,0.0003,0.100000002,0.064612806
,,5280,3.62,4726,132,1,202.9128081,,,,,,,,,,,
4,107.6785045,5320,,,,,,-3.861256292,0.015694575,10332.77637,0.880483866,1320,0.2,14422.83644,-0.017072403,0.0003,0.155000003,0.06809634
,,5320,3.52,4749,133,1,200.1107269,,,,,,,,,,,
5,252.2447376,5360,,,,,,-3.862339723,0.003573801,10119.26758,0.8811993,1330,0.2,17629.2756,-0.004477627,0.0003,0.045000001,-0.108151436
,,5360,3.66,4771,134,1,207.5805617,,,,,,,,,,,
3,168.4727936,5400,,,,,,-3.86382665,0.008176431,6145.687988,0.881200314,1340,0.2,9312.689378,-0.009501967,0.0003,0.082500001,0.213594198
,,5400,3.57,4795,135,1,209.338976,,,,,,,,,,,
2,70.31167603,5440,,,,,,-3.862238109,0.007403842,7221.171875,0.879944026,1350,0.2,15803.70845,-0.002748966,0.0003,0.072500001,0.022131264
,,5440,3.57,4814,136,1,215.5544196,,,,,,,,,,,
5,414.3898659,5480,,,,,,-3.858459193,0.0147817,4138.94873,0.879845381,1360,0.2,20723.85265,-0.014924043,0.0003,0.135000002,0.048434973
,,5480,3.6,4833,137,1,221.7948449,,,,,,,,,,,
5,256.7324734,5520,,,,,,-3.856576982,0.008016657,5232.052734,0.878212929,1370,0.2,11261.35214,0.013814124,0.0003,0.235000005,0.329216838
,,5520,3.68,4856,138,1,222.6829487,,,,,,,,,,,
5,327.3471718,5560,,,,,,-3.849714124,0.029389713,3255.506104,0.876373887,1380,0.2,11138.64545,-0.004305698,0.0003,0.150000003,0.224837601
,,5560,3.58,4884,139,1,209.4025461,,,,,,,,,,,
4,143.1535835,5600,,,,,,-3.841639096,0.041313205,5937.035645,0.874132156,1390,0.2,11889.71762,-0.047785104,0.0003,0.247500004,0.076357841
,,5600,3.61,4905,140,1,205.3233991,,,,,,,,,,,
5,338.952774,5640,,,,,,-3.832715854,0.07351822,7176.151367,0.871939898,1400,0.2,8958.039768,0.034028651,0.0003,0.530000011,0.09188658
,,5640,3.75,4923,141,1,212.6284025,,,,,,,,,,,
5,164.102097,5680,,,,,,-3.828393015,0.018758321,10010.45898,0.871698797,1410,0.2,11099.3883,-0.021821643,0.0003,0.122500002,0.332952201
,,5680,3.8,4941,142,1,214.1675585,,,,,,,,,,,
5,371.6960258,5720,,,,,,-3.825209966,0.022224177,11236.09863,0.870426178,1420,0.2,13592.86178,-0.029949196,0.0003,0.225000005,0.152279437
,,5720,3.79,4960,143,1,212.7264028,,,,,,,,,,,
3,142.5045929,5760,,,,,,-3.816507146,0.020278057,6797.472656,0.86654079,1430,0.2,11235.76663,-0.015674262,0.0003,0.167500003,-0.025870442
,,5760,3.8,4981,144,1,217.6010266,,,,,,,,,,,
4,412.3795624,5800,,,,,,-3.806138572,0.010229029,5964.054688,0.864245832,1440,0.2,9605.605795,-0.014144061,0.0003,0.072500001,0.253514886
,,5800,3.9,5008,145,1,222.1556027,,,,,,,,,,,
5,76.69437599,5840,,,,,,-3.795479807,0.005619802,7586.505371,0.860284269,1450,0.2,11390.80907,-0.00934719,0.0003,0.092500002,0.182109833
,,5840,3.97,5030,146,1,229.0157513,,,,,,,,,,,
5,188.3198376,5880,,,,,,-3.786793372,0.069358855,8913.668945,0.860885799,1460,0.2,15100.19587,-0.006546086,0.0003,0.210000004,0.163404942
,,5880,3.88,5052,147,1,220.3653161,,,,,,,,,,,
4,202.450119,5920,,,,,,-3.783468533,0.006929553,8736.614258,0.85731566,1470,0.2,17097.63846,-0.030451772,0.0003,0.240000005,0.081133962
,,5920,3.89,5070,148,1,219.399812,,,,,,,,,,,
5,211.5822868,5960,,,,,,-3.768168336,0.01198351,577.8622437,0.852281749,1480,0.2,8383.555284,-0.009059338,0.0003,0.090000001,0.263195038
,,5960,3.93,5156,149,1,222.9330522,,,,,,,,,,,
5,227.5142802,6000,,,,,,-3.759573007,0.005778697,5425.770996,0.853597343,1490,0.2,10896.45916,-0.005674441,0.0003,0.120000002,0.190352023
,,6000,3.96,5174,150,1,225.964519,,,,,,,,,,,
5,398.3275986,6040,,,,,,-3.760673645,0.008689359,4956.57666,0.853056431,1500,0.2,5855.918908,0.000994628,0.0003,0.210000004,0.277858496
,,6040,3.8,5262,151,1,218.2595404,,,,,,,,,,,
2,-2.273919821,6080,,,,,,-3.757810655,0.005728161,22082.5957,0.852393329,1510,0.2,25478.36226,-0.003217212,0.0003,0.042500001,0.007913172
,,6080,3.81,5279,152,1,221.8807409,,,,,,,,,,,
5,500.089325,6120,,,,,,-3.758299485,0.014321086,6628.904297,0.852358997,1520,0.2,12054.44107,-0.015171313,0.0003,0.160000003,0.270872653
,,6120,3.74,5301,153,1,215.7047498,,,,,,,,,,,
5,271.5554142,6160,,,,,,-3.758223268,0.012673584,10439.00391,0.851902843,1530,0.2,17522.87611,-0.017675974,0.0003,0.165000003,0.020717144
,,6160,3.74,5483,154,1,217.0253105,,,,,,,,,,,
5,414.0724297,6200,,,,,,-3.746272114,0.008671797,8769.99707,0.846020103,1540,0.2,17646.50853,-0.021508989,0.0003,0.125000002,0.137014866
,,6200,3.81,5508,155,1,226.4519551,,,,,,,,,,,
5,379.0439072,6240,,,,,,-3.734573838,0.03594037,9605.00293,0.846133709,1550,0.2,13356.22473,-0.041143813,0.0003,0.347500009,0.18833226
,,6240,3.75,5533,156,1,231.4953178,,,,,,,,,,,
5,297.5143299,6280,,,,,,-3.73119936,0.010060419,3090.470459,0.844291329,1560,0.2,27870.21028,-0.016571673,0.0003,0.070000001,0.067580998
,,6280,3.79,5678,157,1,237.5783337,,,,,,,,,,,
3,55.11371613,6320,,,,,,-3.725611418,0.014865996,2410.453369,0.84313339,1570,0.2,9200.662685,-0.010861949,0.0003,0.082500002,0.322108865
,,6320,3.74,5785,158,1,232.109295,,,,,,,,,,,
5,189.996336,6360,,,,,,-3.72051478,0.006116675,5554.711914,0.84157151,1580,0.2,18144.0251,-0.014806888,0.0003,0.125000002,0.011193216
,,6360,3.74,5805,159,1,235.6778634,,,,,,,,,,,
5,313.6147194,6400,,,,,,-3.715666625,0.07185676,1318.420044,0.840810239,1590,0.2,14370.8819,-0.048519208,0.0003,0.345000009,0.238233149
,,6400,3.68,5823,160,1,227.7006224,,,,,,,,,,,
5,571.6021423,6440,,,,,,-3.709776369,0.008748673,10408.27637,0.838822842,1600,0.2,20482.89734,-0.013100116,0.0003,0.132500002,0.00892818
,,6440,3.5,5849,161,1,214.2102514,,,,,,,,,,,
5,271.8496437,6480,,,,,,-3.701669407,0.030716093,12485.16504,0.836161137,1610,0.2,18019.93321,-0.002975714,0.0003,0.192500003,-0.177512527
,,6480,3.45,5874,162,1,206.0569255,,,,,,,,,,,
5,152.8122482,6520,,,,,,-3.695278966,0.017189797,1460.711792,0.836227536,1620,0.2,12697.77152,-0.003071863,0.0003,0.212500004,0.004057884
,,6520,3.49,6088,163,1,205.8465824,,,,,,,,,,,
4,206.6546783,6560,,,,,,-3.69331637,0.053543054,12020.11133,0.834514022,1630,0.2,9487.445602,-0.023397362,0.0003,0.280000006,0.175221503
,,6560,3.5,6128,164,1,206.9303091,,,,,,,,,,,
3,155.1293335,6600,,,,,,-3.686217824,0.011117584,14350.19434,0.832530677,1640,0.2,21186.05877,-0.005276788,0.0003,0.150000003,0.045595229
,,6600,3.35,6156,165,1,189.8788812,,,,,,,,,,,
5,149.0686357,6640,,,,,,-3.681457296,0.044593036,8726.491211,0.831777513,1650,0.2,16891.25604,-0.028059598,0.0003,0.265000005,0.006573796
,,6640,3.32,6180,166,1,187.3752137,,,,,,,,,,,
3,110.9253731,6680,,,,,,-3.675615463,0.011363177,1539.027832,0.830202043,1660,0.2,11255.44488,-0.012305566,0.0003,0.180000003,0.125341713
,,6680,3.27,6199,167,1,182.5423573,,,,,,,,,,,
5,442.5113564,6720,,,,,,-3.670022821,0.011943014,5877.055176,0.828788936,1670,0.2,13474.18825,-0.022374308,0.0003,0.170000003,0.128009915
,,6720,3.34,6220,168,1,193.8976031,,,,,,,,,,,
4,195.7353134,6760,,,,,,-3.66169928,0.035041027,11637.4668,0.826131821,1680,0.2,19803.24833,-0.024371613,0.0003,0.227500005,0.11337918
,,6760,3.44,6241,169,1,194.591936,,,,,,,,,,,
2,68.33061218,6800,,,,,,-3.659971076,0.031661574,3251.328857,0.830007792,1690,0.2,6826.947671,-0.011885953,0.0003,0.240000005,0.319125414
,,6800,3.54,6264,170,1,208.3389236,,,,,,,,,,,
5,425.8546791,6840,,,,,,-3.670527396,0.010565002,9969.354492,0.831440449,1700,0.2,25492.10077,-0.005250788,0.0003,0.057500001,0.124419034
,,6840,3.63,6287,171,1,219.0106523,,,,,,,,,,,
5,358.8490295,6880,,,,,,-3.672180074,0.012031185,6304.599609,0.830746114,1710,0.2,9857.290157,-0.028880927,0.0003,0.170000003,0.345507026
,,6880,3.57,6311,172,1,219.9267619,,,,,,,,,,,
5,293.3471222,6920,,,,,,-3.667032248,0.015608494,9000.368164,0.829255521,1720,0.2,14970.40384,-0.031821029,0.0003,0.287500006,0.019265115
,,6920,3.58,6337,173,1,223.0079399,,,,,,,,,,,
4,294.417984,6960,,,,,,-3.66106272,0.012494383,7830.862793,0.826159835,1730,0.2,20771.55776,-0.009423937,0.0003,0.087500001,-0.008251429
,,6960,3.64,6367,174,1,228.373401,,,,,,,,,,,
5,366.0789108,7000,,,,,,-3.644670165,0.025010336,2390.897461,0.822553396,1740,0.2,12801.87243,-0.010048623,0.0003,0.365000007,0.247142494
,,7000,3.76,6389,175,1,246.7469089,,,,,,,,,,,
4,292.7525482,7040,,,,,,-3.639715037,0.007806881,12413.54883,0.821208358,1750,0.2,26145.59077,-0.018033556,0.0003,0.042500001,0.154880702
,,7040,3.8,6408,176,1,253.7495535,,,,,,,,,,,
4,140.8453407,7080,,,,,,-3.630827776,0.016341966,3657.900146,0.817966104,1760,0.2,9317.170094,-0.035944717,0.0003,0.275000006,0.414976239
,,7080,3.74,6433,177,1,250.8844888,,,,,,,,,,,
5,347.4402275,7120,,,,,,-3.622877103,0.00686229,15147.96777,0.817179918,1770,0.2,18230.89196,-0.013938283,0.0003,0.060000001,0.070785105
,,7120,3.72,6453,178,1,254.4239263,,,,,,,,,,,
5,460.8423195,7160,,,,,,-3.620770496,0.017953929,4059.425781,0.816798866,1780,0.2,10677.00024,-0.011423266,0.0003,0.182500003,0.274144351
,,7160,3.63,6479,179,1,241.9317098,,,,,,,,,,,
4,239.260498,7200,,,,,,-3.616618222,0.020947978,5109.380371,0.814609706,1790,0.2,18174.47963,-0.004362259,0.0003,0.130000002,0.082188189
,,7200,3.62,6500,180,1,235.8295544,,,,,,,,,,,
5,224.926651,7240,,,,,,-3.610101789,0.010240965,2502.759521,0.81385088,1800,0.2,12436.97341,-0.016520915,0.0003,0.110000002,0.049882293
,,7240,3.65,6524,181,1,240.0851688,,,,,,,,,,,
5,359.0762215,7280,,,,,,-3.604930684,0.017425742,10702.875,0.811873674,1810,0.2,21239.40059,-0.031606255,0.0003,0.125000002,-0.01365447
,,7280,3.69,6547,182,1,237.8341357,,,,,,,,,,,
3,34.76928139,7320,,,,,,-3.596364695,0.025075383,7414.495117,0.810001731,1820,0.2,10335.0748,-0.011844796,0.0003,0.220000005,0.154307485
,,7320,3.67,6566,183,1,237.6939714,,,,,,,,,,,
5,256.1865101,7360,,,,,,-3.595647553,0.024705902,5247.600098,0.812482357,1830,0.2,13809.54615,-0.016304697,0.0003,0.270000007,0.208213031
,,7360,3.71,6588,184,1,235.7959726,,,,,,,,,,,
5,330.3071098,7400,,,,,,-3.600564468,0.015461849,3059.799561,0.812553167,1840,0.2,15101.64332,-0.002278952,0.0003,0.117500002,0.10467869
,,7400,3.59,6610,185,1,225.4764872,,,,,,,,,,,
5,431.5801468,7440,,,,,,-3.604239061,0.027502079,9032.448242,0.814579904,1850,0.2,17298.9545,0.000267227,0.0003,0.197500004,0.047996044
,,7440,3.61,6645,186,1,232.5883692,,,,,,,,,,,
5,281.694046,7480,,,,,,-3.610859126,0.025855938,12160.90039,0.81562376,1860,0.2,26213.35114,-0.031305435,0.0003,0.177500004,0.074663639
,,7480,3.65,6665,187,1,234.9077747,,,,,,,,,,,
2,135.6510315,7520,,,,,,-3.611156666,0.24565665,4075.883545,0.816175222,1870,0.2,12969.89987,0.019201405,0.0003,0.475000006,0.207635522
,,7520,3.63,6724,188,1,238.8835625,,,,,,,,,,,
2,29.97533798,7560,,,,,,-3.615478206,0.033221267,15721.71484,0.818213165,1880,0.2,20927.31505,-0.029125553,0.0003,0.302500006,0.0833956
,,7560,3.55,6793,189,1,237.7939928,,,,,,,,,,,
2,66.14417267,7600,,,,,,-3.61724492,0.013320424,13966.44434,0.817236662,1890,0.2,16576.00711,-0.025802611,0.0003,0.165000003,0.083408654
,,7600,3.52,6812,190,1,238.2760141,,,,,,,,,,,
4,238.9045334,7640,,,,,,-3.613724616,0.002307008,20773.03125,0.816125095,1900,0.2,23673.3388,0.000621574,0.0003,0.03,0.064546645
,,7640,3.59,6831,191,1,245.0900344,,,,,,,,,,,
5,402.0331421,7680,,,,,,-3.614712536,0.07975816,8551.144531,0.81720084,1910,0.2,12955.26906,-0.017197074,0.0003,0.360000007,0.278014481
,,7680,3.46,6855,192,1,241.4489417,,,,,,,,,,,
1,-5,7720,,,,,,-3.616149029,0.023584263,16648.35742,0.816781998,1920,0.2,25143.021,-0.032345862,0.0003,0.175000004,0.134792507
,,7720,3.44,6874,193,1,247.5410806,,,,,,,,,,,
5,486.4705925,7760,,,,,,-3.615675387,0.02596372,14013.61523,0.816742063,1930,0.2,39205.68981,0.003460993,0.0003,0.350000007,0.022350669
,,7760,3.48,6895,194,1,252.0544003,,,,,,,,,,,
5,569.1070938,7800,,,,,,-3.612894687,0.010660871,4445.794434,0.815963447,1940,0.2,20901.69752,-0.02364881,0.0003,0.090000001,0.063985288
,,7800,3.54,6916,195,1,259.2713284,,,,,,,,,,,
3,198.5955734,7840,,,,,,-3.610120773,0.002967017,17726.9668,0.814669311,1950,0.2,20294.81652,-0.002468427,0.0003,0.077500001,0.222120941
,,7840,3.57,6940,196,1,272.0571979,,,,,,,,,,,
5,453.8773766,7880,,,,,,-3.605199707,0.013678497,6020.450684,0.813497901,1960,0.2,24985.96243,-0.012618172,0.0003,0.087500001,0.222442806
,,7880,3.57,6960,197,1,276.6353601,,,,,,,,,,,
5,360.8813801,7920,,,,,,-3.599945217,0.01809453,17472.54688,0.812172592,1970,0.2,33436.84279,-0.00886128,0.0003,0.127500002,-0.086202383
,,7920,3.62,6981,198,1,280.9518543,,,,,,,,,,,
5,444.086319,7960,,,,,,-3.593860769,0.010249577,9890.90332,0.810252666,1980,0.2,19322.5502,-0.01183689,0.0003,0.100000002,0.200142324
,,7960,3.64,7001,199,1,279.8720319,,,,,,,,,,,
5,455.5458336,8000,,,,,,-3.590329027,0.010752124,29483.42383,0.811131835,1990,0.2,25058.06318,-0.000585995,0.0003,0.150000003,-0.06136775
,,8000,3.65,7017,200,1,287.9181756,,,,,,,,,,,
