eval/mean_ep_length,time/total_timesteps,eval/mean_reward,time/fps,time/iterations,rollout/ep_rew_mean,time/time_elapsed,rollout/ep_len_mean,train/loss,train/policy_gradient_loss,train/n_updates,train/clip_range,train/entropy_loss,train/explained_variance,train/std,train/approx_kl,train/clip_fraction,train/learning_rate,train/value_loss
1.0,40,-5.0,,,,,,,,,,,,,,,,
,40,,0,1,-3.7369548125,58,2.5,,,,,,,,,,,
2.0,80,-10.0,,,,,,13.132596015930176,-0.03402509084902707,10,0.2,-4.251153928041458,-0.010175824165344238,0.9950217604637146,0.012864286,0.22000000439584255,0.0003,125.99955971240998
,80,,0,2,-4.5201247272727265,135,2.393939393939394,,,,,,,,,,,
5.0,120,-6.178236603736877,,,,,,3.6624183654785156,-0.03817516357448767,20,0.2,-4.241903531551361,-0.01659250259399414,0.994766354560852,0.05305585,0.4025000099092722,0.0003,47.882299050688744
,120,,0,3,-4.990474891304348,157,2.5217391304347827,,,,,,,,,,,
5.0,160,3.7744001150131226,,,,,,121.33109283447266,-0.045403671160602246,30,0.2,-4.237203109264374,0.011662840843200684,0.9918811321258545,0.028203469,0.28250000700354577,0.0003,109.61417828202248
,160,,0,4,-5.927223065573771,392,2.5737704918032787,,,,,,,,,,,
4.0,200,8.640304327011108,,,,,,24.935625076293945,-0.03374256833438265,40,0.2,-4.22382282614708,-0.019121289253234863,0.987788200378418,0.036272675,0.39250000976026056,0.0003,27.19149618446827
,200,,0,5,-4.247822769230768,489,2.551282051282051,,,,,,,,,,,
5.0,240,18.513832330703735,,,,,,99.81562805175781,-0.017529200537555845,50,0.2,-4.215834242105484,-0.0007233619689941406,0.9838770627975464,0.0157295,0.08250000160187483,0.0003,200.04814237877727
,240,,0,6,-4.187653186813186,528,2.6153846153846154,,,,,,,,,,,
5.0,280,7.143412187695503,,,,,,17.74164581298828,-0.004839955353963888,60,0.2,-4.199094235897064,-0.02754652500152588,0.9790055751800537,0.008391713,0.19500000402331352,0.0003,61.991000932455066
,280,,0,7,-2.36754706,549,2.65,,,,,,,,,,,
5.0,320,4.972140550613403,,,,,,179.1277313232422,-0.008115806149726268,70,0.2,-4.19355012178421,-0.0040667057037353516,0.9799699783325195,0.014526643,0.09250000175088643,0.0003,328.140960842371
,320,,0,8,-0.7645675100000001,614,2.83,,,,,,,,,,,
4.0,360,10.727376461029053,,,,,,384.6466369628906,-0.027874969492477253,80,0.2,-4.190289264917373,0.0040329694747924805,0.9760900735855103,0.028026555,0.287500006519258,0.0003,388.9135771274567
,360,,0,9,0.2563073999999999,635,2.9,,,,,,,,,,,
5.0,400,38.71995094418526,,,,,,81.25067901611328,-0.044971182490407956,90,0.2,-4.179055213928223,-0.00019848346710205078,0.973475456237793,0.015841722,0.24500000532716512,0.0003,188.5842975616455
,400,,0,10,0.8619349,656,2.96,,,,,,,,,,,
5.0,440,19.275413036346436,,,,,,191.66525268554688,-0.00816590931351131,100,0.2,-4.167239791154861,-0.0017480850219726562,0.9679757952690125,0.008561623,0.05000000074505806,0.0003,228.72980058193207
,440,,0,11,2.766683370000001,677,3.01,,,,,,,,,,,
5.0,480,20.17638874053955,,,,,,18.497873306274414,-0.0235026971319894,110,0.2,-4.153902465105057,-0.002210259437561035,0.9660963416099548,0.020105937,0.26250000614672897,0.0003,179.97931599617004
,480,,0,12,3.80082636,699,3.14,,,,,,,,,,,
3.0,520,13.191715717315674,,,,,,68.1176528930664,-0.0142565536643815,120,0.2,-4.149835681915283,-0.014183878898620605,0.9654868841171265,0.010029769,0.12750000189989805,0.0003,246.82213706970214
,520,,0,13,4.962150879999999,718,3.26,,,,,,,,,,,
5.0,560,22.78769326210022,,,,,,289.1817321777344,-0.0160398347356022,130,0.2,-4.150146025419235,0.014568924903869629,0.9659959077835083,0.014828153,0.1850000038743019,0.0003,398.5081515312195
,560,,0,14,6.624542419999999,755,3.26,,,,,,,,,,,
3.0,600,2.4401570558547974,,,,,,102.08319091796875,-0.015362548903214025,140,0.2,-4.136209791898727,0.011831045150756836,0.9566998481750488,0.018927261,0.11250000186264515,0.0003,113.52914488315582
,600,,0,15,6.627604120000001,775,3.32,,,,,,,,,,,
3.0,640,21.813429355621338,,,,,,427.2615661621094,-0.03691808030598622,150,0.2,-4.115092420578003,0.0022211074829101562,0.9544363021850586,0.021825932,0.27750000543892384,0.0003,367.9814322471619
,640,,0,16,7.969793219999999,794,3.31,,,,,,,,,,,
5.0,680,14.447044134140015,,,,,,162.98089599609375,-0.002049810203825464,160,0.2,-4.113183563947677,0.002771914005279541,0.9545921087265015,0.008817438,0.06500000096857547,0.0003,617.6482550621033
,680,,0,17,7.670875320000001,813,3.37,,,,,,,,,,,
5.0,720,51.46027946472168,,,,,,192.95655822753906,-0.011510467147638792,170,0.2,-4.106775480508804,-0.008847713470458984,0.9505450129508972,0.00450706,0.07250000145286321,0.0003,323.02516860961913
,720,,0,18,10.376915819999999,830,3.43,,,,,,,,,,,
4.0,760,9.294103622436523,,,,,,71.0516357421875,-0.020190251457461273,180,0.2,-4.095800566673279,0.03921478986740112,0.9480370283126831,0.035630204,0.21000000536441804,0.0003,487.0941905975342
,760,,0,19,12.666878409999999,848,3.56,,,,,,,,,,,
5.0,800,62.11421513557434,,,,,,24.640859603881836,-0.0429725875119766,190,0.2,-4.090836471319198,0.02570897340774536,0.9479751586914062,0.03598417,0.31500000730156896,0.0003,315.50155878067017
,800,,0,20,14.459025900000002,867,3.6,,,,,,,,,,,
5.0,840,23.273682594299316,,,,,,173.14364624023438,-0.013912400220579001,200,0.2,-4.089126992225647,-0.006511211395263672,0.9467986822128296,0.010486815,0.10250000171363353,0.0003,868.4113233566284
,840,,0,21,17.037635509999998,886,3.69,,,,,,,,,,,
5.0,880,43.29009389877319,,,,,,84.00992584228516,-0.01826071011764725,210,0.2,-4.088549560308456,-0.0025638341903686523,0.9474424719810486,0.021201842,0.18250000346451997,0.0003,303.9643898010254
,880,,0,22,17.4778917,906,3.6,,,,,,,,,,,
3.0,920,-1.3746623992919922,,,,,,121.21609497070312,-0.0177780972466826,220,0.2,-4.0876024723052975,-0.056830406188964844,0.9462942481040955,0.012683915,0.16750000324100256,0.0003,549.7099090576172
,920,,0,23,19.105870429999996,964,3.71,,,,,,,,,,,
1.0,960,-5.0,,,,,,45.06249237060547,0.0027982116155908397,230,0.2,-4.078476905822754,0.02824801206588745,0.9423362612724304,0.046527497,0.16000000406056641,0.0003,460.2921572685242
,960,,0,24,20.476969399999998,1004,3.74,,,,,,,,,,,
5.0,1000,1.5851449966430664,,,,,,296.2158203125,-0.01436056229329552,240,0.2,-4.067204165458679,0.02145373821258545,0.9394354820251465,0.0068748128,0.10250000189989805,0.0003,403.0766321182251
,1000,,0,25,18.59523578,1027,3.63,,,,,,,,,,,
5.0,1040,-6.584397315979004,,,,,,103.25692749023438,-0.02080764361973706,250,0.2,-4.059709054231644,0.02705395221710205,0.9381972551345825,0.027475856,0.2525000052526593,0.0003,213.45571064949036
,1040,,0,26,19.085550979999997,1048,3.69,,,,,,,,,,,
5.0,1080,46.2132408618927,,,,,,130.44557189941406,-0.019035892268584577,260,0.2,-4.0464424133300785,0.0416034460067749,0.9307365417480469,0.0218045,0.14500000271946192,0.0003,208.33298015594482
,1080,,1,27,19.30819819,1066,3.66,,,,,,,,,,,
5.0,1120,20.42897868156433,,,,,,175.1204833984375,-0.02883549889578716,270,0.2,-4.02634134888649,0.05756568908691406,0.9276699423789978,0.025637198,0.35750000812113286,0.0003,449.21601762771604
,1120,,1,28,18.86839292,1086,3.65,,,,,,,,,,,
4.0,1160,53.35383892059326,,,,,,107.62947845458984,-0.03285325289798493,280,0.2,-4.02219106554985,0.09116095304489136,0.9277420043945312,0.01376423,0.18250000420957804,0.0003,187.98779697418212
,1160,,1,29,20.698444100000003,1103,3.7,,,,,,,,,,,
5.0,1200,23.28640365600586,,,,,,225.44482421875,-0.025121452287203284,290,0.2,-4.019282871484757,0.0798497200012207,0.9265022277832031,0.011943096,0.2025000039488077,0.0003,468.3783046722412
,1200,,1,30,19.07479749,1124,3.67,,,,,,,,,,,
5.0,1240,48.892849922180176,,,,,,221.79898071289062,-0.03279280669419678,300,0.2,-4.014678144454956,0.05740159749984741,0.9251150488853455,0.02638791,0.250000006146729,0.0003,309.40729241371156
,1240,,1,31,19.127813709999998,1144,3.77,,,,,,,,,,,
5.0,1280,47.95686101913452,,,,,,182.50885009765625,-0.024065720035569026,310,0.2,-4.008985209465027,0.01114809513092041,0.9235225915908813,0.015004191,0.22750000469386578,0.0003,329.7168855190277
,1280,,1,32,20.069914089999997,1162,3.85,,,,,,,,,,,
5.0,1320,43.33971405029297,,,,,,47.99668502807617,-0.008934165035634578,320,0.2,-4.005799394845963,0.08920067548751831,0.922480046749115,0.0059903967,0.1375000024214387,0.0003,336.9464550971985
,1320,,1,33,21.933365950000002,1180,3.95,,,,,,,,,,,
5.0,1360,46.70518946647644,,,,,,225.94419860839844,-0.001408386279217666,330,0.2,-3.9990113854408262,0.11567491292953491,0.921175479888916,0.016484093,0.09000000227242708,0.0003,402.2467080116272
,1360,,1,34,21.806933080000004,1202,3.97,,,,,,,,,,,
5.0,1400,23.324594497680664,,,,,,234.58013916015625,-0.04040971977126902,340,0.2,-3.9934302031993867,-0.04777717590332031,0.9192724227905273,0.074013494,0.39750000797212126,0.0003,448.06616415977476
,1400,,1,35,24.36373225,1221,4.08,,,,,,,,,,,
5.0,1440,65.2642822265625,,,,,,106.91827392578125,-0.052973038895761417,350,0.2,-3.98725149333477,0.127602219581604,0.9181636571884155,0.020879887,0.44000001065433025,0.0003,449.6319976806641
,1440,,1,36,26.14331726,1240,4.12,,,,,,,,,,,
5.0,1480,46.11552333831787,,,,,,78.8169937133789,-0.013880789140603155,360,0.2,-3.98276823759079,0.05455142259597778,0.9163014888763428,0.008678595,0.052500000968575475,0.0003,523.6211832046508
,1480,,1,37,28.53781888,1261,4.15,,,,,,,,,,,
1.0,1520,-5.0,,,,,,311.59930419921875,-0.02191662458353676,370,0.2,-3.9753710269927978,0.15248775482177734,0.9142455458641052,0.017980594,0.12500000204890965,0.0003,489.5508282661438
,1520,,1,38,30.142618109999997,1277,4.18,,,,,,,,,,,
5.0,1560,34.46078862249851,,,,,,173.91058349609375,-0.005296151169986852,380,0.2,-3.9661131650209427,0.17018508911132812,0.9106136560440063,0.010853341,0.11000000163912774,0.0003,330.06466617584226
,1560,,1,39,31.357231719999994,1297,4.24,,,,,,,,,,,
4.0,1600,5.467444896697998,,,,,,484.2387390136719,-0.0392728769405221,390,0.2,-3.9543513745069503,0.15579015016555786,0.9075654745101929,0.011456831,0.20500000435858964,0.0003,463.5614978313446
,1600,,1,40,28.7987055,1317,4.14,,,,,,,,,,,
1.0,1640,-5.0,,,,,,132.25921630859375,-0.03534722833315751,400,0.2,-3.9455870032310485,0.01798999309539795,0.905044436454773,0.026968472,0.21750000417232512,0.0003,424.41732721328736
,1640,,1,41,29.54180512,1334,4.15,,,,,,,,,,,
3.0,1680,27.681321144104004,,,,,,123.69822692871094,-0.034992248791531885,410,0.2,-3.938980978727341,0.04036468267440796,0.9048537611961365,0.019273132,0.25500000566244124,0.0003,600.3473719596863
,1680,,1,42,30.093660860000004,1352,4.13,,,,,,,,,,,
5.0,1720,65.26634158194065,,,,,,55.61687088012695,-0.012801694704103283,420,0.2,-3.934749174118042,0.26639866828918457,0.9021191596984863,0.013205377,0.1550000024959445,0.0003,213.44335641860962
,1720,,1,43,31.52567228,1371,4.17,,,,,,,,,,,
5.0,1760,58.74655628204346,,,,,,209.21351623535156,-0.0025547175976680546,430,0.2,-3.9225810170173645,0.18788272142410278,0.8991207480430603,0.007326305,0.12750000227242708,0.0003,594.3300357818604
,1760,,1,44,31.93341319,1389,4.14,,,,,,,,,,,
5.0,1800,67.0036392211914,,,,,,337.73358154296875,-0.024055477125875767,440,0.2,-3.918278548121452,0.03989142179489136,0.9005188941955566,0.009919919,0.19750000406056642,0.0003,402.8555551528931
,1800,,1,45,34.54509353,1406,4.26,,,,,,,,,,,
2.0,1840,4.345449447631836,,,,,,194.70973205566406,-0.004770248356217055,450,0.2,-3.9210430145263673,0.24558371305465698,0.9016117453575134,0.010717129,0.16000000312924384,0.0003,376.8920437812805
,1840,,1,46,34.96497879,1424,4.24,,,,,,,,,,,
5.0,1880,79.37138366699219,,,,,,315.4661560058594,-0.016842068601035855,460,0.2,-3.9220918297767637,0.08683711290359497,0.9010915160179138,0.014698007,0.17250000331550835,0.0003,565.3534045219421
,1880,,1,47,34.80287111,1443,4.24,,,,,,,,,,,
5.0,1920,91.03604412078857,,,,,,584.0458374023438,-0.02216906814021058,470,0.2,-3.913696953654289,0.16117751598358154,0.8982536196708679,0.025112405,0.21500000432133676,0.0003,636.5104546546936
,1920,,1,48,36.43076695,1461,4.25,,,,,,,,,,,
2.0,1960,11.007793426513672,,,,,,332.0330505371094,-0.03235280756984138,480,0.2,-3.905493700504303,0.07696938514709473,0.8965920209884644,0.010849133,0.2525000056251884,0.0003,837.2080199241639
,1960,,1,49,35.98496445,1479,4.21,,,,,,,,,,,
5.0,2000,-13.00517189502716,,,,,,86.40890502929688,-0.01462766665528763,490,0.2,-3.8983528316020966,0.1993657350540161,0.8935338854789734,0.019169804,0.2000000039115548,0.0003,335.9738441824913
,2000,,1,50,38.17423187,1498,4.29,,,,,,,,,,,
5.0,2040,82.40484619140625,,,,,,219.35000610351562,-0.02227739831796498,500,0.2,-3.883530655503273,0.15775632858276367,0.8891154527664185,0.008008168,0.11000000182539224,0.0003,524.7214719772339
,2040,,1,51,40.814136340000005,1516,4.32,,,,,,,,,,,
5.0,2080,40.93172883987427,,,,,,375.0572509765625,-0.009681054699904056,510,0.2,-3.8728861689567564,0.1433868408203125,0.887537956237793,0.011237633,0.12500000204890965,0.0003,784.3015964508056
,2080,,1,52,42.64792733,1533,4.32,,,,,,,,,,,
3.0,2120,17.51131534576416,,,,,,89.79463958740234,-0.040946329245343804,520,0.2,-3.8612553983926774,0.21636170148849487,0.8830744624137878,0.03135773,0.35250000897794964,0.0003,584.2823714256286
,2120,,1,53,42.27890999,1552,4.29,,,,,,,,,,,
4.0,2160,48.83551788330078,,,,,,733.1004638671875,-0.010728049695753727,530,0.2,-3.8477598994970323,0.19120818376541138,0.8811714053153992,0.020129118,0.11750000193715096,0.0003,493.09903581142424
,2160,,1,54,42.43962983,1572,4.28,,,,,,,,,,,
4.0,2200,46.31394386291504,,,,,,70.17833709716797,-0.01479055892341421,540,0.2,-3.8408611953258514,0.2611686587333679,0.8793815970420837,0.009229535,0.3600000085309148,0.0003,259.0997392654419
,2200,,1,55,43.38202423,1590,4.25,,,,,,,,,,,
5.0,2240,34.26763102412224,,,,,,541.507568359375,-0.026229141369403842,550,0.2,-3.8368396282196047,0.060429394245147705,0.8798197507858276,0.014789543,0.19250000398606062,0.0003,839.453420829773
,2240,,1,56,43.35782814,1608,4.24,,,,,,,,,,,
5.0,2280,59.637529373168945,,,,,,314.5914306640625,-0.02509348034473078,560,0.2,-3.835294744372368,0.02511155605316162,0.8779563307762146,0.021809325,0.1925000037997961,0.0003,419.75586729049684
,2280,,1,57,44.62361729000001,1627,4.32,,,,,,,,,,,
5.0,2320,66.86643314361572,,,,,,268.4952392578125,-0.008515875856392085,570,0.2,-3.820662647485733,0.3213631510734558,0.8709698915481567,0.02495252,0.20250000432133675,0.0003,365.1059583902359
,2320,,1,58,42.699687299999994,1645,4.31,,,,,,,,,,,
5.0,2360,40.964408457279205,,,,,,37.5386962890625,-0.02682982104102848,580,0.2,-3.7999601900577544,0.19262093305587769,0.8673526644706726,0.07136375,0.33250000774860383,0.0003,475.96948566436765
,2360,,1,59,41.99990853,1662,4.31,,,,,,,,,,,
5.0,2400,85.93891668319702,,,,,,186.0780029296875,-0.021110446579696147,590,0.2,-3.783678078651428,0.02695465087890625,0.8611090183258057,0.014072988,0.2000000039115548,0.0003,636.0965722084045
,2400,,1,60,44.33591575000001,1680,4.32,,,,,,,,,,,
5.0,2440,25.430727005004883,,,,,,532.895751953125,-0.01905474755913019,600,0.2,-3.76815744638443,0.036016643047332764,0.8600694537162781,0.014656629,0.1375000024214387,0.0003,776.8334603309631
,2440,,1,61,43.330960950000005,1698,4.34,,,,,,,,,,,
5.0,2480,82.57688999176025,,,,,,35.552978515625,-0.021018766395718556,610,0.2,-3.7609923243522645,0.12610399723052979,0.8559722900390625,0.045502767,0.27000000663101675,0.0003,445.47723350524905
,2480,,1,62,44.338757369999996,1714,4.4,,,,,,,,,,,
5.0,2520,68.16734409332275,,,,,,123.19515991210938,-0.011948529498185945,620,0.2,-3.7493278831243515,0.23562735319137573,0.8550328612327576,0.03723497,0.15000000298023225,0.0003,382.63208093643186
,2520,,1,63,44.93939607,1731,4.44,,,,,,,,,,,
5.0,2560,49.92583656311035,,,,,,161.26284790039062,0.007631909528572578,630,0.2,-3.7430020391941072,0.16170984506607056,0.8531103134155273,0.03938561,0.4350000098347664,0.0003,454.2094138622284
,2560,,1,64,45.63164373999999,1749,4.47,,,,,,,,,,,
5.0,2600,40.70289123058319,,,,,,104.99895477294922,-0.006626700247179551,640,0.2,-3.7347171306610107,0.37029141187667847,0.850993812084198,0.008075369,0.11000000182539224,0.0003,270.6827455997467
,2600,,1,65,46.92709422,1766,4.46,,,,,,,,,,,
3.0,2640,26.16067409515381,,,,,,264.7044677734375,0.005816566169814896,650,0.2,-3.7281511962413787,0.11092990636825562,0.8497636318206787,0.022132598,0.1925000037997961,0.0003,542.4986688613892
,2640,,1,66,46.70580221,1781,4.48,,,,,,,,,,,
5.0,2680,67.26921606063843,,,,,,116.74321746826172,-0.03657614676931189,660,0.2,-3.7255771577358248,0.27564090490341187,0.8501447439193726,0.03176059,0.3625000089406967,0.0003,457.29512348175047
,2680,,1,67,49.04335533,1797,4.53,,,,,,,,,,,
5.0,2720,45.45788645744324,,,,,,70.05934143066406,-0.0273018910974497,670,0.2,-3.727387312054634,0.23407632112503052,0.851244330406189,0.027072836,0.2650000061839819,0.0003,640.1795144557952
,2720,,1,68,50.10555834000001,1816,4.5,,,,,,,,,,,
2.0,2760,7.867457389831543,,,,,,391.7626037597656,-0.012882053575876861,680,0.2,-3.730060252547264,0.12098002433776855,0.852175235748291,0.022804322,0.20750000439584254,0.0003,621.3680055618286
,2760,,1,69,52.55839357000001,1831,4.48,,,,,,,,,,,
5.0,2800,92.39138126373291,,,,,,587.0448608398438,-0.013068693475543115,690,0.2,-3.727952429652214,0.16507667303085327,0.8499444723129272,0.019771008,0.10750000234693288,0.0003,695.4818330764771
,2800,,1,70,52.642002579999996,1850,4.48,,,,,,,,,,,
5.0,2840,78.70022010803223,,,,,,379.3739929199219,-0.02100112652213284,700,0.2,-3.7176916867494585,0.05712127685546875,0.8461905717849731,0.037499655,0.3125000072643161,0.0003,815.4935748100281
,2840,,1,71,52.959505300000004,1866,4.56,,,,,,,,,,,
5.0,2880,86.07829093933105,,,,,,150.64430236816406,-0.06473913810506926,710,0.2,-3.707445925474167,0.2905171513557434,0.8446852564811707,0.11440309,0.48500000927597287,0.0003,520.7182733535767
,2880,,1,72,53.13382816999999,1886,4.61,,,,,,,,,,,
5.0,2920,84.13411882519722,,,,,,597.3204956054688,-0.03634660554336733,720,0.2,-3.7013593673706056,0.13013297319412231,0.8420130014419556,0.030884348,0.25000000558793545,0.0003,750.6631757736207
,2920,,1,73,54.18162392,1904,4.59,,,,,,,,,,,
4.0,2960,55.145904541015625,,,,,,258.3533020019531,-0.02147201610809134,730,0.2,-3.6930481046438217,0.11750644445419312,0.8420965671539307,0.022523258,0.36250000819563866,0.0003,759.2768745422363
,2960,,1,74,52.81569454,1923,4.58,,,,,,,,,,,
5.0,3000,62.83333969116211,,,,,,111.6113510131836,-0.003322893172153263,740,0.2,-3.686297005414963,0.33456337451934814,0.8366473913192749,0.031895366,0.4375000100582838,0.0003,218.3159631729126
,3000,,1,75,52.314077129999994,1941,4.47,,,,,,,,,,,
5.0,3040,76.80239677429199,,,,,,311.47967529296875,-0.005714454960689186,750,0.2,-3.6637458384037016,0.08536988496780396,0.8323754072189331,0.018105377,0.15500000305473804,0.0003,610.8570434570313
,3040,,1,76,53.00146883000002,1960,4.5,,,,,,,,,,,
5.0,3080,71.57926082611084,,,,,,256.35992431640625,-0.016789472123382422,760,0.2,-3.647251436114311,0.28034114837646484,0.8283774256706238,0.038344212,0.40500001050531864,0.0003,582.3427627563476
,3080,,1,77,53.09942181,1978,4.44,,,,,,,,,,,
5.0,3120,100.5514907836914,,,,,,295.79681396484375,-0.016333320151024955,770,0.2,-3.637953218817711,0.1574893593788147,0.8278157114982605,0.029348375,0.38000000901520253,0.0003,804.1753805160522
,3120,,1,78,52.39623288,1995,4.45,,,,,,,,,,,
5.0,3160,84.15140628814697,,,,,,126.74952697753906,-0.02397328528830256,780,0.2,-3.6330432415008547,0.17932546138763428,0.8259599208831787,0.016845774,0.24250000584870576,0.0003,635.2025625228882
,3160,,1,79,52.144884929999996,2012,4.51,,,,,,,,,,,
5.0,3200,94.3600492477417,,,,,,90.10556030273438,-0.0065730993731995205,790,0.2,-3.6168036282062532,0.2918465733528137,0.8202351331710815,0.010838989,0.12000000197440386,0.0003,388.9368768692017
,3200,,1,80,51.325602919999994,2029,4.5,,,,,,,,,,,
5.0,3240,36.825111865997314,,,,,,288.31744384765625,-0.0030274601449491456,800,0.2,-3.5952175199985503,0.22315073013305664,0.817509114742279,0.01116915,0.20750000458210707,0.0003,439.3346606254578
,3240,,1,81,51.92168196999999,2045,4.5,,,,,,,,,,,
5.0,3280,99.85826873779297,,,,,,172.2480926513672,-0.0017159025688306517,810,0.2,-3.5777182042598725,0.21028101444244385,0.8110553026199341,0.032107145,0.2750000059604645,0.0003,421.08834013938906
,3280,,1,82,52.85676902,2062,4.52,,,,,,,,,,,
5.0,3320,78.63315391540527,,,,,,46.212162017822266,-0.013331261329803968,820,0.2,-3.561389979720116,0.3560308814048767,0.8108472228050232,0.03120863,0.2400000046938658,0.0003,368.2948187351227
,3320,,1,83,55.10043358000001,2080,4.52,,,,,,,,,,,
5.0,3360,45.099486351013184,,,,,,290.9123840332031,-0.027324931830225975,830,0.2,-3.5568132638931274,0.2425236701965332,0.8098268508911133,0.01643116,0.15500000286847354,0.0003,525.363562965393
,3360,,1,84,55.67480125999999,2097,4.56,,,,,,,,,,,
5.0,3400,20.42671224474907,,,,,,55.66529083251953,-0.020900497749607894,840,0.2,-3.5488785922527315,0.38582563400268555,0.808146595954895,0.015607716,0.21250000447034836,0.0003,310.6994507789612
,3400,,1,85,56.459837589999985,2113,4.58,,,,,,,,,,,
5.0,3440,89.49803733825684,,,,,,249.5780792236328,-0.042957244821882345,850,0.2,-3.5408049017190932,0.30560314655303955,0.8059856295585632,0.043968774,0.33000000678002833,0.0003,475.06328225135803
,3440,,1,86,58.272250490000005,2130,4.63,,,,,,,,,,,
5.0,3480,72.38687062263489,,,,,,409.78607177734375,-0.03624042166877189,860,0.2,-3.5294322967529297,0.22556936740875244,0.8033515810966492,0.019045888,0.4525000110268593,0.0003,662.9650541782379
,3480,,1,87,60.54413809999999,2147,4.69,,,,,,,,,,,
5.0,3520,67.02042555809021,,,,,,358.9012756347656,-0.012256268242344959,870,0.2,-3.52244111597538,0.3300219178199768,0.8014633059501648,0.09856452,0.24500000439584255,0.0003,570.5647830963135
,3520,,1,88,59.29443269,2164,4.66,,,,,,,,,,,
5.0,3560,34.21838092803955,,,,,,811.5506591796875,-0.01700824772233318,880,0.2,-3.5180847346782684,0.07357281446456909,0.8022145628929138,0.010119063,0.11750000230967998,0.0003,748.9173761367798
,3560,,1,89,58.70557252999999,2181,4.68,,,,,,,,,,,
5.0,3600,58.63934803009033,,,,,,304.8409729003906,-0.022887032647922755,890,0.2,-3.513575965166092,0.31266874074935913,0.7997437715530396,0.014743375,0.21250000428408383,0.0003,387.3325380325317
,3600,,1,90,58.14333011000001,2198,4.64,,,,,,,,,,,
5.0,3640,69.38818895816803,,,,,,113.53596496582031,-0.026846875163173543,900,0.2,-3.4976930916309357,-0.2788294553756714,0.7953705191612244,0.072068445,0.37250000797212124,0.0003,496.99985827207564
,3640,,1,91,59.27140365999999,2215,4.66,,,,,,,,,,,
5.0,3680,73.52212727069855,,,,,,121.46725463867188,-0.028447900444443786,910,0.2,-3.4865043997764587,0.44052207469940186,0.7921988368034363,0.056626707,0.3300000062212348,0.0003,279.3914158821106
,3680,,1,92,60.91744103,2231,4.67,,,,,,,,,,,
5.0,3720,75.6234622001648,,,,,,77.99407196044922,-0.0026611722048983212,920,0.2,-3.47829070687294,0.4386703372001648,0.7930750846862793,0.01835857,0.25000000540167094,0.0003,309.4727443695068
,3720,,1,93,61.17922154,2249,4.67,,,,,,,,,,,
5.0,3760,72.67255973815918,,,,,,183.4749298095703,-0.0022541763300978346,930,0.2,-3.4814666360616684,0.2315279245376587,0.7938289642333984,0.056273155,0.19750000443309546,0.0003,537.3088888168335
,3760,,1,94,59.56454880000001,2266,4.59,,,,,,,,,,,
5.0,3800,81.47407150268555,,,,,,207.12208557128906,-0.008689017944270749,940,0.2,-3.4792926788330076,0.2321057915687561,0.7921838760375977,0.014668198,0.23000000398606063,0.0003,570.69459400177
,3800,,1,95,60.518520759999994,2282,4.59,,,,,,,,,,,
5.0,3840,85.47782516479492,,,,,,198.42909240722656,-0.015093505414188257,950,0.2,-3.4695396810770034,0.20391035079956055,0.7903910875320435,0.011117195,0.2000000039115548,0.0003,572.6215235710144
,3840,,1,96,61.78209081999999,2300,4.58,,,,,,,,,,,
5.0,3880,48.14273738861084,,,,,,165.0035858154297,-0.016600005088494064,960,0.2,-3.4625949054956435,0.36227381229400635,0.7890074253082275,0.048560645,0.14750000275671482,0.0003,468.3041192054749
,3880,,1,97,63.790576220000005,2318,4.56,,,,,,,,,,,
5.0,3920,79.06440258026123,,,,,,19.35541343688965,-0.014948695883467745,970,0.2,-3.453671857714653,0.1860809326171875,0.7862047553062439,0.034212254,0.3350000077858567,0.0003,588.7280220985413
,3920,,1,98,61.807953899999994,2335,4.53,,,,,,,,,,,
4.0,3960,25.626721620559692,,,,,,288.52923583984375,-0.03302399329510195,980,0.2,-3.442360442876816,0.2939103841781616,0.7825828790664673,0.026279509,0.2650000061839819,0.0003,577.8798373222351
,3960,,1,99,62.35374389,2352,4.56,,,,,,,,,,,
4.0,4000,42.066222190856934,,,,,,78.28595733642578,-0.012774393184445221,990,0.2,-3.434428337216377,0.22401517629623413,0.7831417322158813,0.0076554767,0.19250000398606062,0.0003,527.3764729499817
,4000,,1,100,64.12720564,2369,4.59,,,,,,,,,,,
5.0,4040,80.50088882446289,,,,,,361.0150451660156,-0.00736087417753879,1000,0.2,-3.423848178982735,0.3666306138038635,0.7789807319641113,0.020463068,0.34750000685453414,0.0003,455.07456793785093
,4040,,1,101,65.4791431,2386,4.59,,,,,,,,,,,
5.0,4080,35.85693693161011,,,,,,101.34554290771484,0.023965033306594708,1010,0.2,-3.4107034713029862,0.35964637994766235,0.7774629592895508,0.020122837,0.42000000886619093,0.0003,445.2556827485561
,4080,,1,102,67.95836621999999,2406,4.64,,,,,,,,,,,
5.0,4120,105.54387378692627,,,,,,161.00457763671875,-0.005877262969734143,1020,0.2,-3.408749741315842,0.2769995331764221,0.7777024507522583,0.014078748,0.30250000711530445,0.0003,443.4247176170349
,4120,,1,103,69.96319104,2424,4.66,,,,,,,,,,,
5.0,4160,48.40799176692963,,,,,,174.33799743652344,-0.02710117655835349,1030,0.2,-3.405952271819115,0.3450295329093933,0.776026725769043,0.026401374,0.3075000075623393,0.0003,560.46116771698
,4160,,1,104,69.53399562999999,2443,4.62,,,,,,,,,,,
5.0,4200,86.55240488052368,,,,,,357.8482360839844,-0.006167407000320968,1040,0.2,-3.4006278425455094,0.14091986417770386,0.774632453918457,0.012896017,0.33000000808387997,0.0003,753.7569105148316
,4200,,1,105,70.53961897,2459,4.63,,,,,,,,,,,
5.0,4240,101.07516670227051,,,,,,464.1878967285156,0.018662418661770052,1050,0.2,-3.3957568645477294,0.24064016342163086,0.774323582649231,0.03485322,0.3925000075250864,0.0003,572.7564966201783
,4240,,1,106,71.84580902,2475,4.63,,,,,,,,,,,
5.0,4280,83.28234672546387,,,,,,214.6365966796875,-0.011230655581312022,1060,0.2,-3.395146903395653,0.3004835844039917,0.7739195823669434,0.110553116,0.2875000050291419,0.0003,620.4173480033875
,4280,,1,107,70.39303081999998,2492,4.58,,,,,,,,,,,
5.0,4320,106.63977813720703,,,,,,782.3340454101562,-0.029827840331126933,1070,0.2,-3.3935285300016402,0.18165528774261475,0.7735966444015503,0.02304085,0.28250000551342963,0.0003,787.44453830719
,4320,,1,108,70.66649745,2509,4.61,,,,,,,,,,,
5.0,4360,83.95438504219055,,,,,,378.27490234375,-0.026575529120309492,1080,0.2,-3.3794778168201445,0.20399582386016846,0.7696442604064941,0.041710593,0.32750000674277546,0.0003,699.507326889038
,4360,,1,109,71.48003048999999,2527,4.57,,,,,,,,,,,
5.0,4400,64.32148623466492,,,,,,228.0040740966797,-0.03388041649566729,1090,0.2,-3.3708364576101304,0.32080256938934326,0.7701150178909302,0.034125276,0.32000000681728125,0.0003,641.9499544143677
,4400,,1,110,72.20980232999999,2545,4.55,,,,,,,,,,,
5.0,4440,49.58376717567444,,,,,,201.3280792236328,0.01442176138341893,1100,0.2,-3.3775000303983687,0.28081512451171875,0.7724704146385193,0.24415223,0.6975000062957406,0.0003,492.31960532665255
,4440,,1,111,72.23611570999999,2561,4.58,,,,,,,,,,,
5.0,4480,76.1386194229126,,,,,,204.60870361328125,-0.018131161703495314,1110,0.2,-3.3825947016477587,0.3207353949546814,0.7736625671386719,0.023313198,0.3075000071898103,0.0003,417.79076728820803
,4480,,1,112,71.73495898,2579,4.57,,,,,,,,,,,
5.0,4520,49.47934913635254,,,,,,54.45825958251953,-0.007244086554128448,1120,0.2,-3.3788828283548353,0.32857006788253784,0.7717688083648682,0.006758547,0.20250000413507224,0.0003,495.91058654785155
,4520,,1,113,70.06977254000002,2596,4.56,,,,,,,,,,,
5.0,4560,99.16989326477051,,,,,,129.99378967285156,0.018481683140271342,1130,0.2,-3.3619869619607927,0.17290371656417847,0.7665122747421265,0.056692794,0.2500000050291419,0.0003,633.5435220718384
,4560,,1,114,68.73682841,2611,4.54,,,,,,,,,,,
5.0,4600,96.52174758911133,,,,,,159.2721405029297,-0.01707572933071786,1140,0.2,-3.3484816372394564,0.2974253296852112,0.7657932043075562,0.044448666,0.23750000577419997,0.0003,372.1003034591675
,4600,,1,115,69.47723349,2628,4.58,,,,,,,,,,,
5.0,4640,57.01407051086426,,,,,,152.0550537109375,-0.010261954448069455,1150,0.2,-3.3407912999391556,0.36066102981567383,0.7605760097503662,0.009703365,0.14250000230968,0.0003,430.7446057677269
,4640,,1,116,69.85684172,2644,4.61,,,,,,,,,,,
5.0,4680,39.56137052597478,,,,,,188.9403533935547,-0.028769027089729206,1160,0.2,-3.322394201159477,0.165871262550354,0.7597059011459351,0.010091078,0.13750000279396773,0.0003,677.3741773605346
,4680,,1,117,69.51449299,2661,4.61,,,,,,,,,,,
5.0,4720,59.48633289337158,,,,,,143.5411834716797,-0.008649447443021919,1170,0.2,-3.316417247056961,0.397896409034729,0.7585629820823669,0.015214322,0.17500000316649675,0.0003,479.6798146724701
,4720,,1,118,70.08501697,2678,4.66,,,,,,,,,,,
5.0,4760,99.30305004119873,,,,,,163.03965759277344,-0.028282506644609386,1180,0.2,-3.3082733869552614,0.31361955404281616,0.7561417818069458,0.030831777,0.4175000101327896,0.0003,531.8242294311524
,4760,,1,119,72.21736913999999,2695,4.71,,,,,,,,,,,
5.0,4800,63.6931312084198,,,,,,278.9014892578125,-0.002388996162844703,1190,0.2,-3.302681750059128,0.32685619592666626,0.7575871348381042,0.023854986,0.3075000075623393,0.0003,672.46019115448
,4800,,1,120,71.47501731999999,2713,4.67,,,,,,,,,,,
5.0,4840,74.55504989624023,,,,,,86.55419158935547,-0.0022490302003279838,1200,0.2,-3.3045759052038193,0.2721347212791443,0.7558628916740417,0.02818057,0.16000000294297934,0.0003,579.4583326339722
,4840,,1,121,72.62567141000001,2730,4.75,,,,,,,,,,,
5.0,4880,81.22780513763428,,,,,,115.62953186035156,-0.009587767090270061,1210,0.2,-3.2963262528181074,0.4117138385772705,0.756089448928833,0.015600711,0.14500000290572643,0.0003,363.8532675743103
,4880,,1,122,72.33297951,2747,4.71,,,,,,,,,,,
5.0,4920,87.693186044693,,,,,,269.02203369140625,0.003448383305403713,1220,0.2,-3.2945884466171265,0.29906606674194336,0.7550199031829834,0.037086673,0.22000000327825547,0.0003,470.204465675354
,4920,,1,123,71.70151206,2764,4.67,,,,,,,,,,,
5.0,4960,82.96555519104004,,,,,,288.78875732421875,-0.012067326612304896,1230,0.2,-3.28886636197567,0.11560285091400146,0.7535166144371033,0.036566835,0.4000000078231096,0.0003,804.9349007844925
,4960,,1,124,71.87635979000001,2782,4.62,,,,,,,,,,,
5.0,5000,105.22114753723145,,,,,,301.7532958984375,-0.025674624315870465,1240,0.2,-3.2865098893642424,0.12985432147979736,0.7543267011642456,0.010364656,0.19750000368803738,0.0003,956.8772075653076
,5000,,1,125,73.66462109999999,2798,4.64,,,,,,,,,,,
5.0,5040,105.40414428710938,,,,,,126.15150451660156,-0.011356476907458274,1250,0.2,-3.286998263001442,0.35114961862564087,0.755893886089325,0.02577607,0.16750000324100256,0.0003,598.4013810157776
,5040,,1,126,74.3162529,2814,4.63,,,,,,,,,,,
5.0,5080,89.43316793441772,,,,,,143.3826446533203,-0.02849075229078153,1260,0.2,-3.2857867419719695,0.30167168378829956,0.7558803558349609,0.06869556,0.5525000119581819,0.0003,582.9195257663727
,5080,,1,127,74.67998338,2829,4.66,,,,,,,,,,,
5.0,5120,107.34000396728516,,,,,,180.7497100830078,-0.021883532773354086,1270,0.2,-3.2853110790252686,0.2827763557434082,0.7527377605438232,0.06251915,0.32750000786036254,0.0003,454.1011458039284
,5120,,1,128,73.95286527,2846,4.6,,,,,,,,,,,
5.0,5160,100.99277019500732,,,,,,582.3690795898438,0.0037231330301437993,1280,0.2,-3.275548481941223,0.19849520921707153,0.7526609897613525,0.11029963,0.2550000037997961,0.0003,691.2500955581665
,5160,,1,129,74.14910483,2861,4.62,,,,,,,,,,,
5.0,5200,71.48022365570068,,,,,,138.5364990234375,0.024342494102238543,1290,0.2,-3.274276950955391,0.4838997721672058,0.7518877983093262,0.043360516,0.5050000112503767,0.0003,362.3267643928528
,5200,,1,130,74.24074676000001,2877,4.64,,,,,,,,,,,
5.0,5240,66.13696479797363,,,,,,70.29515838623047,-0.02144509644713253,1300,0.2,-3.2729697823524475,0.4486303925514221,0.7530878782272339,0.07957496,0.37500000838190317,0.0003,212.26226744651794
,5240,,1,131,72.36359236000001,2894,4.62,,,,,,,,,,,
5.0,5280,81.42798042297363,,,,,,87.64276123046875,-0.03237600024031053,1310,0.2,-3.272598424553871,0.34087586402893066,0.751797616481781,0.019495517,0.2725000068545341,0.0003,468.86417350769045
,5280,,1,132,73.65785422,2910,4.6,,,,,,,,,,,
3.0,5320,13.435267567634583,,,,,,273.0233154296875,-0.03645513770927207,1320,0.2,-3.26233686208725,0.160150408744812,0.748786449432373,0.02206451,0.2700000051409006,0.0003,790.758163356781
,5320,,1,133,71.56004151,2927,4.54,,,,,,,,,,,
5.0,5360,98.57572817802429,,,,,,749.134765625,-0.032636286223969364,1330,0.2,-3.2501206398010254,0.07209748029708862,0.7473251223564148,0.0368468,0.3125000063329935,0.0003,1131.871212387085
,5360,,1,134,70.03620123,2942,4.51,,,,,,,,,,,
5.0,5400,85.42740201950073,,,,,,105.0905990600586,-0.018816245166963196,1340,0.2,-3.241866999864578,0.14942419528961182,0.7452898025512695,0.026431816,0.3100000062957406,0.0003,644.0162302970887
,5400,,1,135,72.98193154999998,2959,4.6,,,,,,,,,,,
5.0,5440,109.00097274780273,,,,,,79.01659393310547,-0.02076504357180966,1350,0.2,-3.2350361168384554,0.29714274406433105,0.7450973391532898,0.019021574,0.30250000581145287,0.0003,542.0450105190278
,5440,,1,136,72.14824469,2975,4.6,,,,,,,,,,,
5.0,5480,73.79225397109985,,,,,,69.38555145263672,-0.0021313517205999053,1360,0.2,-3.2268628805875776,0.49143850803375244,0.740210771560669,0.29150993,0.3600000061094761,0.0003,359.6974044799805
,5480,,1,137,70.76843842,2991,4.56,,,,,,,,,,,
5.0,5520,75.43309682607651,,,,,,305.4091796875,-0.042421928297844726,1370,0.2,-3.2118669748306274,0.3143853545188904,0.7378098964691162,0.14860927,0.36250000782310965,0.0003,662.7809302330018
,5520,,1,138,69.98261154000001,3007,4.51,,,,,,,,,,,
5.0,5560,53.126330852508545,,,,,,318.3377990722656,-0.015410359732341016,1380,0.2,-3.2003629475831987,0.38111597299575806,0.7371395826339722,0.017516814,0.20250000525265932,0.0003,532.4249273777008
,5560,,1,139,69.41181537,3026,4.51,,,,,,,,,,,
5.0,5600,112.99562644958496,,,,,,392.216796875,0.0018524437692394758,1390,0.2,-3.1977753311395647,0.1963830590248108,0.7385918498039246,0.01229099,0.24250000473111868,0.0003,696.5676577568054
,5600,,1,140,67.38024852,3044,4.43,,,,,,,,,,,
5.0,5640,98.17230939865112,,,,,,515.5593872070312,-0.00930968440203287,1400,0.2,-3.1974184632301332,0.147710382938385,0.7380205988883972,0.019191505,0.24500000514090062,0.0003,753.1099864959717
,5640,,1,141,68.52146467,3060,4.43,,,,,,,,,,,
5.0,5680,87.16434288024902,,,,,,125.056396484375,0.10700633429017223,1410,0.2,-3.2018825352191924,0.5055359303951263,0.7410496473312378,0.05863437,0.6525000115856529,0.0003,333.0425022125244
,5680,,1,142,67.20358355,3079,4.36,,,,,,,,,,,
5.0,5720,73.71639633178711,,,,,,335.7970886230469,-0.010482034187880341,1420,0.2,-3.2081618875265123,0.06128495931625366,0.7405614852905273,0.018827211,0.2100000038743019,0.0003,890.3082637786865
,5720,,1,143,67.00286627999999,3097,4.44,,,,,,,,,,,
5.0,5760,100.68582725524902,,,,,,114.23854064941406,-0.0034427178044279527,1430,0.2,-3.191725325584412,0.4655613899230957,0.7354700565338135,0.017335745,0.2650000050663948,0.0003,341.9732884407043
,5760,,1,144,68.09829769,3112,4.47,,,,,,,,,,,
4.0,5800,55.01418113708496,,,,,,92.04002380371094,0.0014583066189516104,1440,0.2,-3.175103461742401,0.2368175983428955,0.7349423766136169,0.018548282,0.29000000692903993,0.0003,609.881565952301
,5800,,1,145,69.36483050999999,3130,4.48,,,,,,,,,,,
5.0,5840,92.83105564117432,,,,,,368.10577392578125,-0.015141508438391616,1450,0.2,-3.17121259868145,0.20282143354415894,0.733842134475708,0.026955904,0.4675000099465251,0.0003,947.9005613327026
,5840,,1,146,71.05887600999999,3145,4.55,,,,,,,,,,,
5.0,5880,104.28866481781006,,,,,,201.48902893066406,-0.010424474826431763,1460,0.2,-3.1687670230865477,0.5860421657562256,0.7338998317718506,0.045446,0.3300000073388219,0.0003,263.50001273155215
,5880,,1,147,71.73417493999999,3160,4.55,,,,,,,,,,,
4.0,5920,43.67106342315674,,,,,,201.02993774414062,-0.01808734845420985,1470,0.2,-3.1718009412288666,0.500186949968338,0.7368645071983337,0.0073178783,0.2750000059604645,0.0003,327.1874282836914
,5920,,1,148,70.16973225,3177,4.49,,,,,,,,,,,
5.0,5960,90.49659931659698,,,,,,864.6373291015625,-0.020549972759326886,1480,0.2,-3.1743488758802414,0.04547232389450073,0.7363406419754028,0.051939234,0.2775000067427754,0.0003,1158.3385610580444
,5960,,1,149,73.17512227,3194,4.56,,,,,,,,,,,
5.0,6000,100.40293979644775,,,,,,212.88922119140625,-0.014887589436548299,1490,0.2,-3.169098547101021,0.5030810832977295,0.7348949313163757,0.0106797265,0.2525000050663948,0.0003,470.1844624996185
,6000,,1,150,72.18072968999999,3211,4.49,,,,,,,,,,,
5.0,6040,92.72574424743652,,,,,,292.8558044433594,-0.01656858188303887,1500,0.2,-3.162005889415741,-0.022137045860290527,0.7332789301872253,0.030591372,0.3700000086799264,0.0003,1188.276791381836
,6040,,1,151,74.40851519,3227,4.53,,,,,,,,,,,
5.0,6080,102.41249656677246,,,,,,264.2203674316406,-0.008638424342425422,1510,0.2,-3.156075429916382,0.4518962502479553,0.7334855794906616,0.018879702,0.34000000804662706,0.0003,496.0138214111328
,6080,,1,152,75.33028248000001,3242,4.57,,,,,,,,,,,
4.0,6120,51.469825744628906,,,,,,334.7507019042969,-0.02840986306910054,1520,0.2,-3.1414673894643785,0.39972352981567383,0.7293158769607544,0.072392136,0.4125000089406967,0.0003,486.56639556884767
,6120,,1,153,75.95216973000001,3258,4.57,,,,,,,,,,,
5.0,6160,100.77792835235596,,,,,,445.60186767578125,-0.02194168244284811,1530,0.2,-3.126651847362518,0.2799961566925049,0.7255945205688477,0.016957764,0.2750000059604645,0.0003,678.9360885620117
,6160,,1,154,76.95308161,3275,4.61,,,,,,,,,,,
5.0,6200,84.99901628494263,,,,,,582.5733642578125,-0.010822199742542582,1540,0.2,-3.1157256424427033,0.3413839340209961,0.725071132183075,0.019514043,0.3425000077113509,0.0003,495.016419839859
,6200,,1,155,77.10229159,3291,4.59,,,,,,,,,,,
5.0,6240,83.3718752861023,,,,,,537.8088989257812,-0.0046812419383786665,1550,0.2,-3.109445849061012,0.26194489002227783,0.7223922610282898,0.02149786,0.19000000339001416,0.0003,624.3256424903869
,6240,,1,156,78.30732935,3308,4.59,,,,,,,,,,,
5.0,6280,47.34979498386383,,,,,,268.601318359375,-0.012422605237243256,1560,0.2,-3.0989781856536864,0.18854635953903198,0.7223042249679565,0.01132184,0.1900000035762787,0.0003,865.7198112487793
,6280,,1,157,75.64767333,3324,4.56,,,,,,,,,,,
5.0,6320,95.56680679321289,,,,,,303.3927917480469,-0.03354309917303908,1570,0.2,-3.0965537458658217,0.1634160280227661,0.7225593328475952,0.022119317,0.4750000100582838,0.0003,563.7667093753814
,6320,,1,158,74.16178329999998,3340,4.53,,,,,,,,,,,
2.0,6360,16.533727645874023,,,,,,293.488037109375,-0.02260885491261433,1580,0.2,-3.0908376961946487,0.16309893131256104,0.7196218967437744,0.031506177,0.3525000078603625,0.0003,632.8025079727173
,6360,,1,159,74.62811350000001,3355,4.54,,,,,,,,,,,
5.0,6400,82.97028923034668,,,,,,312.7624816894531,-0.026166876165443685,1590,0.2,-3.0774213135242463,0.12481689453125,0.7173700332641602,0.079013586,0.4550000110641122,0.0003,764.0535509109498
,6400,,1,160,74.6349282,3373,4.53,,,,,,,,,,,
5.0,6440,79.64766359329224,,,,,,1710.924560546875,-0.013830199635121975,1600,0.2,-3.0687848716974258,0.2234954833984375,0.716336190700531,0.03560359,0.340000007674098,0.0003,1449.5990049362183
,6440,,1,161,75.06602573,3390,4.56,,,,,,,,,,,
5.0,6480,90.72291469573975,,,,,,255.77711486816406,-0.023284622368628338,1610,0.2,-3.06116426885128,0.4208639860153198,0.7154377698898315,0.011772219,0.3575000086799264,0.0003,505.8906993865967
,6480,,1,162,76.68776519,3406,4.63,,,,,,,,,,,
5.0,6520,94.77034378051758,,,,,,302.49334716796875,-0.026811147704720494,1620,0.2,-3.0549117267131805,0.42345523834228516,0.7153238654136658,0.031887226,0.2975000062957406,0.0003,623.6166977882385
,6520,,1,163,76.7528939,3422,4.62,,,,,,,,,,,
5.0,6560,88.30992937088013,,,,,,73.30028533935547,-0.03173115194134879,1630,0.2,-3.0510755866765975,0.34555530548095703,0.7138543128967285,0.05946058,0.3300000078976154,0.0003,583.8056644439697
,6560,,1,164,74.97398247,3438,4.58,,,,,,,,,,,
4.0,6600,52.83609867095947,,,,,,110.53157043457031,3.8046345725889494e-05,1640,0.2,-3.049021968245506,0.2620905041694641,0.714729905128479,0.021049978,0.3575000073760748,0.0003,612.79661860466
,6600,,1,165,75.68055086999999,3455,4.55,,,,,,,,,,,
5.0,6640,96.2172794342041,,,,,,257.0887145996094,-0.011752938166609984,1650,0.2,-3.051724001765251,-0.01455676555633545,0.715499758720398,0.050612442,0.27250000592321155,0.0003,918.2310530662537
,6640,,1,166,76.75775451,3472,4.56,,,,,,,,,,,
5.0,6680,86.55686950683594,,,,,,344.09649658203125,0.011068875107739596,1660,0.2,-3.051781964302063,0.4353281855583191,0.7138366103172302,0.09276009,0.20000000447034835,0.0003,592.0794606208801
,6680,,1,167,77.29318845,3488,4.55,,,,,,,,,,,
5.0,6720,59.2644681930542,,,,,,223.74790954589844,-0.020814748222474,1670,0.2,-3.045498248934746,0.44357120990753174,0.7127980589866638,0.062081862,0.5125000100582838,0.0003,614.644133758545
,6720,,1,168,79.16577495,3506,4.61,,,,,,,,,,,
5.0,6760,114.4808406829834,,,,,,156.2963104248047,-0.005684085866014354,1680,0.2,-3.041021329164505,0.4389464855194092,0.7118948698043823,0.07394737,0.3875000076368451,0.0003,524.0053423404694
,6760,,1,169,81.9094079,3521,4.66,,,,,,,,,,,
5.0,6800,72.1802749633789,,,,,,189.81997680664062,0.060687621890683684,1690,0.2,-3.028945502638817,0.40201443433761597,0.7087521553039551,0.012906844,0.417500008828938,0.0003,550.9194243907929
,6800,,1,170,82.60973146,3537,4.64,,,,,,,,,,,
5.0,6840,111.57491207122803,,,,,,66.89662170410156,-0.003554881625659623,1700,0.2,-3.0173880100250243,0.13296997547149658,0.7077485918998718,0.021188939,0.1875000039115548,0.0003,881.42121925354
,6840,,1,171,84.55732726000002,3554,4.69,,,,,,,,,,,
5.0,6880,118.15730476379395,,,,,,113.12016296386719,0.006505431818477514,1710,0.2,-3.007263308763504,0.4529121518135071,0.7059044241905212,0.0141500505,0.20250000413507224,0.0003,416.8318388938904
,6880,,1,172,86.09961274999999,3570,4.71,,,,,,,,,,,
2.0,6920,14.27918815612793,,,,,,184.8608856201172,-0.014758329514297674,1720,0.2,-2.996871840953827,0.43076807260513306,0.705549955368042,0.028912263,0.30250000711530445,0.0003,461.1446723937988
,6920,,1,173,86.38395797000001,3584,4.69,,,,,,,,,,,
1.0,6960,-5.0,,,,,,187.25965881347656,-0.007323623758711617,1730,0.2,-2.994429385662079,0.217790424823761,0.7037262916564941,0.009668313,0.21500000432133676,0.0003,830.3925199508667
,6960,,1,174,86.60016497999999,3597,4.67,,,,,,,,,,,
5.0,7000,88.91378211975098,,,,,,128.00518798828125,-0.019592324367258683,1740,0.2,-2.985249823331833,0.2537735104560852,0.7006953954696655,0.018178798,0.3825000083073974,0.0003,692.7813257217407
,7000,,1,175,87.36760509,3613,4.69,,,,,,,,,,,
5.0,7040,108.01793479919434,,,,,,106.78541564941406,-0.0008038424624101203,1750,0.2,-2.970861667394638,0.5008407533168793,0.6961067914962769,0.028372202,0.3000000063329935,0.0003,404.99650301933286
,7040,,1,176,88.44444354,3629,4.69,,,,,,,,,,,
5.0,7080,113.76690101623535,,,,,,265.3538818359375,0.003670384648139624,1760,0.2,-2.957962712645531,0.244873046875,0.6945645213127136,0.0324317,0.4425000114366412,0.0003,665.3664388656616
,7080,,1,177,89.37921765000003,3645,4.72,,,,,,,,,,,
5.0,7120,82.08902835845947,,,,,,416.180908203125,-0.0061504398731631275,1770,0.2,-2.954568675160408,0.13488894701004028,0.6947600841522217,0.09429929,0.45000001080334184,0.0003,815.4908267021179
,7120,,1,178,89.07885438000001,3661,4.71,,,,,,,,,,,
5.0,7160,111.26911735534668,,,,,,151.41041564941406,0.002653225270332771,1780,0.2,-2.957297557592392,0.20024895668029785,0.6948935985565186,0.004814771,0.2350000051781535,0.0003,551.9004689216614
,7160,,1,179,88.40540788999999,3675,4.71,,,,,,,,,,,
5.0,7200,87.91794615983963,,,,,,250.0865936279297,-0.04153806556336348,1790,0.2,-2.9512502670288088,0.35464489459991455,0.6920084357261658,0.069268435,0.3900000093504786,0.0003,588.4434837341308
,7200,,1,180,89.02665125,3690,4.71,,,,,,,,,,,
5.0,7240,114.526611328125,,,,,,321.1460876464844,-0.029455174288668784,1800,0.2,-2.9405618458986282,0.42447054386138916,0.6905949115753174,0.029123401,0.3250000080093741,0.0003,505.6020662307739
,7240,,1,181,89.37554571999999,3706,4.71,,,,,,,,,,,
5.0,7280,101.45309257507324,,,,,,114.70185089111328,-0.0017753599799470998,1810,0.2,-2.921809992194176,0.3435744047164917,0.6842576265335083,0.08674706,0.21000000443309547,0.0003,632.7903676986695
,7280,,1,182,90.35891892000001,3721,4.75,,,,,,,,,,,
5.0,7320,91.85719585418701,,,,,,33.871883392333984,-0.022585195576175464,1820,0.2,-2.9007474035024643,0.4429340362548828,0.6838498115539551,0.029470267,0.2800000060349703,0.0003,508.52494115829467
,7320,,1,183,89.65439477,3737,4.72,,,,,,,,,,,
5.0,7360,108.81599617004395,,,,,,401.9026184082031,-0.0161162241641432,1830,0.2,-2.892514815926552,0.2679644823074341,0.679876446723938,0.060013134,0.480000008456409,0.0003,667.0034008026123
,7360,,1,184,89.55741675999998,3752,4.72,,,,,,,,,,,
5.0,7400,92.44424247741699,,,,,,248.48757934570312,0.0054430559549655255,1840,0.2,-2.8840223759412766,0.4658268690109253,0.6794640421867371,0.089560315,0.3875000072643161,0.0003,431.50947160720824
,7400,,1,185,90.42292930999999,3767,4.76,,,,,,,,,,,
5.0,7440,107.25933837890625,,,,,,236.8118896484375,-0.008361656035122001,1850,0.2,-2.88084856569767,0.45353591442108154,0.6793963313102722,0.018477984,0.25500000584870575,0.0003,405.55403423309326
,7440,,1,186,90.20920187000002,3783,4.78,,,,,,,,,,,
5.0,7480,108.71598720550537,,,,,,209.31317138671875,-0.01784570485309813,1860,0.2,-2.8831739902496336,0.4022619128227234,0.6799812316894531,0.029183451,0.3950000086799264,0.0003,497.5029359817505
,7480,,1,187,89.52830367,3799,4.78,,,,,,,,,,,
5.0,7520,96.62927532196045,,,,,,120.05266571044922,-0.02493111697491255,1870,0.2,-2.8820789039134977,0.42520612478256226,0.6782016754150391,0.046177883,0.32750000711530447,0.0003,393.33109283447266
,7520,,1,188,88.61959369,3814,4.76,,,,,,,,,,,
5.0,7560,83.56758308410645,,,,,,1078.3675537109375,0.004342386246134988,1880,0.2,-2.8771563529968263,0.08495593070983887,0.6764559149742126,0.040667664,0.36250000856816766,0.0003,783.9634633541107
,7560,,1,189,90.02334304,3829,4.81,,,,,,,,,,,
5.0,7600,85.83623218536377,,,,,,60.73869323730469,-0.0011049251956865235,1890,0.2,-2.8745645940303803,0.46824049949645996,0.6790246963500977,0.014239814,0.14750000312924386,0.0003,419.3128900051117
,7600,,1,190,89.61240066,3844,4.81,,,,,,,,,,,
5.0,7640,91.74444103240967,,,,,,558.348388671875,-0.011347762909717863,1900,0.2,-2.877239951491356,0.33747029304504395,0.6779768466949463,0.069521956,0.21750000454485416,0.0003,618.901517868042
,7640,,1,191,88.02780661000001,3860,4.76,,,,,,,,,,,
5.0,7680,67.76457118988037,,,,,,365.9192199707031,-0.011207572432977032,1910,0.2,-2.8748376041650774,0.2525441646575928,0.6762311458587646,0.3328374,0.47000000923871993,0.0003,707.6210498809814
,7680,,1,192,87.85558681999998,3875,4.77,,,,,,,,,,,
5.0,7720,72.6831442117691,,,,,,154.56411743164062,-0.019210891311813617,1920,0.2,-2.8685281038284303,0.4308420419692993,0.6754668951034546,0.035173062,0.3475000081583858,0.0003,338.9807468414307
,7720,,1,193,87.44947971999996,3891,4.79,,,,,,,,,,,
5.0,7760,113.34201622009277,,,,,,89.9496078491211,-0.03776552870869636,1930,0.2,-2.8590207755565644,0.4481644630432129,0.6733942031860352,0.11472483,0.48500001057982445,0.0003,372.76541538238524
,7760,,1,194,86.71395787000002,3906,4.8,,,,,,,,,,,
5.0,7800,109.45544052124023,,,,,,179.97572326660156,-0.02620303270377917,1940,0.2,-2.843543902039528,0.4427710175514221,0.6687407493591309,0.16938928,0.5775000112131238,0.0003,379.2868540763855
,7800,,1,195,87.20402411,3923,4.83,,,,,,,,,,,
5.0,7840,87.1183090209961,,,,,,269.6817626953125,-0.031616901136667375,1950,0.2,-2.8243079483509064,0.5159627199172974,0.666192889213562,0.044270907,0.26750000528991225,0.0003,389.45243711471556
,7840,,1,196,85.62760877000001,3938,4.82,,,,,,,,,,,
5.0,7880,99.49188423156738,,,,,,100.68256378173828,-0.0007680138260548142,1960,0.2,-2.8185577422380446,0.4746549129486084,0.6660622358322144,0.025996275,0.23000000473111867,0.0003,397.30179462432864
,7880,,1,197,85.32286386999998,3954,4.82,,,,,,,,,,,
5.0,7920,97.53667640686035,,,,,,201.5631866455078,-0.009075516779266768,1970,0.2,-2.820365822315216,0.45403361320495605,0.6646648645401001,0.013363167,0.21500000469386576,0.0003,419.5933017730713
,7920,,1,198,85.71247048,3970,4.84,,,,,,,,,,,
5.0,7960,103.52339363098145,,,,,,150.78614807128906,-0.008765781288620933,1980,0.2,-2.8221379101276396,0.47384321689605713,0.6661550998687744,0.007597768,0.2525000058114529,0.0003,446.7210684299469
,7960,,1,199,86.43726434,3985,4.84,,,,,,,,,,,
5.0,8000,89.16478824615479,,,,,,112.69835662841797,-0.010479587398440326,1990,0.2,-2.8143676996231077,0.5349164307117462,0.6612783074378967,0.018174909,0.14750000275671482,0.0003,360.9734462738037
,8000,,1,200,86.62538076999999,4001,4.86,,,,,,,,,,,
5.0,8040,83.39836502075195,,,,,,84.88953399658203,0.010091898727114312,2000,0.2,-2.796321740746498,0.42663097381591797,0.6609982848167419,0.01382543,0.27250000573694705,0.0003,491.23043646812437
,8040,,2,201,85.05171770999999,4017,4.82,,,,,,,,,,,
5.0,8080,109.45346260070801,,,,,,75.02459716796875,0.013697766130499067,2010,0.2,-2.794868752360344,0.118685781955719,0.6627609729766846,0.023808178,0.24250000510364772,0.0003,760.7460563659668
,8080,,2,202,83.72034799,4033,4.77,,,,,,,,,,,
5.0,8120,67.56632113456726,,,,,,256.39898681640625,-0.007679417658509924,2020,0.2,-2.798197728395462,0.1552734375,0.6630421876907349,0.056568515,0.42500000856816766,0.0003,788.2951066970825
,8120,,2,203,83.70442242000001,4048,4.81,,,,,,,,,,,
5.0,8160,103.84921073913574,,,,,,275.88323974609375,-0.041284695024951364,2030,0.2,-2.8018431067466736,0.35769087076187134,0.6641870141029358,0.08112132,0.40500000938773156,0.0003,501.1200693130493
,8160,,2,204,83.50523908,4064,4.81,,,,,,,,,,,
5.0,8200,104.65569972991943,,,,,,214.34767150878906,-0.013780087727282097,2040,0.2,-2.8028121799230576,0.445310115814209,0.6632750034332275,0.043514483,0.4025000087916851,0.0003,334.0355056762695
,8200,,2,205,83.43661594000001,4079,4.81,,,,,,,,,,,
5.0,8240,82.15927028656006,,,,,,213.47271728515625,0.00020212895198710724,2050,0.2,-2.7959694474935533,0.4174313545227051,0.6611675024032593,0.023152355,0.4050000112503767,0.0003,463.47116951942445
,8240,,2,206,83.52373111000001,4094,4.81,,,,,,,,,,,
5.0,8280,83.66051530838013,,,,,,117.73088073730469,-0.018473817077756395,2060,0.2,-2.793600818514824,0.466430127620697,0.6620773077011108,0.065568104,0.5400000115856528,0.0003,393.44670951366425
,8280,,2,207,81.70863553000001,4110,4.74,,,,,,,,,,,
5.0,8320,106.48372840881348,,,,,,1280.0606689453125,-0.00667081198989763,2070,0.2,-2.7915967464447022,0.08486318588256836,0.6592485904693604,0.014471895,0.18750000409781933,0.0003,726.2005384922028
,8320,,2,208,81.49259158000001,4125,4.71,,,,,,,,,,,
5.0,8360,59.8701376914978,,,,,,74.12715911865234,-0.017276033908128742,2080,0.2,-2.7818757712841036,0.3354315757751465,0.6592499613761902,0.03174575,0.35750000905245544,0.0003,495.0574981689453
,8360,,2,209,80.80668411999999,4141,4.71,,,,,,,,,,,
1.0,8400,-5.0,,,,,,167.353271484375,-0.007670615915703838,2090,0.2,-2.778399109840393,0.40992170572280884,0.6576001644134521,0.059954688,0.30750000700354574,0.0003,440.5071367263794
,8400,,2,210,78.2062248,4155,4.63,,,,,,,,,,,
5.0,8440,79.64917039871216,,,,,,862.6041259765625,-0.015848638988973106,2100,0.2,-2.7719200760126115,0.14372223615646362,0.6586481332778931,0.03507527,0.2675000062212348,0.0003,693.933029127121
,8440,,2,211,76.49880947,4172,4.57,,,,,,,,,,,
5.0,8480,119.52393531799316,,,,,,307.23675537109375,-0.032742487843697744,2110,0.2,-2.774873748421669,0.18878358602523804,0.6584966778755188,0.10000939,0.2900000065565109,0.0003,697.5451538085938
,8480,,2,212,77.47085895000001,4187,4.61,,,,,,,,,,,
5.0,8520,104.11542892456055,,,,,,165.6717987060547,-0.014308291949637342,2120,0.2,-2.778562542796135,0.5039306282997131,0.6605382561683655,0.015902048,0.2950000066310167,0.0003,413.8379153251648
,8520,,2,213,77.80526241,4203,4.6,,,,,,,,,,,
5.0,8560,97.1099681854248,,,,,,449.9718017578125,-0.007866351755073997,2130,0.2,-2.779734617471695,0.09252744913101196,0.6591473817825317,0.025960568,0.2925000064074993,0.0003,972.0757071495057
,8560,,2,214,77.58920035,4219,4.59,,,,,,,,,,,
5.0,8600,117.05398559570312,,,,,,145.92955017089844,-0.011540352888769156,2140,0.2,-2.7690736263990403,0.082980215549469,0.6581327319145203,0.045744814,0.2375000048428774,0.0003,767.8861942052841
,8600,,2,215,76.92076585000001,4235,4.48,,,,,,,,,,,
5.0,8640,108.69824409484863,,,,,,592.9593505859375,-0.050058144278882534,2150,0.2,-2.763045907020569,0.09351605176925659,0.6561944484710693,0.031085126,0.3300000075250864,0.0003,960.5605325698853
,8640,,2,216,73.78434195,4254,4.35,,,,,,,,,,,
5.0,8680,104.3112850189209,,,,,,626.6597290039062,-0.017465575256792366,2160,0.2,-2.7569296002388,-0.005128622055053711,0.6558104753494263,0.04867168,0.3450000073760748,0.0003,1172.8918188095092
,8680,,2,217,74.16231221,4269,4.35,,,,,,,,,,,
5.0,8720,95.5581283569336,,,,,,49.972904205322266,-0.012933612128108507,2170,0.2,-2.762897181510925,0.4762669801712036,0.6598471403121948,0.05553882,0.4575000088661909,0.0003,384.51993436813353
,8720,,2,218,76.39372662000001,4284,4.42,,,,,,,,,,,
5.0,8760,111.12574005126953,,,,,,207.31903076171875,-0.02033386824303307,2180,0.2,-2.7696389079093935,0.4361124038696289,0.6598105430603027,0.03892409,0.34500000700354577,0.0003,405.9471358299255
,8760,,2,219,77.32762154,4299,4.42,,,,,,,,,,,
5.0,8800,111.93530654907227,,,,,,269.07843017578125,-0.02255398918292485,2190,0.2,-2.7622690558433534,0.384769082069397,0.6558591723442078,0.03503776,0.4075000101700425,0.0003,666.8572031974793
,8800,,2,220,78.57360023,4315,4.41,,,,,,,,,,,
5.0,8840,116.47379302978516,,,,,,525.8280639648438,-0.020870385247690137,2200,0.2,-2.7417593568563463,0.40974104404449463,0.6522725224494934,0.02174206,0.2500000048428774,0.0003,633.9140783309937
,8840,,2,221,79.88332971,4330,4.4,,,,,,,,,,,
2.0,8880,15.337507247924805,,,,,,209.3140411376953,-0.003401296926604136,2210,0.2,-2.7307086914777754,0.1517215371131897,0.6496251821517944,0.086093366,0.3300000071525574,0.0003,883.1599948883056
,8880,,2,222,80.70709589,4346,4.43,,,,,,,,,,,
5.0,8920,81.18475437164307,,,,,,239.71218872070312,-0.02347730143897935,2220,0.2,-2.726317909359932,0.21834570169448853,0.649833619594574,0.055983156,0.1675000036135316,0.0003,943.7067266464234
,8920,,2,223,80.50617075999999,4360,4.43,,,,,,,,,,,
5.0,8960,107.39346885681152,,,,,,341.24468994140625,0.0015507465740665749,2230,0.2,-2.7243192464113237,0.4358767867088318,0.6493580341339111,0.061670817,0.47000001054257157,0.0003,482.77731199264525
,8960,,2,224,81.4801187,4375,4.45,,,,,,,,,,,
5.0,9000,57.893800497055054,,,,,,114.01612854003906,-0.03897669765778118,2240,0.2,-2.7152495473623275,0.32233184576034546,0.6473081111907959,0.020307174,0.5225000109523534,0.0003,618.6836661338806
,9000,,2,225,83.49239224000002,4390,4.53,,,,,,,,,,,
5.0,9040,113.08641624450684,,,,,,216.6807403564453,-0.01212281788604741,2250,0.2,-2.7007487624883653,0.44873130321502686,0.644569993019104,0.025485627,0.25500000528991223,0.0003,472.5101978302002
,9040,,2,226,84.58987566999998,4405,4.55,,,,,,,,,,,
5.0,9080,92.97498798370361,,,,,,349.959716796875,-0.02337106317951112,2260,0.2,-2.6874920934438706,0.28451699018478394,0.6432604193687439,0.016208867,0.3025000074878335,0.0003,651.8553365707397
,9080,,2,227,88.26189466,4419,4.68,,,,,,,,,,,
5.0,9120,96.99093818664551,,,,,,529.1412353515625,0.03690244485857645,2270,0.2,-2.683499366044998,0.4334636926651001,0.6425124406814575,0.06685528,0.41750000789761543,0.0003,489.4902463912964
,9120,,2,228,89.26753927999998,4435,4.7,,,,,,,,,,,
5.0,9160,105.88572311401367,,,,,,608.0516357421875,-0.002463230217981627,2280,0.2,-2.6763470858335494,0.156524658203125,0.64136803150177,0.016669895,0.29250000715255736,0.0003,964.499474143982
,9160,,2,229,88.49274599999997,4450,4.68,,,,,,,,,,,
5.0,9200,100.21490097045898,,,,,,562.3699951171875,-0.017884152911137784,2290,0.2,-2.6724998474121096,0.2798653841018677,0.6412450075149536,0.035062388,0.6550000106915832,0.0003,800.0941919326782
,9200,,2,230,88.64039412999999,4466,4.66,,,,,,,,,,,
5.0,9240,101.60971450805664,,,,,,623.1903686523438,0.02441366222526995,2300,0.2,-2.6663247287273406,0.11680316925048828,0.6387065649032593,0.035190634,0.3700000083073974,0.0003,924.5279384613037
,9240,,2,231,85.96285427999999,4483,4.58,,,,,,,,,,,
5.0,9280,78.59833997488022,,,,,,376.18341064453125,-0.008775819160073261,2310,0.2,-2.6544051468372345,0.20740622282028198,0.6369162797927856,0.009264125,0.2400000050663948,0.0003,957.9767994880676
,9280,,2,232,85.13009255999998,4498,4.56,,,,,,,,,,,
5.0,9320,90.58125448226929,,,,,,1154.7103271484375,-0.009119600784324566,2320,0.2,-2.648160821199417,0.23829907178878784,0.638485312461853,0.08114565,0.27500000689178705,0.0003,613.3071161270142
,9320,,2,233,87.00920384,4514,4.63,,,,,,,,,,,
5.0,9360,103.01877689361572,,,,,,416.9715576171875,-0.016986272683188874,2330,0.2,-2.654394102096558,0.4234055280685425,0.6398059725761414,0.05640229,0.4650000106543303,0.0003,528.261025428772
,9360,,2,234,89.18522592,4529,4.69,,,,,,,,,,,
5.0,9400,110.0720443725586,,,,,,246.05677795410156,-0.014096587681415241,2340,0.2,-2.649726477265358,0.4176666736602783,0.6370142698287964,0.07330463,0.5125000087544322,0.0003,519.582682132721
,9400,,2,235,89.31428455000001,4544,4.69,,,,,,,,,,,
5.0,9440,114.07126998901367,,,,,,119.43403625488281,-0.003753357434761706,2350,0.2,-2.6455594658851624,0.46286171674728394,0.6390632390975952,0.08028117,0.5950000118464231,0.0003,409.9620276451111
,9440,,2,236,89.58858475000001,4559,4.67,,,,,,,,,,,
5.0,9480,108.9774398803711,,,,,,662.1804809570312,-0.0010893677252170164,2360,0.2,-2.6448222160339356,0.2877264618873596,0.6373753547668457,0.010942848,0.12500000260770322,0.0003,807.5611169815063
,9480,,2,237,89.86361097,4574,4.66,,,,,,,,,,,
5.0,9520,106.37817192077637,,,,,,148.83888244628906,0.01628841027442831,2370,0.2,-2.63894570171833,0.2913275957107544,0.6363785266876221,0.061182857,0.42000000923871994,0.0003,699.9375146865844
,9520,,2,238,89.20314628999999,4590,4.66,,,,,,,,,,,
5.0,9560,100.45903778076172,,,,,,140.21701049804688,-0.03408620397731284,2380,0.2,-2.6379067420959474,0.48081475496292114,0.6357821226119995,0.074213035,0.33250000793486834,0.0003,527.4637286186219
,9560,,2,239,89.92370824,4607,4.64,,,,,,,,,,,
5.0,9600,89.37838554382324,,,,,,1107.56787109375,0.011199274132195569,2390,0.2,-2.625659966468811,0.20706111192703247,0.6313919425010681,0.016330196,0.2650000059977174,0.0003,847.0222566127777
,9600,,2,240,89.94865719,4623,4.65,,,,,,,,,,,
5.0,9640,109.35141372680664,,,,,,359.1007995605469,-0.018389935480663543,2400,0.2,-2.6138861536979676,0.39270830154418945,0.6300916075706482,0.08161894,0.5950000127777457,0.0003,604.4563772201539
,9640,,2,241,89.80711859000002,4639,4.65,,,,,,,,,,,
5.0,9680,95.03887891769409,,,,,,187.61412048339844,-0.007269855710328554,2410,0.2,-2.6133390724658967,0.3506982922554016,0.6303472518920898,0.039673135,0.4850000100210309,0.0003,588.4000663280488
,9680,,2,242,89.62060673,4654,4.65,,,,,,,,,,,
5.0,9720,95.13526344299316,,,,,,196.71730041503906,0.01777185164508408,2420,0.2,-2.602183350920677,0.24813151359558105,0.6266212463378906,0.019092478,0.3475000072270632,0.0003,808.5557991027832
,9720,,2,243,90.76427612000002,4669,4.7,,,,,,,,,,,
5.0,9760,83.48354196548462,,,,,,583.9896850585938,0.014301909939240432,2430,0.2,-2.5927298337221147,0.37346774339675903,0.6267063617706299,0.26381117,0.460000010766089,0.0003,532.0276171684266
,9760,,2,244,90.68312755,4684,4.71,,,,,,,,,,,
5.0,9800,108.40925025939941,,,,,,431.73614501953125,-0.05422259680974093,2440,0.2,-2.5955351680517196,0.26968783140182495,0.6272690296173096,0.1260874,0.5925000116229058,0.0003,782.5276783943176
,9800,,2,245,89.17073279999998,4699,4.7,,,,,,,,,,,
5.0,9840,93.61130237579346,,,,,,329.77996826171875,-0.02204297076459625,2450,0.2,-2.591310703754425,0.4817658066749573,0.6242625713348389,0.07687244,0.49000001009553673,0.0003,358.97138156890867
,9840,,2,246,86.75030961,4715,4.63,,,,,,,,,,,
2.0,9880,7.099273681640625,,,,,,435.3331604003906,-0.02184044062392786,2460,0.2,-2.588069260120392,0.22892504930496216,0.6261847615242004,0.02838592,0.3600000077858567,0.0003,629.3983788490295
,9880,,2,247,85.78538450999999,4728,4.61,,,,,,,,,,,
5.0,9920,95.71577310562134,,,,,,273.1777648925781,-0.02071777987825043,2470,0.2,-2.5951844274997713,0.3407666087150574,0.6266601085662842,0.08055604,0.5175000093877316,0.0003,660.3817504882812
,9920,,2,248,86.9879597,4742,4.68,,,,,,,,,,,
5.0,9960,96.61666011810303,,,,,,152.003173828125,-0.007520728090821649,2480,0.2,-2.5894138723611833,0.44236481189727783,0.6242431402206421,0.03738831,0.22750000469386578,0.0003,426.67272605895994
,9960,,2,249,86.74946905,4758,4.65,,,,,,,,,,,
5.0,10000,96.36540412902832,,,,,,863.5176391601562,-0.001665460065414659,2490,0.2,-2.585754492878914,0.36229515075683594,0.6251420378684998,0.02564592,0.39000000841915605,0.0003,675.0188910484314
,10000,,2,250,83.79927319000001,4775,4.58,,,,,,,,,,,
5.0,10040,99.52490234375,,,,,,604.676025390625,-0.01260308950644684,2500,0.2,-2.585141158103943,0.2314339280128479,0.6244490146636963,0.017739538,0.3250000080093741,0.0003,1008.5180871009827
,10040,,2,251,85.89352704999999,4790,4.63,,,,,,,,,,,
5.0,10080,80.23443508148193,,,,,,1319.7840576171875,0.002444535105878476,2510,0.2,-2.5738005518913267,0.31618696451187134,0.6203291416168213,0.074935965,0.40500001050531864,0.0003,678.0888859748841
,10080,,2,252,83.94129102,4805,4.57,,,,,,,,,,,
5.0,10120,78.81843990087509,,,,,,145.0931854248047,0.06629779037000845,2520,0.2,-2.5563290804624557,0.0947948694229126,0.6189899444580078,0.04749897,0.6300000110641122,0.0003,1051.8496376037597
,10120,,2,253,81.07023129999999,4822,4.49,,,,,,,,,,,
5.0,10160,109.10105323791504,,,,,,777.8523559570312,-0.029160852328350306,2530,0.2,-2.555079147219658,0.14566457271575928,0.6186254024505615,0.047675915,0.532500010356307,0.0003,1216.4503084182738
,10160,,2,254,81.16809621,4838,4.48,,,,,,,,,,,
5.0,10200,104.91168022155762,,,,,,342.53948974609375,-0.01432364003281692,2540,0.2,-2.5548485457897185,0.3001489043235779,0.6198722124099731,0.034228083,0.27750000525265933,0.0003,709.4143400192261
,10200,,2,255,82.29587979000001,4853,4.49,,,,,,,,,,,
5.0,10240,107.90153503417969,,,,,,122.65444946289062,0.004406898523957347,2550,0.2,-2.558425870537758,0.36361831426620483,0.6197370886802673,0.058570568,0.38500000853091476,0.0003,570.4820384979248
,10240,,2,256,84.10267008,4868,4.5,,,,,,,,,,,
5.0,10280,104.17564964294434,,,,,,217.64553833007812,0.0010156939965054513,2560,0.2,-2.5561122745275497,0.4140329957008362,0.6189405918121338,0.07684213,0.32000000681728125,0.0003,546.0337985038757
,10280,,2,257,82.78865766000001,4884,4.45,,,,,,,,,,,
5.0,10320,110.57696914672852,,,,,,312.52716064453125,-0.008641618025139908,2570,0.2,-2.559735879302025,0.1315343976020813,0.6206744313240051,0.08840661,0.4225000090897083,0.0003,1020.9752063751221
,10320,,2,258,82.34616796,4899,4.46,,,,,,,,,,,
5.0,10360,86.99628162384033,,,,,,362.7950134277344,-0.030470467549384938,2580,0.2,-2.5537855297327043,0.28315597772598267,0.6170549392700195,0.035992615,0.28500000610947607,0.0003,673.0608672142029
,10360,,2,259,82.92208554000003,4915,4.49,,,,,,,,,,,
5.0,10400,95.6576144695282,,,,,,171.8843994140625,0.004796721490602063,2590,0.2,-2.536704936623573,0.49324363470077515,0.6154553294181824,0.04771701,0.4125000098720193,0.0003,344.34446213245394
,10400,,2,260,81.70456102,4930,4.49,,,,,,,,,,,
5.0,10440,112.36711502075195,,,,,,39.62192153930664,-0.0077468244923511505,2600,0.2,-2.5290320247411726,0.47718948125839233,0.612653374671936,0.12852676,0.32750000786036254,0.0003,418.41931915283203
,10440,,2,261,84.32877062,4945,4.57,,,,,,,,,,,
5.0,10480,67.91761016845703,,,,,,176.23121643066406,0.05295834064454539,2610,0.2,-2.5210900872945787,0.4008890986442566,0.6144697666168213,0.04549956,0.39750000797212126,0.0003,599.1800687789917
,10480,,2,262,82.91404347,4963,4.51,,,,,,,,,,,
5.0,10520,117.0886058807373,,,,,,573.7222900390625,-0.0012879288568365065,2620,0.2,-2.521885168552399,0.12409532070159912,0.6139766573905945,0.023011455,0.2175000047311187,0.0003,1129.2449288845062
,10520,,2,263,82.54408869999999,4978,4.51,,,,,,,,,,,
4.0,10560,35.298771381378174,,,,,,259.88507080078125,-0.0495520700662746,2630,0.2,-2.5191399812698365,0.37992602586746216,0.6127057075500488,0.057855435,0.6050000106915832,0.0003,591.58770236969
,10560,,2,264,84.94301317,4994,4.58,,,,,,,,,,,
5.0,10600,95.04469203948975,,,,,,532.7344970703125,-0.047475159881560106,2640,0.2,-2.514197215437889,0.42758727073669434,0.6123339533805847,0.048675813,0.45750001035630705,0.0003,506.89111375808716
,10600,,2,265,85.86192432000001,5010,4.61,,,,,,,,,,,
3.0,10640,37.690290451049805,,,,,,876.009521484375,0.007178275688784197,2650,0.2,-2.5108999997377395,0.2226380705833435,0.6118167638778687,0.07772228,0.4525000097230077,0.0003,806.5505960464477
,10640,,2,266,86.47007715000001,5025,4.64,,,,,,,,,,,
5.0,10680,94.60212898254395,,,,,,189.8099365234375,0.0015553763888601856,2660,0.2,-2.5072126388549805,0.27552998065948486,0.6113781929016113,0.025036313,0.2700000060722232,0.0003,623.54032497406
,10680,,2,267,86.41647929000001,5041,4.63,,,,,,,,,,,
5.0,10720,79.60098028182983,,,,,,578.1395874023438,0.006704872070986312,2670,0.2,-2.505070078372955,0.3672336935997009,0.6120434999465942,0.06445299,0.4650000102818012,0.0003,572.4624704360962
,10720,,2,268,86.12814344000002,5057,4.64,,,,,,,,,,,
5.0,10760,54.99273455142975,,,,,,160.2059783935547,-0.001933231097282251,2680,0.2,-2.501364880800247,0.4708794355392456,0.6101861596107483,0.07605617,0.3875000087544322,0.0003,494.78134965896606
,10760,,2,269,88.59930783,5074,4.73,,,,,,,,,,,
5.0,10800,116.1733169555664,,,,,,147.79129028320312,0.020464603485597754,2690,0.2,-2.4922551095485685,0.4494172930717468,0.6117557287216187,0.04612443,0.41750001069158316,0.0003,609.3049631118774
,10800,,2,270,90.34738391,5092,4.71,,,,,,,,,,,
5.0,10840,109.38971328735352,,,,,,264.199951171875,-0.0009275419823825404,2700,0.2,-2.50114463865757,0.3115820288658142,0.6152870655059814,0.026262544,0.32750000767409804,0.0003,718.1389657974244
,10840,,2,271,89.49814373,5109,4.64,,,,,,,,,,,
5.0,10880,73.8835326731205,,,,,,680.116943359375,-0.02053217962238705,2710,0.2,-2.51441533267498,0.2135741114616394,0.6177158951759338,0.027571574,0.28000000678002834,0.0003,1039.500079536438
,10880,,2,272,87.58028489999998,5124,4.57,,,,,,,,,,,
5.0,10920,87.50969743728638,,,,,,678.7964477539062,0.007705514786903222,2720,0.2,-2.5190095752477646,0.17253518104553223,0.61785489320755,0.08825645,0.3125000074505806,0.0003,970.4549101829529
,10920,,2,273,88.87370824,5139,4.6,,,,,,,,,,,
5.0,10960,86.11923313140869,,,,,,1096.0806884765625,-0.003318033504183404,2730,0.2,-2.513064569234848,0.2637673616409302,0.6168611645698547,0.03823881,0.2800000060349703,0.0003,752.2801927566528
,10960,,2,274,89.40183627,5155,4.63,,,,,,,,,,,
5.0,11000,109.02396774291992,,,,,,496.7881774902344,0.016999647741613444,2740,0.2,-2.5034100830554964,0.29375743865966797,0.6159462928771973,0.027832698,0.407500009611249,0.0003,749.5166856765748
,11000,,2,275,88.55460013,5171,4.61,,,,,,,,,,,
5.0,11040,73.14778900146484,,,,,,186.78640747070312,-0.005506215233435796,2750,0.2,-2.49178846180439,0.29037541151046753,0.6151564121246338,0.051984802,0.34500000793486835,0.0003,642.2237628936767
,11040,,2,276,88.45257944000001,5187,4.59,,,,,,,,,,,
5.0,11080,72.32228231430054,,,,,,249.09829711914062,0.002735807884600927,2760,0.2,-2.481996163725853,0.18727892637252808,0.6144601702690125,0.015145503,0.23500000443309546,0.0003,685.4311290740967
,11080,,2,277,87.08741801999999,5204,4.58,,,,,,,,,,,
5.0,11120,90.3801965713501,,,,,,779.2074584960938,0.023966693294933082,2770,0.2,-2.4821740835905075,0.19630157947540283,0.6142624020576477,0.1686821,0.7950000079348684,0.0003,829.3496124267579
,11120,,2,278,87.91779539,5219,4.6,,,,,,,,,,,
5.0,11160,111.90750503540039,,,,,,148.9468994140625,-0.025414124234957834,2780,0.2,-2.4771684050559997,0.47025126218795776,0.6139969229698181,0.010702803,0.24750000592321159,0.0003,581.1189102172851
,11160,,2,279,86.38291949999999,5235,4.54,,,,,,,,,,,
5.0,11200,98.43259620666504,,,,,,457.14556884765625,-0.018491328399795746,2790,0.2,-2.477076855301857,0.11248713731765747,0.6134527921676636,0.059870675,0.28000000678002834,0.0003,1058.0277263641358
,11200,,2,280,86.64048204999997,5251,4.53,,,,,,,,,,,
5.0,11240,93.99549579620361,,,,,,327.3728942871094,-0.014363787661568494,2800,0.2,-2.4742470890283585,0.47311240434646606,0.614737868309021,0.01898666,0.21250000465661287,0.0003,572.4512292385101
,11240,,2,281,87.56314359999999,5267,4.56,,,,,,,,,,,
5.0,11280,95.49234199523926,,,,,,181.5054473876953,-0.013082119447644803,2810,0.2,-2.4727718353271486,0.5472653210163116,0.614922046661377,0.07846995,0.5525000121444463,0.0003,356.74210262298584
,11280,,2,282,87.45595730000002,5283,4.56,,,,,,,,,,,
5.0,11320,117.80354881286621,,,,,,340.9827880859375,-0.0005466963817889692,2820,0.2,-2.4675513356924057,0.3245985507965088,0.6123538017272949,0.018450186,0.2650000058114529,0.0003,644.2616567134858
,11320,,2,283,88.19950265000001,5301,4.58,,,,,,,,,,,
5.0,11360,106.01664018630981,,,,,,156.6070098876953,0.011517946943347967,2830,0.2,-2.460409313440323,0.23119419813156128,0.611618161201477,0.27885976,0.3350000064820051,0.0003,942.0871267318726
,11360,,2,284,88.39298196999998,5317,4.63,,,,,,,,,,,
5.0,11400,82.40346908569336,,,,,,509.3612060546875,0.0012247640078203448,2840,0.2,-2.463380220532417,0.4271088242530823,0.6127883791923523,0.010763277,0.17250000350177289,0.0003,498.40328483581544
,11400,,2,285,88.09663863999998,5334,4.67,,,,,,,,,,,
5.0,11440,96.27326011657715,,,,,,245.98167419433594,-0.06187754622573266,2850,0.2,-2.466737625002861,0.3561851382255554,0.613433837890625,0.06842789,0.5300000090152025,0.0003,693.1354946136474
,11440,,2,286,86.7318317,5350,4.61,,,,,,,,,,,
5.0,11480,76.05035066604614,,,,,,229.6539764404297,-0.007121670579581407,2860,0.2,-2.46600436270237,0.24639874696731567,0.6131480932235718,0.019951388,0.3175000062212348,0.0003,773.6789138793945
,11480,,2,287,88.10160116000002,5365,4.66,,,,,,,,,,,
5.0,11520,70.27578830718994,,,,,,307.09912109375,-0.04250406597639085,2870,0.2,-2.4660353034734728,0.40095704793930054,0.611799418926239,0.0322296,0.3700000088661909,0.0003,588.5823631286621
,11520,,2,288,88.70982893000001,5383,4.65,,,,,,,,,,,
5.0,11560,114.44137382507324,,,,,,292.5732421875,-0.033972591881902194,2880,0.2,-2.4674004167318344,0.44274675846099854,0.6159725785255432,0.008633341,0.3475000072270632,0.0003,603.1906200408936
,11560,,2,289,90.72950548,5399,4.69,,,,,,,,,,,
5.0,11600,110.57599067687988,,,,,,265.6193542480469,-0.01617229954805226,2890,0.2,-2.4729847460985184,0.504919707775116,0.6152661442756653,0.0445837,0.35500000789761543,0.0003,454.8831434249878
,11600,,2,290,89.63729933999998,5415,4.66,,,,,,,,,,,
5.0,11640,110.7164535522461,,,,,,363.436279296875,-0.0212919114009128,2900,0.2,-2.4711367219686506,0.28183192014694214,0.6158077120780945,0.051995873,0.460000011138618,0.0003,734.5278465270997
,11640,,2,291,91.10554522000002,5431,4.73,,,,,,,,,,,
5.0,11680,105.92995166778564,,,,,,162.83290100097656,0.0008059041676460766,2910,0.2,-2.470043870806694,0.4019431471824646,0.6157216429710388,0.0452621,0.2950000068172812,0.0003,579.8982204437256
,11680,,2,292,90.49788035000002,5447,4.68,,,,,,,,,,,
5.0,11720,85.17121505737305,,,,,,202.93051147460938,-0.02445696527225665,2920,0.2,-2.469933143258095,0.19873058795928955,0.615726888179779,0.037036505,0.2800000052899122,0.0003,877.4393238067627
,11720,,2,293,89.77677044999999,5464,4.68,,,,,,,,,,,
5.0,11760,114.55130577087402,,,,,,119.98944854736328,0.010496767723088852,2930,0.2,-2.464876765012741,0.4626043438911438,0.6157678961753845,0.032472536,0.4925000112503767,0.0003,549.7870415925979
,11760,,2,294,89.29007938999999,5479,4.7,,,,,,,,,,,
5.0,11800,124.52974891662598,,,,,,465.6256408691406,-0.017759253197291436,2940,0.2,-2.462691605091095,0.3695829510688782,0.6158325672149658,0.051361814,0.37500000949949025,0.0003,802.9033433914185
,11800,,2,295,88.40460609000003,5496,4.69,,,,,,,,,,,
5.0,11840,101.33310317993164,,,,,,532.6143798828125,-0.022975235072044596,2950,0.2,-2.4623371601104735,0.21873319149017334,0.6170475482940674,0.10269308,0.3350000072270632,0.0003,947.9936754226685
,11840,,2,296,88.75002852,5514,4.61,,,,,,,,,,,
5.0,11880,109.4732666015625,,,,,,119.73492431640625,-0.009494522464628962,2960,0.2,-2.4622221499681474,0.062475740909576416,0.6164921522140503,0.0085443705,0.33500000815838576,0.0003,1148.0921985626221
,11880,,2,297,92.12059710000001,5530,4.69,,,,,,,,,,,
5.0,11920,121.28449821472168,,,,,,109.94485473632812,-0.0015865595485956784,2970,0.2,-2.4642691552639007,0.5464622676372528,0.6177418231964111,0.019573426,0.15250000320374965,0.0003,452.72160482406616
,11920,,2,298,92.77382526000001,5547,4.69,,,,,,,,,,,
5.0,11960,94.19029903411865,,,,,,158.89401245117188,0.026298727051762394,2980,0.2,-2.467384731769562,0.44269824028015137,0.6184204816818237,0.08514371,0.41750000733882187,0.0003,604.0816633224488
,11960,,2,299,92.03847664000001,5562,4.65,,,,,,,,,,,
5.0,12000,115.38164138793945,,,,,,436.1620178222656,-0.02903811742175093,2990,0.2,-2.4673651218414308,0.14591169357299805,0.6186423301696777,0.049072325,0.37500000912696124,0.0003,1010.7043498039245
,12000,,2,300,91.77823316,5579,4.63,,,,,,,,,,,
5.0,12040,105.74539184570312,,,,,,246.2716827392578,-0.00017669457098237195,3000,0.2,-2.471661278605461,0.33750778436660767,0.6188231110572815,0.06985795,0.5600000089034438,0.0003,698.5386477470398
,12040,,2,301,90.68486629,5596,4.6,,,,,,,,,,,
5.0,12080,102.2059679031372,,,,,,668.6456298828125,-0.016204329384490845,3010,0.2,-2.472609868645668,0.09989821910858154,0.6182731986045837,0.041895393,0.24250000454485415,0.0003,1018.4675597429275
,12080,,2,302,89.43156052,5613,4.56,,,,,,,,,,,
5.0,12120,111.30661201477051,,,,,,129.489501953125,-0.014175592258679903,3020,0.2,-2.471679684519768,0.24303436279296875,0.6183165311813354,0.028475028,0.25000000558793545,0.0003,786.643649482727
,12120,,2,303,90.63274088999998,5630,4.6,,,,,,,,,,,
5.0,12160,119.65036964416504,,,,,,100.66047668457031,0.002328091151866829,3030,0.2,-2.4758652657270432,0.5052288174629211,0.620803952217102,0.017941473,0.2125000048428774,0.0003,540.6966068267823
,12160,,2,304,91.49356865,5645,4.63,,,,,,,,,,,
5.0,12200,119.27000045776367,,,,,,374.8089904785156,0.02643416182489091,3040,0.2,-2.480153274536133,0.4289143681526184,0.6218961477279663,0.040939827,0.45500000920146705,0.0003,513.3441096305847
,12200,,2,305,93.53450504000003,5662,4.62,,,,,,,,,,,
4.0,12240,21.323335647583008,,,,,,240.06204223632812,-2.7617502928478645e-05,3050,0.2,-2.480728679895401,0.4805777072906494,0.6222368478775024,0.032436617,0.28250000681728127,0.0003,568.4211318969726
,12240,,2,306,94.00960994000003,5677,4.63,,,,,,,,,,,
5.0,12280,119.58189010620117,,,,,,215.81964111328125,-0.023623870055016594,3060,0.2,-2.474351164698601,0.3435482382774353,0.6209943890571594,0.028102651,0.23500000461935996,0.0003,759.9748567581177
,12280,,2,307,94.97784392000001,5692,4.67,,,,,,,,,,,
5.0,12320,82.19624900817871,,,,,,103.22408294677734,-0.011646040669438662,3070,0.2,-2.4665073215961457,0.27724456787109375,0.6206878423690796,0.017035428,0.1375000024214387,0.0003,871.7683387756348
,12320,,2,308,97.98445695000001,5709,4.75,,,,,,,,,,,
5.0,12360,109.09890174865723,,,,,,285.96929931640625,0.012960527197064952,3080,0.2,-2.464265990257263,0.49153822660446167,0.6194236278533936,0.04359707,0.42500000819563866,0.0003,608.6564263343811
,12360,,2,309,97.44839826000002,5725,4.73,,,,,,,,,,,
5.0,12400,107.94900894165039,,,,,,194.66859436035156,-0.0016765327356188298,3090,0.2,-2.4586634665727614,0.41686010360717773,0.6193177700042725,0.018947208,0.2800000062212348,0.0003,609.5969605445862
,12400,,2,310,98.02015854999999,5742,4.74,,,,,,,,,,,
5.0,12440,94.512375831604,,,,,,304.64501953125,-0.030445177726214755,3100,0.2,-2.455292543768883,0.4773409366607666,0.6196073293685913,0.04603809,0.30500000678002837,0.0003,543.9041977882385
,12440,,2,311,100.50152702999999,5758,4.81,,,,,,,,,,,
5.0,12480,120.16537094116211,,,,,,239.39834594726562,-0.0554642194241751,3110,0.2,-2.4520126283168793,0.4484790563583374,0.6197978258132935,0.08419348,0.5250000106170774,0.0003,542.6770986557007
,12480,,2,312,99.68822645999998,5775,4.76,,,,,,,,,,,
5.0,12520,106.35221481323242,,,,,,1604.2742919921875,-0.009994294158095728,3120,0.2,-2.4465247064828874,0.2329128384590149,0.6185550093650818,0.019122612,0.23750000521540643,0.0003,1032.919054222107
,12520,,2,313,100.7606162,5791,4.78,,,,,,,,,,,
5.0,12560,120.54455757141113,,,,,,1217.890625,-0.007602126429696909,3130,0.2,-2.4416470170021056,0.12538886070251465,0.6195821762084961,0.039111413,0.4200000077486038,0.0003,847.4271236419678
,12560,,2,314,99.9685004,5807,4.75,,,,,,,,,,,
5.0,12600,110.98578834533691,,,,,,370.9136047363281,-0.009391423692522948,3140,0.2,-2.4454430431127547,0.2534610629081726,0.6208012104034424,0.07673167,0.4625000098720193,0.0003,862.8944650650025
,12600,,2,315,98.2904931,5825,4.73,,,,,,,,,,,
5.0,12640,118.64740943908691,,,,,,334.98272705078125,-0.04013713514985284,3150,0.2,-2.4443283677101135,0.4366830587387085,0.6211516857147217,0.030155186,0.5075000118464231,0.0003,739.1907329559326
,12640,,2,316,97.94644767,5841,4.74,,,,,,,,,,,
5.0,12680,98.12804126739502,,,,,,109.89503479003906,-0.03605127001879736,3160,0.2,-2.4474064975976946,0.486588716506958,0.6227347254753113,0.07617195,0.5750000106170774,0.0003,565.1152084350585
,12680,,2,317,93.94555286,5858,4.64,,,,,,,,,,,
5.0,12720,108.522141456604,,,,,,105.6608657836914,-0.038376192015493873,3170,0.2,-2.447449693083763,0.024634599685668945,0.6215872764587402,0.02946986,0.3775000087916851,0.0003,1058.7674543380738
,12720,,2,318,94.32312861,5874,4.63,,,,,,,,,,,
5.0,12760,106.67516899108887,,,,,,676.7212524414062,-0.011166411396116016,3180,0.2,-2.4415310442447664,0.2688826322555542,0.6205117702484131,0.021031616,0.23750000577419997,0.0003,758.6906851768493
,12760,,2,319,94.27735290999999,5891,4.63,,,,,,,,,,,
5.0,12800,107.60346412658691,,,,,,150.7832489013672,-0.016242918366187954,3190,0.2,-2.438685742020607,0.37073594331741333,0.6190841794013977,0.032258175,0.4000000091269612,0.0003,709.3780136108398
,12800,,2,320,93.67007403000001,5908,4.61,,,,,,,,,,,
5.0,12840,102.19467163085938,,,,,,245.4747772216797,-0.008880344454519217,3200,0.2,-2.434545674920082,0.2941622734069824,0.6186981201171875,0.03752901,0.31000000741332767,0.0003,664.0710198402405
,12840,,2,321,90.40132731999998,5925,4.5,,,,,,,,,,,
5.0,12880,94.7021017074585,,,,,,850.4126586914062,-0.026357912526509607,3210,0.2,-2.4317579716444016,0.10718798637390137,0.617766797542572,0.039067626,0.3175000067800283,0.0003,1260.6254146575927
,12880,,2,322,88.84875662999998,5941,4.46,,,,,,,,,,,
5.0,12920,94.67807006835938,,,,,,903.7200927734375,-0.011694694182369857,3220,0.2,-2.428175413608551,0.29619795083999634,0.6176722049713135,0.013770377,0.18250000346451997,0.0003,800.6288900375366
,12920,,2,323,90.71179161999999,5957,4.53,,,,,,,,,,,
5.0,12960,108.301100730896,,,,,,317.6657409667969,-0.03926507059572032,3230,0.2,-2.4233519703149797,0.40156668424606323,0.6156319975852966,0.0228334,0.3750000076368451,0.0003,634.1812860488892
,12960,,2,324,88.94398921000001,5974,4.46,,,,,,,,,,,
5.0,13000,116.00644874572754,,,,,,366.2632141113281,-0.01722713960363762,3240,0.2,-2.4190210044384,0.03371912240982056,0.6157856583595276,0.030641835,0.3075000079348683,0.0003,1175.281060218811
,13000,,2,325,89.36762660000002,5991,4.48,,,,,,,,,,,
5.0,13040,102.01002407073975,,,,,,357.4438171386719,0.017250249424250796,3250,0.2,-2.4219208478927614,0.3214476704597473,0.6161286234855652,0.14667457,0.4075000086799264,0.0003,699.3864629745483
,13040,,2,326,89.83907767999999,6007,4.46,,,,,,,,,,,
5.0,13080,119.36753463745117,,,,,,215.607421875,0.0001884679842623971,3260,0.2,-2.4150646209716795,0.23768508434295654,0.6145802140235901,0.02316796,0.33250000756233933,0.0003,760.8523628234864
,13080,,2,327,89.85110912999998,6022,4.42,,,,,,,,,,,
5.0,13120,109.93157005310059,,,,,,308.2418518066406,-0.010405837632570147,3270,0.2,-2.4039121568202972,0.26046472787857056,0.6124489307403564,0.020671345,0.2100000038743019,0.0003,884.3121836423874
,13120,,2,328,90.01702374999999,6041,4.41,,,,,,,,,,,
5.0,13160,120.73728942871094,,,,,,440.95501708984375,-0.04031205816587313,3280,0.2,-2.3982982724905013,0.09926044940948486,0.612643301486969,0.022465598,0.3525000078603625,0.0003,1277.0413944244385
,13160,,2,329,91.2660143,6057,4.44,,,,,,,,,,,
5.0,13200,111.80613136291504,,,,,,34.354339599609375,-0.032028427674740456,3290,0.2,-2.3935709416866304,0.556989461183548,0.611018717288971,0.020371933,0.4075000090524554,0.0003,511.6327586174011
,13200,,2,330,88.95936794,6074,4.37,,,,,,,,,,,
5.0,13240,95.67173194885254,,,,,,675.2335205078125,-0.06348474852653455,3300,0.2,-2.3893178164958955,0.14655184745788574,0.6113028526306152,0.050853163,0.45250001084059477,0.0003,1352.7149675369262
,13240,,2,331,89.110539,6093,4.39,,,,,,,,,,,
5.0,13280,120.17714881896973,,,,,,260.1770935058594,0.08477946765095112,3310,0.2,-2.384179124236107,0.37918901443481445,0.6088865995407104,0.20350857,0.5475000081583857,0.0003,724.7106977462769
,13280,,2,332,90.89377459,6108,4.47,,,,,,,,,,,
5.0,13320,112.11368370056152,,,,,,551.3623657226562,-0.013080950501389443,3320,0.2,-2.3767523586750032,0.37288999557495117,0.6090957522392273,0.028539296,0.28500000666826963,0.0003,708.6328924179077
,13320,,2,333,89.33063807,6127,4.43,,,,,,,,,,,
5.0,13360,111.24416542053223,,,,,,399.3122253417969,-0.015093331479292793,3330,0.2,-2.3775724858045577,0.27863311767578125,0.6093724370002747,0.023850631,0.4325000109151006,0.0003,1065.7906241416931
,13360,,2,334,89.39449076999998,6144,4.44,,,,,,,,,,,
5.0,13400,113.04732418060303,,,,,,259.0801696777344,-0.002415098752135236,3340,0.2,-2.373996305465698,0.47031134366989136,0.6085259914398193,0.13246255,0.6050000118091703,0.0003,539.5309670448303
,13400,,2,335,89.95011430999999,6160,4.45,,,,,,,,,,,
5.0,13440,117.04758644104004,,,,,,308.1696472167969,0.01819710692368979,3350,0.2,-2.3657580465078354,0.3220137357711792,0.6058117747306824,0.1790775,0.4825000070035458,0.0003,663.3190677642822
,13440,,2,336,91.40761729999998,6175,4.51,,,,,,,,,,,
5.0,13480,111.7805061340332,,,,,,160.09979248046875,-0.012007021906902083,3360,0.2,-2.356518033146858,0.5241125524044037,0.6041797995567322,0.026241839,0.24500000514090062,0.0003,487.67652320861816
,13480,,2,337,93.47567207999998,6190,4.56,,,,,,,,,,,
4.0,13520,66.9576301574707,,,,,,87.13330078125,0.004597672788659102,3370,0.2,-2.3449002653360367,0.48563915491104126,0.6012880206108093,0.028180715,0.32500000577419996,0.0003,530.71663980484
,13520,,2,338,92.94008273000001,6207,4.54,,,,,,,,,,,
5.0,13560,101.45205879211426,,,,,,337.7433776855469,-0.014370487996784509,3380,0.2,-2.3338456988334655,0.40715551376342773,0.6017248034477234,0.008472513,0.32500000651925803,0.0003,767.8663018703461
,13560,,2,339,95.25652229,6223,4.61,,,,,,,,,,,
5.0,13600,110.08324813842773,,,,,,242.92633056640625,-0.0006108588652568913,3390,0.2,-2.3332582265138626,0.2862432599067688,0.5992194414138794,0.051507257,0.4775000102818012,0.0003,779.0462634086609
,13600,,2,340,96.44243622999998,6239,4.66,,,,,,,,,,,
5.0,13640,110.555251121521,,,,,,103.19274139404297,-0.029895684233279107,3400,0.2,-2.321148520708084,0.5559239685535431,0.5956624746322632,0.014555484,0.38500000797212125,0.0003,441.36343107223513
,13640,,2,341,95.29518021999998,6256,4.63,,,,,,,,,,,
4.0,13680,53.65521717071533,,,,,,179.36929321289062,-0.03097039464788396,3410,0.2,-2.3114021748304365,0.24092203378677368,0.5952194333076477,0.035475813,0.43250000923871995,0.0003,1021.5902704238891
,13680,,2,342,97.08974954999998,6275,4.68,,,,,,,,,,,
5.0,13720,110.58448219299316,,,,,,786.5568237304688,0.04026711306301878,3420,0.2,-2.3075018167495727,0.28889000415802,0.5943125486373901,0.009091018,0.3300000077113509,0.0003,937.9829548835754
,13720,,2,343,97.64476267000002,6290,4.68,,,,,,,,,,,
5.0,13760,123.05880737304688,,,,,,288.4386901855469,-0.023734449774201492,3430,0.2,-2.3021383464336393,0.39532405138015747,0.5936605930328369,0.044279955,0.3525000086054206,0.0003,696.4420141220093
,13760,,2,344,98.50871268000003,6305,4.71,,,,,,,,,,,
5.0,13800,102.80825233459473,,,,,,147.72393798828125,-0.03549124393157399,3440,0.2,-2.2990955382585527,0.5141902565956116,0.5932563543319702,0.085117936,0.42250001039355994,0.0003,479.21727619171145
,13800,,2,345,101.60306551,6320,4.79,,,,,,,,,,,
5.0,13840,96.03150463104248,,,,,,112.94884490966797,0.00407975256362989,3450,0.2,-2.2988465547561647,0.5665038228034973,0.5944905877113342,0.07576755,0.2750000052154064,0.0003,437.3138312101364
,13840,,2,346,102.57848713999998,6336,4.8,,,,,,,,,,,
5.0,13880,120.73168563842773,,,,,,204.22503662109375,-0.0037532816850580296,3460,0.2,-2.30230527818203,0.5136149525642395,0.5945017337799072,0.1468436,0.4600000085309148,0.0003,430.5713857412338
,13880,,2,347,101.39289156,6351,4.78,,,,,,,,,,,
5.0,13920,102.30605506896973,,,,,,771.5090942382812,0.006450527799024708,3470,0.2,-2.30428187251091,0.15930968523025513,0.5967535972595215,0.021868646,0.3200000060722232,0.0003,1191.1201332092285
,13920,,2,348,101.55853445000001,6367,4.77,,,,,,,,,,,
5.0,13960,89.29257583618164,,,,,,529.0709228515625,-0.0016038844865397528,3480,0.2,-2.3058517575263977,0.350649356842041,0.5951152443885803,0.07034692,0.36750000771135094,0.0003,777.5714963197709
,13960,,2,349,100.33705299000002,6383,4.75,,,,,,,,,,,
5.0,14000,122.55609130859375,,,,,,52.46080780029297,0.014079641498101392,3490,0.2,-2.3081576764583587,0.4219939708709717,0.5979171991348267,0.019015279,0.5050000110641122,0.0003,656.5701852798462
,14000,,2,350,100.15413744000001,6400,4.74,,,,,,,,,,,
3.0,14040,39.67412567138672,,,,,,238.5587921142578,-0.029223002703511157,3500,0.2,-2.314045140147209,0.3681885600090027,0.5992001295089722,0.119823284,0.4475000109523535,0.0003,672.9952501296997
,14040,,2,351,99.88981796999998,6415,4.74,,,,,,,,,,,
5.0,14080,117.65303421020508,,,,,,353.8171691894531,-0.03230567635275292,3510,0.2,-2.3165862798690795,0.27142441272735596,0.59856116771698,0.057899266,0.4675000121816993,0.0003,927.686758518219
,14080,,2,352,99.63918887000001,6430,4.73,,,,,,,,,,,
5.0,14120,124.04487037658691,,,,,,257.88897705078125,-0.03452618998140679,3520,0.2,-2.313743609189987,0.5063109397888184,0.6008784174919128,0.06299357,0.4100000087171793,0.0003,495.4613995552063
,14120,,2,353,98.94610947,6447,4.72,,,,,,,,,,,
5.0,14160,111.57125091552734,,,,,,327.2851867675781,-0.005230385285121919,3530,0.2,-2.317967268824577,0.16576439142227173,0.6015125513076782,0.027904527,0.3125000076368451,0.0003,1114.3416688919067
,14160,,2,354,99.44729652,6463,4.73,,,,,,,,,,,
5.0,14200,111.56279373168945,,,,,,108.15432739257812,0.003033436554687796,3540,0.2,-2.3216468662023546,0.4468994736671448,0.6027554869651794,0.054479674,0.3000000067055225,0.0003,619.9743069648742
,14200,,2,355,99.48431409999999,6480,4.72,,,,,,,,,,,
5.0,14240,110.03022766113281,,,,,,505.27642822265625,0.0004390729416627437,3550,0.2,-2.3256199091672896,0.4805348515510559,0.6030435562133789,0.013278512,0.40250000897794963,0.0003,548.0043669223785
,14240,,2,356,97.99098723000003,6495,4.69,,,,,,,,,,,
5.0,14280,86.12693786621094,,,,,,333.02703857421875,0.0004654979635233758,3560,0.2,-2.3239092767238616,0.3048979640007019,0.6024437546730042,0.026846102,0.2525000056251884,0.0003,792.3622623443604
,14280,,2,357,96.70500940999999,6511,4.69,,,,,,,,,,,
5.0,14320,102.06225967407227,,,,,,196.15673828125,-0.0463509487878764,3570,0.2,-2.3228857427835465,0.4471626877784729,0.6026214957237244,0.027123265,0.49000001084059475,0.0003,588.2133253097534
,14320,,2,358,96.05408182,6526,4.69,,,,,,,,,,,
5.0,14360,102.4256763458252,,,,,,227.88870239257812,-0.027270971844263837,3580,0.2,-2.3241631597280503,0.42854106426239014,0.6033378839492798,0.039693423,0.4425000097602606,0.0003,642.5800553321839
,14360,,2,359,97.26771641,6542,4.74,,,,,,,,,,,
5.0,14400,114.55636978149414,,,,,,157.75892639160156,-0.01693767208809731,3590,0.2,-2.320507121086121,0.44179320335388184,0.6014337539672852,0.075020455,0.37750000711530446,0.0003,541.669237613678
,14400,,2,360,98.44976981000002,6557,4.77,,,,,,,,,,,
5.0,14440,109.58120155334473,,,,,,334.98028564453125,0.02356569411495002,3600,0.2,-2.314401298761368,0.4123372435569763,0.6007676124572754,0.18482545,0.5925000108778476,0.0003,538.3481360435486
,14440,,2,361,99.71430692,6573,4.79,,,,,,,,,,,
5.0,14480,108.0506649017334,,,,,,340.31024169921875,-0.04191328591201454,3610,0.2,-2.3147181421518326,0.4643307328224182,0.601008951663971,0.026770752,0.37000000905245545,0.0003,496.68462390899657
,14480,,2,362,99.02796106000001,6590,4.8,,,,,,,,,,,
5.0,14520,111.90881156921387,,,,,,41.782257080078125,-0.003518310719227902,3620,0.2,-2.3218634516000747,0.41875559091567993,0.6031776666641235,0.050861876,0.45750001147389413,0.0003,663.3044062614441
,14520,,2,363,99.23169941999998,6606,4.81,,,,,,,,,,,
4.0,14560,17.655731678009033,,,,,,144.5901336669922,-0.014537129772652401,3630,0.2,-2.323285883665085,0.4803900718688965,0.6025847792625427,0.2017409,0.3225000064820051,0.0003,464.6228322982788
,14560,,2,364,97.13994826,6623,4.8,,,,,,,,,,,
5.0,14600,98.77583026885986,,,,,,399.1080627441406,-0.010231003045337283,3640,0.2,-2.31596819460392,0.34209126234054565,0.600566029548645,0.068975545,0.3600000085309148,0.0003,888.3958248138428
,14600,,2,365,99.26793836,6639,4.87,,,,,,,,,,,
5.0,14640,87.70437526702881,,,,,,292.07452392578125,-0.04117112880921923,3650,0.2,-2.311533710360527,0.48132210969924927,0.6020480394363403,0.019693214,0.4400000099092722,0.0003,617.6526350021362
,14640,,2,366,97.74678807999999,6654,4.87,,,,,,,,,,,
5.0,14680,67.6358585357666,,,,,,110.5290298461914,0.008367948367231292,3660,0.2,-2.3172691375017167,0.4994699954986572,0.6017104983329773,0.119817406,0.3925000099465251,0.0003,361.25831656455995
,14680,,2,367,96.57127100999998,6670,4.89,,,,,,,,,,,
4.0,14720,56.50771903991699,,,,,,52.55032730102539,-0.04026920518401311,3670,0.2,-2.305566519498825,0.5014737248420715,0.5983226299285889,0.045038335,0.31000000741332767,0.0003,355.15816779136657
,14720,,2,368,94.51334436000003,6687,4.86,,,,,,,,,,,
5.0,14760,110.0505428314209,,,,,,321.2771301269531,-0.02891864846635144,3680,0.2,-2.2928221374750137,0.3256303071975708,0.59735506772995,0.052102014,0.46750001013278963,0.0003,632.6881464004516
,14760,,2,369,94.41004544000002,6702,4.83,,,,,,,,,,,
5.0,14800,105.77950477600098,,,,,,130.82908630371094,0.002914275656366949,3690,0.2,-2.2888605803251267,0.3489914536476135,0.5964083075523376,0.05005916,0.26750000528991225,0.0003,693.3510478973388
,14800,,2,370,95.20100747000001,6717,4.83,,,,,,,,,,,
5.0,14840,109.16619110107422,,,,,,481.5274658203125,0.028787680972091036,3700,0.2,-2.2853271812200546,0.38765692710876465,0.5966538190841675,0.20139018,0.4000000078231096,0.0003,530.8793752670288
,14840,,2,371,95.47454900000001,6732,4.84,,,,,,,,,,,
5.0,14880,104.9326400756836,,,,,,295.26593017578125,0.005304917442117585,3710,0.2,-2.278123661875725,0.40791672468185425,0.5957655310630798,0.024256399,0.33250000681728126,0.0003,582.5983889579772
,14880,,2,372,95.87743840000002,6747,4.84,,,,,,,,,,,
5.0,14920,95.70817184448242,,,,,,237.39425659179688,0.0013286843608511846,3720,0.2,-2.2766888320446013,0.4428333044052124,0.5966601371765137,0.007503811,0.352500007301569,0.0003,522.1414896965027
,14920,,2,373,95.80485504999999,6762,4.84,,,,,,,,,,,
5.0,14960,105.92341423034668,,,,,,266.4979248046875,-0.0017761777265332013,3730,0.2,-2.2742398172616958,0.4369352459907532,0.5920798778533936,0.02453799,0.4350000085309148,0.0003,502.6846308708191
,14960,,2,374,95.85165523000002,6778,4.83,,,,,,,,,,,
5.0,15000,103.2579345703125,,,,,,450.93707275390625,-0.015370720796781834,3740,0.2,-2.2661758989095686,0.35317009687423706,0.5900329351425171,0.059983432,0.35500000733882187,0.0003,717.3995886802674
,15000,,2,375,96.17613515000001,6793,4.83,,,,,,,,,,,
5.0,15040,121.69803619384766,,,,,,459.50128173828125,-0.012237975424941405,3750,0.2,-2.260801562666893,0.40492749214172363,0.5896399617195129,0.018734258,0.2625000044703484,0.0003,606.3939044952392
,15040,,2,376,98.02552147,6808,4.86,,,,,,,,,,,
5.0,15080,110.46506118774414,,,,,,173.82630920410156,-0.009312921006930996,3760,0.2,-2.2629315882921217,0.3962228298187256,0.5883982181549072,0.025494132,0.43000000938773153,0.0003,658.9597936630249
,15080,,2,377,100.25406625,6824,4.88,,,,,,,,,,,
5.0,15120,94.13063621520996,,,,,,215.0234375,-0.012626576331895189,3770,0.2,-2.25821867287159,0.4664343595504761,0.5870950222015381,0.02955549,0.3700000077486038,0.0003,595.0725493907928
,15120,,2,378,101.35359251000001,6839,4.88,,,,,,,,,,,
5.0,15160,113.31675910949707,,,,,,272.10601806640625,-0.013027103566200826,3780,0.2,-2.256082275509834,0.4774264097213745,0.5879760980606079,0.024468808,0.26250000558793546,0.0003,542.7591621398926
,15160,,2,379,101.51937927,6855,4.84,,,,,,,,,,,
4.0,15200,58.983327865600586,,,,,,268.47100830078125,-0.010955247036799842,3790,0.2,-2.25266537964344,0.17651623487472534,0.5871714353561401,0.028472252,0.2650000048801303,0.0003,912.5879179000855
,15200,,2,380,103.21614993000001,6870,4.87,,,,,,,,,,,
5.0,15240,101.19353675842285,,,,,,239.31410217285156,-0.014074088681954889,3800,0.2,-2.244124799966812,0.356515109539032,0.5861691236495972,0.06291988,0.2700000062584877,0.0003,681.6729239940644
,15240,,2,381,102.58406721,6886,4.86,,,,,,,,,,,
5.0,15280,112.02968406677246,,,,,,652.675537109375,-0.013531117243328472,3810,0.2,-2.2431802302598953,0.2436990737915039,0.5877025127410889,0.34753916,0.5125000083819031,0.0003,775.5056708335876
,15280,,2,382,101.82655690999998,6902,4.86,,,,,,,,,,,
5.0,15320,93.18817520141602,,,,,,292.04791259765625,0.0224431684159208,3820,0.2,-2.2436187326908112,0.4578416347503662,0.587611198425293,0.11075775,0.4050000080838799,0.0003,470.2479153633118
,15320,,2,383,99.48557653000003,6918,4.79,,,,,,,,,,,
5.0,15360,109.96894454956055,,,,,,981.7415771484375,0.0012000435002119225,3830,0.2,-2.241357108950615,0.08003228902816772,0.5894689559936523,0.0887312,0.47250001057982444,0.0003,907.7007767677308
,15360,,2,384,97.30996256,6934,4.75,,,,,,,,,,,
5.0,15400,104.1602954864502,,,,,,227.15805053710938,-0.013000370702211517,3840,0.2,-2.2444042563438416,0.1961507797241211,0.5887949466705322,0.20279992,0.5375000093132257,0.0003,688.723316001892
,15400,,2,385,97.74118807,6949,4.78,,,,,,,,,,,
5.0,15440,104.38371086120605,,,,,,378.8648986816406,0.03188434891169889,3850,0.2,-2.242193704843521,0.3789282441139221,0.587722659111023,0.111975804,0.4425000105053186,0.0003,515.2145773887635
,15440,,2,386,95.59368601,6964,4.73,,,,,,,,,,,
5.0,15480,92.63034248352051,,,,,,106.73094940185547,-0.014793309308734015,3860,0.2,-2.238600054383278,0.19330424070358276,0.5872921943664551,0.11775305,0.5250000113621354,0.0003,771.8866894721984
,15480,,2,387,92.92831874999997,6979,4.68,,,,,,,,,,,
5.0,15520,94.81813907623291,,,,,,558.6136474609375,0.030865481038345032,3870,0.2,-2.235185515880585,0.13966351747512817,0.5863330960273743,0.08049605,0.4700000088661909,0.0003,779.4787262439728
,15520,,2,388,92.07043022000002,6994,4.68,,,,,,,,,,,
5.0,15560,76.52995538711548,,,,,,167.0458984375,0.016272658636444247,3880,0.2,-2.2347518026828768,0.4034336805343628,0.586432158946991,0.101580285,0.510000011511147,0.0003,421.49833636283876
,15560,,2,389,90.00892764999998,7009,4.68,,,,,,,,,,,
5.0,15600,101.65320587158203,,,,,,12.501588821411133,0.053978276593552435,3890,0.2,-2.2527965545654296,0.43495815992355347,0.588132381439209,0.27117965,0.7200000122189522,0.0003,370.99258642196656
,15600,,2,390,88.51895332,7025,4.67,,,,,,,,,,,
5.0,15640,98.41131114959717,,,,,,339.49053955078125,-0.014042875725062909,3900,0.2,-2.2605222910642624,0.3719778060913086,0.5881878137588501,0.027037032,0.3900000086054206,0.0003,532.0452679634094
,15640,,2,391,89.27799653000002,7041,4.72,,,,,,,,,,,
5.0,15680,94.27525806427002,,,,,,156.09153747558594,-0.014111700916328119,3910,0.2,-2.2615067780017855,0.4955468773841858,0.5888220071792603,0.034458216,0.2100000051781535,0.0003,388.9760904669762
,15680,,2,392,89.0046395,7056,4.73,,,,,,,,,,,
5.0,15720,79.01514077186584,,,,,,329.8357849121094,-0.017778216938022506,3920,0.2,-2.2626459926366804,0.467631995677948,0.5902474522590637,0.015247926,0.3700000088661909,0.0003,361.6096520423889
,15720,,2,393,90.03575679,7071,4.78,,,,,,,,,,,
5.0,15760,110.20274543762207,,,,,,204.1990966796875,0.002536677453026637,3930,0.2,-2.2694385647773743,0.5038818120956421,0.5918265581130981,0.034976486,0.5000000106170773,0.0003,342.9815013885498
,15760,,2,394,90.43198418000001,7087,4.78,,,,,,,,,,,
5.0,15800,69.0777735710144,,,,,,156.0150146484375,-0.03512645379982131,3940,0.2,-2.2751270085573196,0.4624633193016052,0.591942548751831,0.027772058,0.3375000078231096,0.0003,426.2444990158081
,15800,,2,395,90.84316330999997,7102,4.82,,,,,,,,,,,
5.0,15840,107.75126075744629,,,,,,266.0126953125,-0.007945740745926777,3950,0.2,-2.272723117470741,0.42074745893478394,0.5898313522338867,0.19246459,0.2825000060722232,0.0003,413.29890327453614
,15840,,2,396,91.96146080000003,7118,4.85,,,,,,,,,,,
5.0,15880,98.21380043029785,,,,,,141.37091064453125,-0.015192487698805057,3960,0.2,-2.273424783349037,0.4706909656524658,0.5914249420166016,0.017823987,0.5225000083446503,0.0003,453.9416778564453
,15880,,2,397,91.55945089999999,7132,4.89,,,,,,,,,,,
5.0,15920,74.45310592651367,,,,,,93.4709701538086,0.031246775638646796,3970,0.2,-2.275882196426392,0.47401106357574463,0.5903210639953613,0.10953266,0.5300000086426735,0.0003,421.71165523529055
,15920,,2,398,92.02331579,7147,4.92,,,,,,,,,,,
5.0,15960,109.67115783691406,,,,,,174.12069702148438,0.029501398078282382,3980,0.2,-2.272002512216568,0.33706730604171753,0.5897482633590698,0.3507045,0.43500000797212124,0.0003,543.0811237692833
,15960,,2,399,93.97116739,7162,4.97,,,,,,,,,,,
5.0,16000,112.62181091308594,,,,,,353.7757873535156,-0.01260186396531946,3990,0.2,-2.2690563023090364,0.41318362951278687,0.5888015031814575,0.020711422,0.24750000517815351,0.0003,608.5330904006958
,16000,,2,400,93.28752249000001,7177,4.94,,,,,,,,,,,
